日期,开盘,最高,最低,收盘,成交量,股票代码,成交额
2015-09-02,8.31,9.28,8.22,9.22,19666099,,174420032.0
2015-09-07,9.1,9.53,9.01,9.19,15676223,,145533824.0
2015-09-08,9.03,9.53,8.81,9.51,10988743,,101397800.0
2015-09-09,9.51,9.9,9.45,9.76,15294612,,148298304.0
2015-09-10,9.59,9.79,9.3,9.37,10281761,,98025640.0
2015-09-11,9.35,9.57,9.23,9.46,6395162,,60275600.0
2015-09-14,9.54,9.57,8.51,8.51,11704335,,103713888.0
2015-09-15,8.4,8.53,7.76,7.8,10729239,,87383784.0
2015-09-16,7.81,8.58,7.81,8.56,10473694,,85882760.0
2015-09-17,8.41,8.8,8.3,8.3,10787251,,92151176.0
2015-09-18,8.4,8.51,8.3,8.4,6551683,,55115468.0
2015-09-21,8.31,8.73,8.3,8.65,7628844,,65044492.0
2015-09-22,8.7,9.09,8.65,8.89,13485528,,120391768.0
2015-09-23,8.66,8.82,8.53,8.56,8127989,,70371240.0
2015-09-24,8.62,8.84,8.62,8.74,6419711,,56075572.0
2015-09-25,8.7,8.9,8.25,8.34,7178228,,61630388.0
2015-09-28,8.36,8.48,8.26,8.43,5150920,,43284056.0
2015-09-29,8.27,8.37,8.05,8.13,7957161,,65175736.0
2015-09-30,8.2,8.3,8.09,8.15,7307045,,59773220.0
2015-10-08,8.48,8.97,8.34,8.97,18754507,,163542896.0
2015-10-09,9.0,9.17,8.9,9.05,22951007,,206794592.0
2015-10-12,9.16,9.57,9.06,9.4,21454116,,200487568.0
2015-10-13,9.26,9.57,9.22,9.4,15264643,,143420848.0
2015-10-14,9.32,9.43,9.22,9.24,11348574,,105568280.0
2015-10-15,9.26,9.57,9.25,9.55,15672641,,148124176.0
2015-10-16,9.6,10.5,9.45,10.3,30719190,,305294784.0
2015-10-19,10.25,10.76,10.02,10.32,26983923,,278884480.0
2015-10-20,10.3,10.34,10.08,10.32,14669856,,149770256.0
2015-10-21,10.35,10.37,9.29,9.29,20568894,,202624176.0
2015-10-22,9.29,9.75,9.19,9.69,13781115,,130956752.0
2015-10-23,9.65,10.08,9.62,9.98,14619699,,143843376.0
2015-10-26,10.16,10.47,9.95,10.07,18718068,,190872192.0
2015-10-27,10.0,10.08,9.56,10.0,14180879,,139976688.0
2015-10-28,9.92,10.17,9.71,9.77,12462787,,124134456.0
2015-10-29,9.82,10.2,9.82,10.06,15397897,,154923472.0
2015-10-30,10.08,10.38,9.8,10.13,18968615,,192368640.0
2015-11-02,9.98,10.39,9.7,10.07,18643882,,189217168.0
2015-11-03,10.07,10.28,9.89,10.18,14191272,,143071584.0
2015-11-04,10.13,11.2,10.13,11.2,40239117,,434719168.0
2015-11-05,11.33,12.12,11.18,11.56,77302949,,901120576.0
2015-11-06,11.32,12.3,11.24,12.04,59470986,,697854656.0
2015-11-09,11.78,12.5,11.66,11.68,56751551,,679635840.0
2015-11-10,11.6,12.4,11.31,11.31,52196036,,613562688.0
2015-11-11,11.44,11.75,11.2,11.66,35101857,,401880864.0
2015-11-12,11.5,12.23,11.41,11.67,57041928,,667200704.0
2015-11-13,11.44,11.83,11.26,11.55,37766072,,435471744.0
2015-11-16,11.21,11.64,11.21,11.59,23415204,,267685712.0
2015-11-17,11.72,12.29,11.48,11.54,53943381,,642921664.0
2015-11-18,11.51,11.87,11.21,11.27,30431044,,351725696.0
2015-11-19,11.35,12.08,11.28,11.98,42229087,,494905920.0
2015-11-20,11.98,12.15,11.63,12.15,39665144,,471635264.0
2015-11-23,12.15,12.8,12.03,12.55,64030848,,795924544.0
2015-11-24,12.54,12.8,12.2,12.79,41891468,,522977728.0
2015-11-25,12.7,12.9,12.5,12.65,29267336,,371059456.0
2015-11-26,12.65,13.01,12.16,12.2,41313382,,519695648.0
2015-11-27,12.18,12.18,10.98,11.23,28319865,,333692544.0
2015-11-30,11.34,11.47,10.18,11.14,27398103,,300738944.0
2015-12-01,11.02,11.38,10.9,11.25,21027681,,233997136.0
2015-12-02,11.15,11.81,11.14,11.69,22897299,,263046880.0
2015-12-03,11.58,12.1,11.44,11.87,24806624,,292250016.0
2015-12-04,11.67,11.82,11.36,11.49,17796980,,206403888.0
2015-12-07,11.59,11.79,11.45,11.71,14957085,,173977344.0
2015-12-08,11.6,11.79,11.3,11.49,18190023,,209629328.0
2015-12-09,11.49,11.7,11.38,11.47,11191578,,129019704.0
2015-12-10,11.5,11.84,11.41,11.52,16184349,,188645344.0
2015-12-11,11.4,11.45,10.96,11.17,14594197,,163572400.0
2015-12-14,11.01,11.9,11.01,11.77,15928723,,183915248.0
2015-12-15,11.71,12.03,11.63,11.98,16351601,,194187168.0
2015-12-16,11.98,12.27,11.87,11.91,17471354,,210292288.0
2015-12-17,12.14,12.21,11.98,12.07,16371824,,198078928.0
2015-12-18,12.01,12.4,12.01,12.28,21988966,,268901056.0
2015-12-21,12.79,13.51,12.28,13.51,44034050,,573543552.0
2015-12-22,13.8,14.86,13.71,14.58,72392232,,1039624640.0
2015-12-23,14.37,15.4,14.29,14.78,47696059,,710572928.0
2015-12-24,14.8,15.15,14.2,15.04,28435963,,417406944.0
2015-12-25,14.81,16.5,14.76,16.25,39149900,,613271488.0
2015-12-28,16.18,16.94,15.59,15.8,37573394,,612444928.0
2015-12-29,15.55,16.5,15.4,16.1,27010803,,431845376.0
2015-12-30,15.83,15.99,15.3,15.32,29215934,,454573408.0
2015-12-31,15.35,15.49,14.85,15.12,22952666,,347248160.0
2016-01-04,15.0,15.08,13.68,13.96,17671766,,255711856.0
2016-01-05,13.45,14.85,13.39,14.65,36100244,,511367648.0
2016-01-06,14.5,15.25,14.02,15.1,27775825,,407396224.0
2016-01-07,14.72,14.78,13.59,13.59,5657600,,79390104.0
2016-01-08,14.0,14.39,12.57,13.87,22311804,,308319232.0
2016-01-11,13.26,14.8,13.11,13.79,33325431,,473776000.0
2016-01-12,13.61,15.17,13.61,14.88,39634716,,578431936.0
2016-01-13,14.9,15.2,13.82,13.9,39860067,,578598592.0
2016-01-14,13.16,14.4,13.01,14.34,23948365,,331793632.0
2016-01-15,14.2,14.35,13.01,13.33,16044704,,221916256.0
2016-01-18,13.33,13.82,12.3,13.65,23213882,,303314240.0
2016-01-19,13.38,14.23,13.15,13.89,18864789,,259814240.0
2016-01-20,13.97,14.05,12.91,13.0,21288501,,286252512.0
2016-01-21,12.57,13.28,12.0,12.0,14292226,,181004000.0
2016-01-22,12.24,12.43,11.34,11.78,14393019,,170125584.0
2016-01-25,11.9,12.34,11.77,12.32,11798789,,142911616.0
2016-01-26,12.1,13.1,11.72,11.9,25657248,,319821024.0
2016-01-27,12.01,12.2,10.72,11.88,18307508,,206490256.0
2016-01-28,11.51,12.21,11.1,11.21,15644009,,182241744.0
2016-01-29,11.2,11.74,11.1,11.54,15502415,,177757808.0
2016-02-01,11.34,11.55,10.39,10.39,23439573,,253691024.0
2016-02-02,10.29,10.68,10.08,10.57,23636721,,247206448.0
2016-02-03,10.26,10.38,9.94,10.24,16738209,,169718640.0
2016-02-04,10.34,10.7,10.27,10.63,20843665,,219340688.0
2016-02-05,10.67,10.69,10.18,10.2,13053431,,135391088.0
2016-02-15,9.75,10.06,9.65,9.91,10158177,,100090768.0
2016-02-16,10.03,10.57,9.97,10.45,18236090,,188147776.0
2016-02-17,10.4,11.18,10.36,11.03,26820026,,292198880.0
2016-02-18,10.95,11.18,10.72,10.82,17731595,,193531184.0
2016-02-19,10.72,11.04,10.72,10.9,10527613,,114502048.0
2016-02-22,11.16,11.59,10.92,11.36,19457198,,218814704.0
2016-02-23,11.3,11.66,11.25,11.51,20085593,,229967424.0
2016-02-24,11.4,11.68,11.05,11.3,14111665,,160219568.0
2016-02-25,11.25,11.4,10.17,10.21,18029887,,192941440.0
2016-02-26,10.8,11.23,10.4,10.99,42073700,,459604160.0
2016-02-29,10.7,10.8,9.89,10.1,28625815,,289791936.0
2016-03-01,10.15,10.67,9.88,10.47,19460899,,199716576.0
2016-03-02,10.4,11.18,10.25,11.06,29937843,,323542368.0
2016-03-03,11.06,11.29,10.9,10.96,27522358,,305727168.0
2016-03-04,10.93,11.22,10.71,10.97,25641530,,282093888.0
2016-03-07,11.07,11.33,11.01,11.21,20735865,,231993088.0
2016-03-08,11.16,11.24,10.45,11.01,19184155,,207899328.0
2016-03-09,10.7,10.87,10.53,10.62,13064549,,139923792.0
2016-03-10,10.69,10.81,10.3,10.37,13880816,,146401072.0
2016-03-11,10.22,10.61,10.11,10.43,11257293,,117062032.0
2016-03-14,10.61,11.16,10.58,10.94,22687407,,247908576.0
2016-03-15,10.86,11.08,10.81,10.95,15647276,,171347664.0
2016-03-16,10.99,11.05,10.63,10.73,13064694,,141653104.0
2016-03-17,10.93,11.36,10.73,11.24,29833607,,330333664.0
2016-03-18,11.25,11.95,11.2,11.82,35208446,,407306784.0
2016-03-21,12.1,13.0,12.0,12.83,48473797,,612214144.0
2016-03-22,12.5,12.63,12.35,12.5,30040077,,375038368.0
2016-03-23,12.5,13.18,12.34,13.06,37347938,,472997696.0
2016-03-24,12.77,13.1,12.58,12.6,51219156,,654059328.0
2016-03-25,12.5,12.68,12.28,12.45,23881805,,297979360.0
2016-03-28,12.57,12.79,12.37,12.62,24342701,,306942656.0
2016-03-29,12.62,13.27,12.45,12.87,48300341,,618468928.0
2016-03-30,13.05,14.16,12.9,14.16,72183566,,976569856.0
2016-03-31,14.18,14.84,14.01,14.29,68063382,,975713408.0
2016-04-01,14.25,14.25,13.66,13.99,39498153,,549554432.0
2016-04-05,14.0,14.7,13.95,14.32,56270840,,804489984.0
2016-04-06,7.01,7.49,6.9,7.22,122043404,,887528640.0
2016-04-07,7.29,7.5,7.08,7.1,111818572,,815697344.0
2016-04-08,6.9,6.95,6.4,6.65,97527376,,649573056.0
2016-04-11,6.72,6.86,6.63,6.66,72243108,,485605792.0
2016-04-12,6.66,6.67,6.33,6.53,63595887,,410219104.0
2016-04-13,6.58,6.78,6.54,6.58,88059477,,586623808.0
2016-04-14,6.62,6.66,6.51,6.6,43424626,,285827616.0
2016-04-15,6.6,6.61,6.49,6.5,38251633,,250052384.0
2016-04-18,6.48,6.57,6.37,6.55,40322850,,262091872.0
2016-04-19,6.59,6.59,6.43,6.5,28100405,,182322976.0
2016-04-20,6.53,6.55,5.92,6.04,58896612,,363965760.0
2016-04-21,6.05,6.06,5.91,5.92,28730384,,172266768.0
2016-04-22,5.89,6.01,5.83,5.99,21254632,,126530920.0
2016-04-25,6.0,6.0,5.8,5.88,19933251,,117271392.0
2016-04-26,5.9,5.97,5.82,5.94,22326777,,131652616.0
2016-04-27,5.98,5.98,5.82,5.85,23191141,,137095344.0
2016-04-28,5.87,5.9,5.76,5.83,22367629,,130173064.0
2016-04-29,5.81,5.83,5.76,5.81,17104540,,99179720.0
2016-05-03,5.83,6.08,5.77,6.03,37651887,,225288368.0
2016-05-04,6.0,6.03,5.93,5.96,30431977,,182199184.0
2016-05-05,5.95,6.03,5.92,6.01,19759406,,118334288.0
2016-05-06,6.0,6.04,5.77,5.78,33603151,,198238240.0
2016-05-09,5.78,5.78,5.38,5.4,28800483,,159801440.0
2016-05-10,5.37,5.48,5.37,5.43,16350460,,88939104.0
2016-05-11,5.47,5.51,5.4,5.41,13892854,,75864440.0
2016-05-12,5.35,5.4,5.21,5.37,14582871,,77499224.0
2016-05-13,5.4,5.47,5.28,5.33,14227297,,76632888.0
2016-05-16,5.32,5.44,5.25,5.44,15581185,,83561336.0
2016-05-17,5.42,5.48,5.34,5.43,17645886,,95506800.0
2016-05-18,5.38,5.4,5.16,5.23,22830131,,120367904.0
2016-05-19,5.24,5.34,5.21,5.22,15562115,,82012504.0
2016-05-20,5.2,5.28,5.13,5.27,15147656,,79016496.0
2016-05-23,5.28,5.38,5.28,5.33,18755542,,100012720.0
2016-05-24,5.34,5.34,5.18,5.21,14192757,,74354544.0
2016-05-25,5.26,5.3,5.17,5.21,12427246,,65142872.0
2016-05-26,5.23,5.26,5.09,5.21,15216862,,78622288.0
2016-05-27,5.25,5.32,5.22,5.27,19424653,,102532112.0
2016-05-30,5.22,5.35,5.1,5.26,17615311,,92307040.0
2016-05-31,5.24,5.65,5.24,5.64,53420855,,296475328.0
2016-06-01,5.61,5.67,5.55,5.58,36604864,,205221088.0
2016-06-02,5.55,5.64,5.55,5.61,25251333,,141335792.0
2016-06-03,5.6,5.7,5.56,5.63,27150459,,152835904.0
2016-06-06,5.63,5.65,5.57,5.58,15352757,,86067728.0
2016-06-07,5.58,5.62,5.51,5.54,19786823,,109808512.0
2016-06-08,5.56,5.56,5.37,5.43,20454859,,111493080.0
2016-06-13,5.35,5.39,5.15,5.16,24871582,,131202200.0
2016-06-14,5.12,5.22,5.11,5.19,17530268,,90513856.0
2016-06-15,5.12,5.36,5.11,5.23,27528546,,144623968.0
2016-06-16,5.23,5.28,5.16,5.19,19739859,,102888760.0
2016-06-17,5.2,5.29,5.19,5.22,20583874,,107998760.0
2016-06-20,5.21,5.23,5.12,5.18,14241457,,73662072.0
2016-06-21,5.23,5.37,5.18,5.21,29580131,,155828112.0
2016-06-22,5.18,5.28,5.15,5.26,14623848,,76439416.0
2016-06-23,5.28,5.29,5.21,5.25,13348403,,69991744.0
2016-06-24,5.26,5.29,5.12,5.17,23174851,,120486800.0
2016-06-27,5.15,5.25,5.14,5.22,18794548,,97886544.0
2016-06-28,5.21,5.33,5.17,5.31,33551728,,176367552.0
2016-06-29,5.31,5.75,5.29,5.54,66851841,,370505280.0
2016-06-30,5.48,5.64,5.45,5.49,31633311,,174671296.0
2016-07-01,5.55,5.57,5.45,5.46,21307460,,117143800.0
2016-07-04,5.42,5.7,5.41,5.62,40183177,,224781168.0
2016-07-05,5.61,5.64,5.56,5.61,25377626,,142061088.0
2016-07-06,5.61,5.61,5.54,5.6,17107297,,95426680.0
2016-07-07,5.6,5.6,5.48,5.56,26295518,,145842096.0
2016-07-08,5.54,5.54,5.44,5.49,24709721,,135569680.0
2016-07-11,5.5,5.59,5.46,5.5,21660025,,119443912.0
2016-07-12,5.51,5.6,5.46,5.59,35712000,,197621344.0
2016-07-13,5.6,5.7,5.59,5.66,45688634,,258239408.0
2016-07-14,5.62,5.65,5.57,5.6,22417611,,125355872.0
2016-07-15,5.62,5.73,5.59,5.69,46957981,,266523424.0
2016-07-18,5.64,5.65,5.54,5.55,29958053,,167390416.0
2016-07-19,5.55,5.6,5.52,5.59,18891003,,105068832.0
2016-07-20,5.6,5.66,5.56,5.59,18871019,,105770576.0
2016-07-21,5.59,5.65,5.57,5.57,20808632,,116801720.0
2016-07-22,5.57,5.59,5.45,5.46,25453083,,140161872.0
2016-07-25,5.47,5.49,5.42,5.46,18698689,,101979904.0
2016-07-26,5.46,5.52,5.44,5.52,19362441,,106282752.0
2016-07-27,5.52,5.54,5.21,5.27,31592419,,169644576.0
2016-07-28,5.35,5.8,5.32,5.8,81635430,,466843552.0
2016-07-29,5.95,6.38,5.83,6.1,277154438,,1684189440.0
2016-08-01,5.99,6.47,5.94,6.19,208373131,,1303764096.0
2016-08-02,6.08,6.44,5.99,6.33,170728462,,1063452544.0
2016-08-03,6.26,6.46,6.16,6.31,139115359,,874416128.0
2016-08-04,6.27,6.85,6.18,6.74,216993708,,1420432768.0
2016-08-05,6.64,6.69,6.5,6.58,129107779,,849608960.0
2016-08-08,6.56,6.66,6.44,6.58,93996762,,614546624.0
2016-08-09,6.55,6.73,6.38,6.66,136427260,,894772800.0
2016-08-10,6.58,6.61,6.45,6.48,78837324,,514081696.0
2016-08-11,6.46,6.59,6.25,6.29,102096371,,655200768.0
2016-08-12,6.29,6.85,6.23,6.72,163506228,,1065407936.0
2016-08-15,6.63,7.05,6.58,6.81,200446155,,1362763392.0
2016-08-16,6.75,6.81,6.66,6.69,94002084,,632282752.0
2016-08-17,6.71,7.19,6.63,6.99,155085825,,1072235776.0
2016-08-18,6.9,7.17,6.8,6.88,118270495,,821741248.0
2016-08-19,6.82,6.93,6.69,6.76,78092172,,530602784.0
2016-08-22,6.75,6.8,6.53,6.54,65487444,,435398304.0
2016-08-23,6.57,6.67,6.47,6.63,49312033,,325432064.0
2016-08-24,6.64,6.65,6.44,6.49,45107600,,295892992.0
2016-08-25,6.42,6.44,6.28,6.37,52355869,,332849728.0
2016-08-26,6.38,6.43,6.27,6.29,35566501,,226368848.0
2016-08-29,6.28,6.41,6.27,6.39,30476398,,193875536.0
2016-08-30,6.41,6.47,6.36,6.37,32367102,,207416928.0
2016-08-31,6.35,6.46,6.3,6.4,35501655,,226468592.0
2016-09-01,6.4,6.42,6.29,6.3,37617739,,238322608.0
2016-09-02,6.25,6.37,6.15,6.23,38992052,,243744160.0
2016-09-05,6.23,6.35,6.23,6.25,26940889,,169430880.0
2016-09-06,6.26,6.35,6.13,6.35,39048052,,244407440.0
2016-09-07,6.35,6.43,6.28,6.29,41192061,,261984464.0
2016-09-08,6.27,6.4,6.25,6.32,26561164,,167926832.0
2016-09-09,6.32,6.34,6.16,6.16,29719400,,185524736.0
2016-09-12,6.03,6.03,5.85,5.91,37700447,,224354992.0
2016-09-13,5.91,5.95,5.86,5.93,16618079,,98225312.0
2016-09-14,5.89,5.94,5.82,5.84,18200321,,107011192.0
2016-09-19,5.85,5.95,5.85,5.94,15756843,,93221312.0
2016-09-20,5.94,5.97,5.9,5.92,11465600,,67926848.0
2016-09-21,5.92,6.0,5.9,5.97,19863206,,118406392.0
2016-09-22,6.0,6.11,5.98,6.06,27612089,,167369088.0
2016-09-23,6.04,6.1,5.99,6.0,16749909,,101161184.0
2016-09-26,6.03,6.03,5.8,5.83,17441880,,103610136.0
2016-09-27,5.83,5.94,5.8,5.93,17928011,,105081624.0
2016-09-28,5.95,6.52,5.9,6.42,137719466,,887592768.0
2016-09-29,6.3,6.46,6.26,6.45,88329734,,562992000.0
2016-09-30,6.38,6.61,6.36,6.5,85885495,,557148928.0
2016-10-10,6.51,6.66,6.42,6.64,89377373,,587231808.0
2016-10-11,6.98,7.29,6.85,7.15,205984102,,1463438208.0
2016-10-12,7.03,7.13,6.9,6.96,111238004,,777791616.0
2016-10-13,6.92,7.66,6.92,7.48,263860087,,1955796480.0
2017-01-18,6.73,6.73,6.73,6.73,12127200,,81616056.0
2017-01-19,6.17,6.3,6.06,6.06,240440202,,1468226304.0
2017-01-20,5.8,6.11,5.79,5.99,126753724,,751456960.0
2017-01-23,5.94,6.04,5.91,5.96,87121830,,518577088.0
2017-01-24,5.94,5.96,5.74,5.77,77155519,,450161568.0
2017-01-25,5.72,6.02,5.72,5.99,106879387,,630585728.0
2017-01-26,5.96,6.02,5.91,5.94,55702284,,331706336.0
2017-02-03,5.93,6.08,5.92,5.99,64641704,,388685312.0
2017-02-06,6.0,6.02,5.88,5.99,49417400,,293754752.0
2017-02-07,5.96,6.15,5.93,6.15,94544821,,572235904.0
2017-02-08,6.11,6.2,6.07,6.16,76395951,,468194976.0
2017-02-09,6.12,6.26,6.1,6.16,69294776,,427168576.0
2017-02-10,6.17,6.21,6.1,6.13,57650255,,353812736.0
2017-02-13,6.1,6.22,6.1,6.16,55126984,,339944000.0
2017-02-14,6.16,6.17,6.1,6.11,45665916,,279463456.0
2017-02-15,6.13,6.49,6.07,6.25,127119554,,795060928.0
2017-02-16,6.22,6.88,6.17,6.63,174629357,,1136886016.0
2017-02-17,6.55,6.75,6.46,6.47,129445379,,853099328.0
2017-02-23,6.39,6.39,6.16,6.19,117068624,,728397568.0
2017-02-24,6.18,6.26,6.12,6.23,54273043,,336152832.0
2017-02-27,6.2,6.25,6.13,6.14,40376468,,249860192.0
2017-02-28,6.17,6.45,6.15,6.36,78311625,,493171264.0
2017-03-01,6.32,6.41,6.31,6.35,61546738,,391279648.0
2017-03-02,6.36,6.66,6.34,6.44,105235853,,683249728.0
2017-03-03,6.38,6.8,6.37,6.64,136650745,,904017408.0
2017-03-06,6.6,6.73,6.55,6.63,79154294,,523786240.0
2017-03-07,6.6,6.64,6.47,6.5,63316012,,413018176.0
2017-03-08,6.5,6.63,6.45,6.53,50666114,,331254112.0
2017-03-09,6.51,6.52,6.33,6.38,51919913,,332572512.0
2017-03-10,6.39,6.62,6.37,6.58,87935633,,573750016.0
2017-03-13,6.55,6.64,6.46,6.63,63523143,,416858880.0
2017-03-14,6.62,6.7,6.53,6.56,63536122,,420347424.0
2017-03-15,6.52,6.53,6.44,6.48,44346423,,287064896.0
2017-03-16,6.52,6.79,6.5,6.74,105717308,,703475264.0
2017-03-17,6.66,6.72,6.54,6.54,76021561,,504682336.0
2017-03-20,6.53,6.72,6.51,6.7,65492667,,433484896.0
2017-03-21,6.68,6.76,6.62,6.7,56257002,,375468608.0
2017-03-22,6.65,6.67,6.52,6.58,59176978,,389857248.0
2017-03-23,6.58,6.64,6.25,6.42,87983886,,568130496.0
2017-03-24,6.37,6.48,6.29,6.4,55051035,,350294336.0
2017-03-27,6.39,6.5,6.36,6.42,41099391,,264583664.0
2017-03-28,6.4,6.44,6.26,6.28,54799803,,346097696.0
2017-03-29,6.26,6.3,6.15,6.22,46945844,,292394496.0
2017-03-30,6.21,6.23,6.04,6.07,51634163,,316079136.0
2017-03-31,6.08,6.16,6.06,6.14,29151892,,178450208.0
2017-04-05,6.29,6.38,6.18,6.34,57624941,,363346624.0
2017-04-06,6.49,6.49,6.31,6.33,69377899,,444040128.0
2017-04-07,6.42,6.52,6.35,6.46,79510555,,512663776.0
2017-04-10,6.48,6.82,6.4,6.62,109469078,,720984704.0
2017-04-11,6.6,6.76,6.46,6.71,131459875,,873100544.0
2017-04-12,6.67,6.67,6.48,6.52,75478854,,497295328.0
2017-04-13,6.46,6.84,6.43,6.75,132227171,,885134528.0
2017-04-14,6.7,6.76,6.52,6.54,76876550,,507806368.0
2017-04-17,6.51,6.53,6.23,6.29,72796605,,461734976.0
2017-04-18,6.28,6.37,6.24,6.28,38948583,,245614192.0
2017-04-19,6.25,6.29,6.17,6.27,37424045,,232825056.0
2017-04-20,6.24,6.29,6.02,6.11,53922582,,331354176.0
2017-04-21,6.1,6.17,6.06,6.11,25104429,,153546512.0
2017-04-24,6.12,6.12,5.84,5.85,40773504,,242486640.0
2017-04-25,5.88,5.95,5.83,5.86,22025822,,129756120.0
2017-04-26,5.86,5.96,5.85,5.9,28111509,,166111616.0
2017-04-27,5.88,6.18,5.72,6.02,44653103,,263633040.0
2017-04-28,6.0,6.04,5.92,5.99,21838076,,130753616.0
2017-05-02,5.98,6.0,5.91,5.96,18441919,,109814576.0
2017-05-03,5.95,5.98,5.87,5.9,18296811,,108313104.0
2017-05-04,5.88,5.92,5.78,5.82,24894695,,145664944.0
2017-05-05,5.79,5.82,5.54,5.54,47230008,,266373056.0
2017-05-08,5.54,5.58,5.4,5.4,25741555,,141365632.0
2017-05-09,5.41,5.44,5.34,5.41,29174708,,157553744.0
2017-05-10,5.43,5.56,5.35,5.37,37018030,,201878288.0
2017-05-11,5.29,5.31,5.03,5.14,63175865,,325062304.0
2017-05-12,5.14,5.28,5.1,5.17,43993625,,228316368.0
2017-05-15,5.17,5.2,5.08,5.09,32578753,,167644400.0
2017-05-16,5.06,5.19,4.99,5.19,38873870,,198135952.0
2017-05-17,5.17,5.26,5.14,5.18,33168200,,172563328.0
2017-05-18,5.15,5.22,5.11,5.14,25010673,,129132080.0
2017-05-19,5.15,5.16,5.09,5.11,16397451,,84015976.0
2017-05-22,5.12,5.14,4.98,4.98,27856443,,140698736.0
2017-05-23,4.98,5.01,4.48,4.5,69365352,,327469952.0
2017-05-24,4.5,4.63,4.47,4.61,31539871,,143799424.0
2017-05-25,4.61,4.8,4.55,4.74,41859690,,195900928.0
2017-05-26,4.73,4.78,4.71,4.73,20774287,,98625848.0
2017-05-31,4.8,4.92,4.77,4.8,26587665,,128705976.0
2017-06-01,4.8,4.81,4.6,4.61,26611959,,125377248.0
2017-06-02,4.62,4.75,4.57,4.74,22398890,,104446840.0
2017-06-05,4.79,4.83,4.74,4.77,18872271,,90242520.0
2017-06-06,4.78,4.8,4.76,4.8,12704044,,60794248.0
2017-06-07,4.81,4.91,4.79,4.9,25939414,,126498248.0
2017-06-08,4.91,4.95,4.87,4.9,20097195,,98531568.0
2017-06-09,4.91,4.91,4.81,4.86,19103952,,92785704.0
2017-06-12,4.86,4.88,4.8,4.82,15479737,,74940368.0
2017-06-13,4.82,4.91,4.8,4.89,16530279,,80549656.0
2017-06-14,4.89,4.89,4.83,4.85,13663482,,66329136.0
2017-06-15,4.86,5.02,4.84,4.95,30556553,,151510576.0
2017-06-16,4.93,4.97,4.9,4.94,16194506,,79874448.0
2017-06-19,4.93,5.03,4.92,5.0,19761360,,98685944.0
2017-06-27,5.2,5.5,5.19,5.22,90999959,,483676640.0
2017-06-28,5.19,5.38,5.09,5.29,75610126,,397563872.0
2017-06-29,5.26,5.29,5.16,5.22,41417592,,215707920.0
2017-06-30,5.19,5.22,5.13,5.17,23962328,,123744608.0
2017-07-03,5.2,5.25,5.18,5.22,24960401,,130220728.0
2017-07-04,5.22,5.23,5.1,5.16,27509692,,141723968.0
2017-07-05,5.15,5.28,5.13,5.22,36859113,,192077456.0
2017-07-06,5.24,5.24,5.13,5.16,31767374,,164281712.0
2017-07-07,5.14,5.22,5.12,5.19,25877109,,133509416.0
2017-07-10,5.21,5.44,5.2,5.35,70396433,,375045472.0
2017-07-11,5.33,5.38,5.23,5.23,38695725,,205240464.0
2017-07-12,5.2,5.27,5.14,5.2,32946806,,171130800.0
2017-07-13,5.2,5.39,5.16,5.36,62490002,,330669152.0
2017-07-14,5.32,5.37,5.23,5.29,38790427,,205116768.0
2017-07-17,5.39,5.6,5.11,5.36,126342077,,684795712.0
2017-07-18,5.28,5.9,5.28,5.77,157531532,,888749824.0
2017-07-19,5.68,5.92,5.61,5.89,143574707,,827146304.0
2017-07-20,5.85,6.11,5.78,5.95,135605217,,802441792.0
2017-07-21,5.9,6.04,5.83,5.9,89746102,,531194048.0
2017-07-24,5.85,6.18,5.82,6.04,130559943,,787127552.0
2017-07-25,5.98,5.98,5.73,5.81,97708183,,570367488.0
2017-07-26,5.81,5.89,5.72,5.83,49292470,,285641408.0
2017-07-27,5.81,5.81,5.58,5.7,56730817,,322649056.0
2017-07-28,5.68,5.75,5.61,5.68,32614619,,185731040.0
2017-07-31,5.64,5.78,5.56,5.76,50614142,,287556736.0
2017-08-01,5.74,5.89,5.67,5.79,60184136,,348686528.0
2017-08-02,5.83,5.89,5.68,5.76,65956478,,383369312.0
2017-08-03,5.7,5.74,5.62,5.63,45724221,,258803312.0
2017-08-04,5.62,5.67,5.58,5.6,36165652,,203426752.0
2017-08-07,5.56,5.64,5.55,5.6,26481215,,147919056.0
2017-08-08,5.59,5.66,5.58,5.64,26375287,,148373232.0
2017-08-09,5.63,5.64,5.51,5.51,30830575,,171218336.0
2017-08-10,5.51,5.6,5.44,5.45,26546125,,146080480.0
2017-08-11,5.4,5.44,5.26,5.28,28879505,,154196768.0
2017-08-14,5.29,5.39,5.28,5.38,20814952,,111266704.0
2017-08-15,5.38,5.5,5.34,5.44,24238958,,131862928.0
2017-08-16,5.4,5.45,5.36,5.43,17644146,,95212224.0
2017-08-17,5.4,5.47,5.4,5.46,17588965,,95654720.0
2017-08-18,5.41,5.43,5.34,5.43,18224846,,98418304.0
2017-08-21,5.39,5.48,5.38,5.46,15052666,,81888176.0
2017-08-22,5.44,5.47,5.37,5.39,19807168,,107348848.0
2017-08-23,5.39,5.44,5.35,5.38,16615638,,89570104.0
2017-08-24,5.4,5.41,5.29,5.3,15725771,,84041040.0
2017-08-25,5.3,5.43,5.3,5.42,24518910,,132244856.0
2017-08-28,5.43,5.65,5.4,5.63,69211994,,386162368.0
2017-08-29,5.63,5.64,5.54,5.56,35253193,,196639456.0
2017-08-30,5.53,5.67,5.53,5.56,33758692,,189222320.0
2017-08-31,5.53,5.59,5.51,5.55,21477268,,119118096.0
2017-09-01,5.54,5.57,5.5,5.53,26480481,,146525152.0
2017-09-04,5.53,5.58,5.48,5.57,28220174,,156090608.0
2017-09-05,5.58,5.59,5.51,5.53,20661991,,114487440.0
2017-09-06,5.5,5.52,5.4,5.44,28691819,,156221088.0
2017-09-07,5.44,5.51,5.42,5.43,19563575,,106875624.0
2017-09-08,5.43,5.48,5.41,5.43,15187960,,82634976.0
2017-09-11,5.45,5.46,5.4,5.42,17668537,,95860336.0
2017-09-12,5.44,5.62,5.41,5.53,47052263,,259031152.0
2017-09-13,5.51,5.52,5.43,5.46,23369338,,127627464.0
2017-09-14,5.47,5.55,5.44,5.5,31330938,,172694384.0
2017-09-15,5.5,5.63,5.46,5.57,43530759,,242097248.0
2017-09-18,5.55,5.63,5.53,5.58,33721856,,187978176.0
2017-09-19,5.56,5.75,5.53,5.63,59879993,,338251008.0
2017-09-20,5.64,5.64,5.53,5.6,30965115,,172964848.0
2017-09-21,5.55,5.71,5.55,5.58,40297646,,227358544.0
2017-09-22,5.55,5.6,5.4,5.46,34858378,,190597232.0
2017-09-25,5.43,5.44,5.26,5.28,26926700,,143698560.0
2017-09-26,5.3,5.32,5.25,5.3,13093232,,69106376.0
2017-09-27,5.3,5.33,5.3,5.3,10760394,,57152548.0
2017-09-28,5.31,5.31,5.23,5.23,12632900,,66553860.0
2017-09-29,5.23,5.29,5.23,5.25,12896322,,67851680.0
2017-10-09,5.33,5.38,5.3,5.31,14705779,,78352304.0
2017-10-10,5.33,5.36,5.29,5.34,16221081,,86324336.0
2017-10-11,5.34,5.36,5.29,5.32,18103469,,96317736.0
2017-10-12,5.33,5.34,5.28,5.33,13677771,,72493064.0
2017-10-13,5.31,5.34,5.29,5.32,12666796,,67338720.0
2017-10-16,5.32,5.33,5.25,5.26,15016979,,79290200.0
2017-10-17,5.25,5.33,5.24,5.28,14426832,,76267432.0
2017-10-18,5.27,5.3,5.21,5.22,15016100,,78937768.0
2017-10-19,5.22,5.23,5.07,5.1,20554727,,105642000.0
2017-10-20,5.11,5.14,5.09,5.11,10720240,,54793160.0
2017-10-23,5.11,5.13,5.09,5.12,8354300,,42722560.0
2017-10-24,5.11,5.12,5.06,5.09,11867030,,60381676.0
2017-10-25,5.09,5.15,5.08,5.12,9116667,,46594624.0
2017-10-26,5.11,5.22,5.08,5.2,21291678,,109825472.0
2017-10-27,5.18,5.2,5.12,5.13,11823285,,60938444.0
2017-10-30,5.11,5.17,5.01,5.02,21311138,,107988816.0
2017-10-31,5.03,5.1,5.03,5.09,11162481,,56521028.0
2017-11-01,5.08,5.14,5.08,5.11,10763810,,55071040.0
2017-11-02,5.1,5.13,5.05,5.07,8711777,,44308108.0
2017-11-03,5.07,5.1,5.02,5.05,9680636,,48942844.0
2017-11-06,5.05,5.07,5.01,5.07,10387437,,52379392.0
2017-11-07,5.07,5.17,5.05,5.12,14752335,,75405672.0
2017-11-08,5.12,5.25,5.11,5.17,20402725,,105618424.0
2017-11-09,5.15,5.17,5.07,5.11,16460997,,84332528.0
2017-11-10,5.12,5.14,5.06,5.12,13278514,,67726768.0
2017-11-13,5.13,5.24,5.1,5.19,24198609,,125341632.0
2017-11-14,5.17,5.21,5.12,5.18,14618194,,75281552.0
2017-11-15,5.16,5.19,5.1,5.11,11844190,,60829684.0
2017-11-16,5.11,5.21,5.1,5.15,26589758,,137290976.0
2017-11-17,5.12,5.14,4.99,5.01,27166426,,137304640.0
2017-11-20,4.98,4.98,4.8,4.83,30198750,,146245680.0
2017-11-21,4.82,4.93,4.79,4.85,22957271,,111765448.0
2017-11-22,4.85,4.89,4.81,4.84,18159767,,87966168.0
2017-11-23,4.84,4.84,4.59,4.62,24683029,,116657128.0
2017-11-24,4.6,4.66,4.57,4.6,13985139,,64405848.0
2017-11-27,4.61,4.61,4.5,4.55,12600408,,57325524.0
2017-11-28,4.56,4.61,4.54,4.6,8010482,,36645840.0
2017-11-29,4.6,4.6,4.53,4.57,11414166,,52007560.0
2017-11-30,4.54,4.6,4.53,4.54,9786643,,44651708.0
2017-12-01,4.53,4.58,4.52,4.54,10042725,,45652548.0
2017-12-04,4.55,4.55,4.42,4.45,19218086,,85975560.0
2017-12-05,4.44,4.46,4.39,4.45,15171690,,67188288.0
2017-12-06,4.45,4.46,4.37,4.45,12539825,,55368888.0
2017-12-07,4.44,4.47,4.39,4.45,11775934,,52135876.0
2017-12-08,4.44,4.48,4.43,4.46,11158021,,49738412.0
2017-12-11,4.44,4.54,4.44,4.5,14115166,,63472424.0
2017-12-12,4.5,4.52,4.43,4.46,8590509,,38363520.0
2017-12-13,4.46,4.47,4.43,4.46,5434004,,24214542.0
2017-12-14,4.46,4.51,4.45,4.49,11195825,,50087940.0
2017-12-15,4.48,4.49,4.42,4.46,9509476,,42338108.0
2017-12-18,4.45,4.46,4.33,4.35,15417269,,67593280.0
2017-12-19,4.35,4.39,4.34,4.39,8582640,,37551148.0
2017-12-20,4.37,4.4,4.36,4.38,8296053,,36351384.0
2017-12-21,4.38,4.38,4.28,4.33,10176852,,44045128.0
2017-12-22,4.34,4.35,4.31,4.33,5297597,,22938956.0
2017-12-25,4.31,4.33,4.12,4.16,15411360,,65258048.0
2017-12-26,4.16,4.16,4.05,4.13,15976709,,65693596.0
2017-12-27,4.11,4.16,4.07,4.1,10481840,,43160000.0
2017-12-28,4.09,4.2,4.08,4.16,12669920,,52666788.0
2017-12-29,4.17,4.26,4.14,4.25,12109017,,50964164.0
2018-01-02,4.27,4.3,4.23,4.28,11077766,,47305132.0
2018-01-03,4.27,4.31,4.24,4.29,13055163,,55904832.0
2018-01-04,4.29,4.29,4.25,4.28,10059087,,42968636.0
2018-01-05,4.26,4.32,4.25,4.3,12986255,,55829384.0
2018-01-08,4.29,4.34,4.23,4.32,15987447,,68535424.0
2018-01-09,4.3,4.3,4.25,4.27,9302947,,39782632.0
2018-01-10,4.27,4.3,4.22,4.24,11013694,,46849776.0
2018-01-11,4.23,4.25,4.17,4.22,10883143,,45783952.0
2018-01-12,4.22,4.26,4.19,4.22,9640143,,40785548.0
2018-01-15,4.22,4.24,4.08,4.1,13524924,,56122812.0
2018-01-16,4.1,4.13,4.08,4.13,12519958,,51356824.0
2018-01-17,4.14,4.54,4.12,4.54,102189543,,456430944.0
2018-01-18,4.46,4.52,4.38,4.49,80550521,,358929472.0
2018-01-19,4.46,4.8,4.43,4.66,87674328,,401371904.0
2018-01-22,4.6,4.63,4.51,4.61,45227125,,206980592.0
2018-01-23,4.59,4.64,4.55,4.59,30068076,,138023040.0
2018-01-24,4.59,4.68,4.53,4.63,42415738,,195475744.0
2018-01-25,4.62,4.62,4.53,4.57,30186369,,137870160.0
2018-01-26,4.51,4.57,4.49,4.52,25671143,,116291728.0
2018-01-29,4.54,4.6,4.48,4.51,27755627,,126083680.0
2018-01-30,4.51,4.55,4.45,4.46,19634983,,88117920.0
2018-01-31,4.46,4.47,4.22,4.26,31843075,,138263072.0
2018-02-01,4.26,4.3,4.1,4.12,25499490,,106347832.0
2018-02-02,4.06,4.15,3.94,4.11,18619929,,75952976.0
2018-02-05,4.06,4.14,4.01,4.13,13121842,,53800872.0
2018-02-06,4.0,4.09,3.95,3.95,22527102,,90631616.0
2018-02-07,4.02,4.06,3.91,3.98,16217135,,64826952.0
2018-02-08,4.05,4.05,3.99,4.02,10476094,,42175520.0
2018-02-09,3.93,3.97,3.8,3.86,19604914,,76288400.0
2018-02-12,3.89,3.95,3.87,3.9,9226104,,36146240.0
2018-02-13,3.94,3.97,3.9,3.91,9920145,,39083756.0
2018-02-14,3.91,3.94,3.9,3.91,5825400,,22780076.0
2018-02-22,3.93,3.99,3.93,3.99,9777300,,38720060.0
2018-02-23,3.99,4.02,3.96,4.01,9750944,,38944620.0
2018-02-26,4.03,4.07,3.99,4.06,13728842,,55389668.0
2018-02-27,4.06,4.1,4.03,4.05,13191242,,53611380.0
2018-02-28,4.01,4.11,3.99,4.07,15655107,,63547460.0
2018-03-01,4.04,4.08,4.02,4.06,12353935,,50084192.0
2018-03-02,4.04,4.22,4.02,4.08,21894785,,89897608.0
2018-03-05,4.06,4.17,4.06,4.14,18279288,,75298928.0
2018-03-06,4.15,4.18,4.1,4.17,14909522,,61713880.0
2018-03-07,4.14,4.18,4.09,4.09,13887332,,57397032.0
2018-03-08,4.1,4.12,4.07,4.1,9510110,,38915920.0
2018-03-09,4.1,4.16,4.07,4.14,14390819,,59211444.0
2018-03-12,4.15,4.23,4.14,4.21,21815408,,91388552.0
2018-03-13,4.18,4.28,4.17,4.17,19125548,,80593288.0
2018-03-14,4.18,4.2,4.13,4.14,14201373,,59102176.0
2018-03-15,4.14,4.14,4.08,4.12,10054325,,41315540.0
2018-03-16,4.12,4.15,4.1,4.11,8960884,,36973752.0
2018-03-19,4.11,4.35,4.07,4.19,24827402,,104338592.0
2018-03-20,4.14,4.18,4.11,4.15,13934107,,57751828.0
2018-03-21,4.19,4.23,4.12,4.13,15817260,,66170256.0
2018-03-22,4.11,4.16,4.07,4.09,11681115,,47993752.0
2018-03-23,4.0,4.01,3.82,3.86,23447245,,91997072.0
2018-03-26,3.85,3.9,3.73,3.87,12348641,,47195904.0
2018-03-27,3.93,3.95,3.9,3.92,12232155,,47982840.0
2018-03-28,3.89,3.94,3.85,3.9,8840816,,34570024.0
2018-03-29,3.92,3.99,3.88,3.97,13415028,,52995288.0
2018-03-30,3.96,3.98,3.94,3.95,9704628,,38350296.0
2018-04-02,3.95,3.99,3.93,3.95,13270185,,52530268.0
2018-04-03,3.89,3.92,3.84,3.9,8795493,,34213004.0
2018-04-04,3.9,3.94,3.89,3.91,8364078,,32691626.0
2018-04-09,3.89,3.91,3.85,3.88,8914437,,34568084.0
2018-04-10,3.88,3.91,3.84,3.91,10746755,,41660464.0
2018-04-11,3.9,3.95,3.9,3.93,10928968,,42884704.0
2018-04-12,3.93,4.32,3.92,4.32,107296647,,459845664.0
2018-04-13,4.28,4.29,4.14,4.15,87920568,,369976064.0
2018-04-16,4.13,4.14,4.02,4.05,35048279,,142699760.0
2018-04-17,4.07,4.07,3.94,3.94,29879396,,119756928.0
2018-04-18,3.97,3.99,3.89,3.99,19769218,,78106512.0
2018-04-19,3.97,4.05,3.95,4.0,20473735,,81882400.0
2018-04-20,4.0,4.0,3.86,3.89,18185180,,71407616.0
2018-04-23,3.89,3.92,3.85,3.9,10690352,,41485684.0
2018-04-24,3.92,3.99,3.89,3.96,15868422,,62756128.0
2018-04-25,3.94,3.99,3.92,3.94,12214475,,48363364.0
2018-04-26,3.97,3.99,3.94,3.96,14286821,,56555888.0
2018-04-27,3.98,4.01,3.93,3.99,10545855,,41918268.0
2018-05-02,4.04,4.05,3.94,3.96,11438436,,45567640.0
2018-05-03,3.98,4.05,3.96,4.04,19678546,,78977368.0
2018-05-04,4.02,4.03,3.96,3.99,11794693,,47164668.0
2018-05-07,3.99,4.03,3.98,4.03,12749050,,51212248.0
2018-05-08,4.03,4.05,4.01,4.04,15679326,,63277900.0
2018-05-09,4.04,4.05,4.0,4.01,10122213,,40634896.0
2018-05-10,4.02,4.03,3.95,4.0,11280103,,45035788.0
2018-05-11,4.01,4.01,3.94,3.95,11704170,,46361356.0
2018-05-14,3.95,3.97,3.92,3.94,8407900,,33163836.0
2018-05-15,3.93,3.96,3.91,3.94,7632975,,30010564.0
2018-05-16,3.92,3.95,3.92,3.94,7814794,,30779176.0
2018-05-17,3.95,3.96,3.92,3.92,5394682,,21215682.0
2018-05-18,3.92,3.95,3.9,3.95,7767600,,30495498.0
2018-05-21,3.95,3.99,3.95,3.99,10982563,,43616936.0
2018-05-22,3.97,4.03,3.95,4.0,14677081,,58585448.0
2018-05-23,3.97,3.97,3.92,3.92,12403889,,48829508.0
2018-05-24,3.93,3.94,3.89,3.9,12138123,,47488152.0
2018-05-25,3.9,3.9,3.85,3.89,8274203,,32085226.0
2018-05-28,3.89,3.9,3.84,3.87,5330532,,20646652.0
2018-05-29,3.88,3.89,3.77,3.8,14125442,,53949616.0
2018-05-30,3.74,3.77,3.64,3.68,14558789,,54093024.0
2018-05-31,3.71,3.73,3.69,3.73,6677399,,24803898.0
2018-06-01,3.72,3.75,3.7,3.73,7169931,,26694716.0
2018-06-04,3.73,3.75,3.7,3.72,6713038,,24989336.0
2018-06-05,3.72,3.74,3.69,3.74,7884423,,29347096.0
2018-06-06,3.73,3.74,3.71,3.74,6457884,,24024336.0
2018-06-07,3.73,3.78,3.71,3.71,9515900,,35649836.0
2018-06-08,3.71,3.72,3.63,3.64,10386814,,38016240.0
2018-06-11,3.65,3.67,3.61,3.64,5355551,,19505056.0
2018-06-12,3.63,3.64,3.59,3.64,4896900,,17749816.0
2018-06-13,3.64,3.64,3.52,3.57,7598637,,27206026.0
2018-06-14,3.55,3.57,3.5,3.52,7305986,,25788668.0
2018-06-15,3.52,3.53,3.4,3.43,11498777,,39916988.0
2018-06-19,3.4,3.4,3.09,3.12,24154604,,77833648.0
2018-06-20,3.08,3.16,3.07,3.15,9958500,,31076696.0
2018-06-21,3.14,3.21,3.09,3.09,9501704,,29900738.0
2018-06-22,3.07,3.4,3.04,3.26,25259964,,81889320.0
2018-06-25,3.53,3.59,3.37,3.46,63903939,,224642816.0
2018-06-26,3.24,3.47,3.13,3.47,44612941,,147864976.0
2018-06-27,3.38,3.43,3.3,3.39,25683057,,86209480.0
2018-06-28,3.33,3.43,3.3,3.4,17821162,,60241928.0
2018-06-29,3.38,3.45,3.36,3.4,31508792,,107086896.0
2018-07-02,3.38,3.39,3.24,3.25,16548221,,54912412.0
2018-07-03,3.25,3.32,3.21,3.31,16239343,,52998536.0
2018-07-04,3.3,3.32,3.24,3.25,8533424,,27931808.0
2018-07-05,3.24,3.3,3.19,3.19,8415864,,27245662.0
2018-07-06,3.19,3.27,3.14,3.21,10711365,,34482764.0
2018-07-09,3.21,3.3,3.21,3.27,10860360,,35362860.0
2018-07-10,3.27,3.28,3.24,3.27,6956075,,22686044.0
2018-07-11,3.25,3.25,3.12,3.17,10619000,,33677036.0
2018-07-12,3.14,3.24,3.12,3.18,28680134,,91562096.0
2018-07-13,3.16,3.18,3.07,3.08,30614984,,95569272.0
2018-07-16,3.08,3.09,3.01,3.04,26503384,,80589352.0
2018-07-25,3.23,3.23,3.13,3.15,96071844,,307205984.0
2018-07-26,3.09,3.28,3.07,3.21,88278586,,281676032.0
2018-07-27,3.17,3.21,3.1,3.11,47143046,,148223552.0
2018-07-30,3.08,3.11,2.99,3.0,35715479,,108775880.0
2018-07-31,2.96,3.05,2.95,3.05,34487708,,103498576.0
2018-08-01,3.04,3.05,2.97,2.98,25544369,,76876864.0
2018-08-02,2.99,3.0,2.8,2.87,31115227,,89763088.0
2018-08-03,2.86,2.89,2.82,2.84,14952121,,42668576.0
2018-08-06,2.84,2.87,2.78,2.79,19199366,,54264984.0
2018-08-07,2.8,2.87,2.77,2.87,21356429,,60451824.0
2018-08-08,2.87,2.88,2.83,2.84,13998150,,39936756.0
2018-08-09,2.83,2.91,2.82,2.89,20706747,,59728772.0
2018-08-10,2.88,2.92,2.87,2.89,10251861,,29675926.0
2018-08-13,2.87,2.9,2.83,2.89,11207203,,32024096.0
2018-08-14,2.87,2.91,2.87,2.9,13026134,,37658596.0
2018-08-15,2.9,3.06,2.85,2.91,34486501,,101078968.0
2018-08-16,2.87,2.95,2.83,2.9,21212279,,61438516.0
2018-08-17,2.92,2.94,2.84,2.86,14755476,,42707280.0
2018-08-20,2.86,2.91,2.84,2.91,12028557,,34586060.0
2018-08-21,2.9,2.94,2.89,2.92,12796356,,37309900.0
2018-08-22,2.92,2.92,2.87,2.87,9587608,,27697798.0
2018-08-23,2.87,2.91,2.86,2.89,9222504,,26651134.0
2018-08-24,2.88,2.95,2.86,2.92,16779362,,48923320.0
2018-08-27,2.91,2.96,2.9,2.96,20031281,,58900168.0
2018-08-28,2.96,2.96,2.92,2.94,10920431,,32060886.0
2018-08-29,2.93,2.94,2.9,2.91,9020897,,26295416.0
2018-08-30,2.88,2.9,2.85,2.86,11614610,,33410782.0
2018-08-31,2.85,2.87,2.83,2.83,9438232,,26875348.0
2018-09-03,2.83,2.84,2.75,2.83,12382641,,34734096.0
2018-09-04,2.82,2.86,2.8,2.84,13263396,,37621216.0
2018-09-05,2.84,2.86,2.78,2.78,14288956,,40338928.0
2018-09-06,2.78,2.83,2.77,2.79,8616229,,24127304.0
2018-09-07,2.78,2.82,2.77,2.78,12802277,,35773172.0
2018-09-10,2.79,2.8,2.75,2.75,8735085,,24152388.0
2018-09-11,2.75,2.77,2.72,2.74,7847086,,21531368.0
2018-09-12,2.75,2.77,2.72,2.76,8740684,,24075154.0
2018-09-13,2.77,2.8,2.76,2.79,9485260,,26356214.0
2018-09-14,2.77,2.81,2.76,2.76,9254230,,25706706.0
2018-09-17,2.75,2.76,2.72,2.74,8570378,,23437678.0
2018-09-18,2.73,2.79,2.73,2.78,10634178,,29354720.0
2018-09-19,2.77,2.84,2.76,2.82,16549326,,46540656.0
2018-09-20,2.81,2.83,2.79,2.8,13232526,,37220844.0
2018-09-21,2.8,2.87,2.79,2.86,18474565,,52533936.0
2018-09-25,2.85,2.85,2.81,2.82,12622927,,35739236.0
2018-09-26,2.83,2.88,2.82,2.82,16205692,,46131980.0
2018-09-27,2.83,2.84,2.8,2.8,11711390,,33058700.0
2018-09-28,2.8,2.85,2.8,2.84,10801469,,30575742.0
2018-10-08,2.79,2.81,2.73,2.73,18711167,,51621592.0
2018-10-09,2.73,2.75,2.72,2.74,8667097,,23725718.0
2018-10-10,2.74,2.76,2.73,2.74,6037813,,16559637.0
2018-10-11,2.66,2.68,2.47,2.47,29281234,,74957296.0
2018-10-12,2.47,2.48,2.32,2.44,18355574,,44441200.0
2018-10-15,2.45,2.48,2.4,2.4,8113625,,19804306.0
2018-10-16,2.42,2.45,2.32,2.36,11263433,,27010566.0
2018-10-17,2.39,2.43,2.36,2.41,11867472,,28378724.0
2018-10-18,2.39,2.4,2.32,2.33,10348781,,24501320.0
2018-10-19,2.33,2.47,2.29,2.43,18666145,,44726988.0
2018-10-22,2.46,2.67,2.44,2.67,42118224,,110282224.0
2018-10-23,2.72,2.75,2.59,2.64,52752592,,142026928.0
2018-10-24,2.59,2.82,2.57,2.72,59946106,,162949696.0
2018-10-25,2.62,2.99,2.6,2.94,78297919,,219584272.0
2018-10-26,2.9,2.93,2.8,2.84,57233099,,163954496.0
2018-10-29,2.82,2.89,2.77,2.8,30092796,,85015936.0
2018-10-30,2.78,3.04,2.76,2.94,66526839,,194249808.0
2018-10-31,2.9,2.95,2.87,2.88,37894833,,110045008.0
2018-11-01,2.87,3.03,2.84,2.88,44475663,,130771792.0
2018-11-02,2.96,2.97,2.87,2.92,37030186,,107774640.0
2018-11-05,2.91,3.02,2.89,2.97,44438712,,131317568.0
2018-11-06,2.93,2.97,2.87,2.92,32123476,,93522176.0
2018-11-07,2.92,2.94,2.85,2.86,23530399,,68102552.0
2018-11-08,2.88,2.91,2.82,2.82,19379693,,55535144.0
2018-11-09,2.82,2.85,2.79,2.83,16435900,,46408864.0
2018-11-12,2.82,2.92,2.8,2.91,21059647,,60674024.0
2018-11-13,2.88,3.2,2.87,3.06,80303707,,246175024.0
2018-11-14,3.02,3.12,3.02,3.04,46411669,,141730592.0
2018-11-15,3.05,3.13,3.02,3.09,42237404,,130013192.0
2018-11-16,3.08,3.23,3.07,3.14,70118821,,221042736.0
2018-11-19,3.12,3.23,3.12,3.18,50418447,,159621520.0
2018-11-20,3.16,3.17,3.02,3.05,42644638,,132088768.0
2018-11-21,3.0,3.09,2.99,3.06,23906136,,72881376.0
2018-11-22,3.08,3.09,2.98,3.0,21398525,,64693356.0
2018-11-23,3.0,3.04,2.84,2.85,34836695,,101712760.0
2018-11-26,2.85,2.9,2.84,2.87,15585818,,44744656.0
2018-11-27,2.89,2.92,2.86,2.89,12543709,,36261624.0
2018-11-28,2.9,2.95,2.83,2.94,19213703,,55927536.0
2018-11-29,2.96,2.97,2.85,2.86,17659919,,51433264.0
2018-11-30,2.85,2.91,2.82,2.9,13295485,,38159340.0
2018-12-03,2.98,3.03,2.96,2.99,29126309,,87130992.0
2018-12-04,2.98,3.01,2.96,2.99,15732976,,46927288.0
2018-12-05,2.92,2.95,2.9,2.9,16970142,,49624432.0
2018-12-06,2.92,2.93,2.87,2.87,12247554,,35373644.0
2018-12-07,2.88,2.89,2.85,2.88,6529540,,18773934.0
2018-12-10,2.86,2.88,2.82,2.84,8200317,,23306724.0
2018-12-11,2.85,2.86,2.81,2.84,8913320,,25229298.0
2018-12-12,2.84,2.86,2.82,2.84,9616849,,27280894.0
2018-12-13,2.84,2.9,2.82,2.87,13851068,,39743212.0
2018-12-14,2.89,2.97,2.83,2.85,33682787,,98115736.0
2018-12-17,2.81,2.81,2.67,2.74,28986148,,79172928.0
2018-12-18,2.7,2.76,2.7,2.75,11944423,,32700078.0
2018-12-19,2.75,2.76,2.7,2.72,7166278,,19523522.0
2018-12-20,2.7,2.79,2.69,2.76,14140318,,38891244.0
2018-12-21,2.75,2.8,2.73,2.75,12752708,,35228180.0
2018-12-24,2.73,2.78,2.73,2.77,7202281,,19895778.0
2018-12-25,2.75,2.76,2.64,2.7,13214160,,35517088.0
2018-12-26,2.7,2.72,2.68,2.68,7399064,,19953658.0
2018-12-27,2.73,2.74,2.67,2.67,6493887,,17511364.0
2018-12-28,2.67,2.74,2.67,2.68,8879939,,24024032.0
2019-01-02,2.7,2.7,2.67,2.67,7338035,,19680680.0
2019-01-03,2.67,2.76,2.67,2.7,17642839,,47948104.0
2019-01-04,2.65,2.94,2.65,2.88,53698057,,152083744.0
2019-01-07,2.88,2.93,2.82,2.9,32697205,,94142552.0
2019-01-08,2.89,2.94,2.85,2.9,20668591,,59810880.0
2019-01-09,2.9,2.97,2.88,2.88,26007796,,75901152.0
2019-01-10,2.9,2.91,2.82,2.84,20390902,,58289232.0
2019-01-11,2.86,2.87,2.82,2.86,12175080,,34638000.0
2019-01-14,2.86,2.89,2.83,2.85,12962149,,36969500.0
2019-01-15,2.84,2.9,2.83,2.88,19994699,,57460248.0
2019-01-16,2.88,2.9,2.85,2.86,11817177,,33948116.0
2019-01-17,2.85,2.88,2.83,2.85,12074437,,34434620.0
2019-01-18,2.85,2.89,2.84,2.88,14547271,,41687928.0
2019-01-21,2.88,2.9,2.86,2.88,12628854,,36377376.0
2019-01-22,2.88,2.89,2.82,2.83,10280614,,29320044.0
2019-01-23,2.83,2.84,2.81,2.83,6862484,,19391556.0
2019-01-24,2.83,2.89,2.82,2.85,11832163,,33813168.0
2019-01-25,2.85,2.88,2.83,2.85,12127074,,34638072.0
2019-01-28,2.87,2.89,2.83,2.84,12347781,,35347568.0
2019-01-29,2.84,2.84,2.65,2.74,18838215,,51721976.0
2019-01-30,2.73,2.77,2.71,2.71,8384811,,22988000.0
2019-01-31,2.7,2.77,2.7,2.72,13128865,,35943496.0
2019-02-01,2.74,2.8,2.74,2.8,12405680,,34316436.0
2019-02-11,2.8,2.86,2.8,2.85,11885669,,33685288.0
2019-02-12,2.86,2.94,2.85,2.9,19349305,,56105044.0
2019-02-13,2.91,3.02,2.88,2.97,50453620,,149561296.0
2019-02-14,2.97,2.99,2.93,2.97,21710478,,64334176.0
2019-02-15,2.97,3.01,2.94,2.95,23038047,,68452984.0
2019-02-18,2.99,3.25,2.98,3.25,131684302,,418250016.0
2019-02-19,3.42,3.58,3.37,3.58,268727552,,948896448.0
2019-02-20,3.5,3.59,3.36,3.38,206678986,,715756864.0
2019-02-21,3.36,3.72,3.36,3.66,276498434,,1003606976.0
2019-02-22,3.57,4.03,3.5,4.03,292749832,,1109115904.0
2019-02-25,4.35,4.43,4.22,4.43,175691394,,771198208.0
2019-02-26,4.87,4.87,4.76,4.87,325195195,,1582306688.0
2019-02-27,5.36,5.36,5.22,5.36,186744540,,1000789440.0
2019-02-28,5.0,5.0,4.82,4.82,95105600,,464964320.0
2019-03-01,4.61,5.3,4.43,5.15,642492318,,3143650560.0
2019-03-04,5.0,5.67,4.96,5.62,620471992,,3341320448.0
2019-03-05,5.4,5.99,5.31,5.79,616426546,,3446622720.0
2019-03-06,5.66,6.35,5.51,6.23,584984862,,3473724160.0
2019-03-07,6.09,6.5,5.88,6.02,540141860,,3338462208.0
2019-03-08,5.42,5.75,5.42,5.42,344151018,,1895293312.0
2019-03-11,5.32,5.5,5.08,5.41,212574265,,1129560832.0
2019-03-12,5.48,5.66,5.34,5.49,237917398,,1308993536.0
2019-03-13,5.4,5.45,5.1,5.15,204118888,,1073375296.0
2019-03-14,5.0,5.2,4.91,5.02,154480124,,778811200.0
2019-03-15,5.08,5.24,5.01,5.1,154587403,,790986176.0
2019-03-18,5.09,5.25,4.8,5.23,184338765,,925928256.0
2019-03-19,5.12,5.29,5.11,5.17,150171835,,779212544.0
2019-03-20,5.15,5.69,5.11,5.69,357679169,,1948054784.0
2019-03-21,5.84,6.26,5.69,6.01,550449296,,3344263424.0
2019-03-22,5.95,6.05,5.58,5.7,369831389,,2130087808.0
2019-03-25,5.57,5.6,5.24,5.29,279844286,,1521795584.0
2019-03-26,5.25,5.32,4.98,5.1,244152542,,1248576384.0
2019-03-27,5.11,5.24,5.03,5.18,197602987,,1016002880.0
2019-03-28,5.06,5.16,4.97,4.98,145825408,,735932672.0
2019-03-29,4.92,5.38,4.89,5.3,249457152,,1297021696.0
2019-04-01,5.25,5.54,5.21,5.41,243649325,,1309270656.0
2019-04-02,5.4,5.95,5.33,5.62,357887766,,2031418240.0
2019-04-03,5.65,5.83,5.48,5.73,284851511,,1622774912.0
2019-04-04,5.8,5.81,5.56,5.58,199397312,,1126863616.0
2019-04-08,5.6,5.63,5.36,5.42,190770161,,1040074624.0
2019-04-09,5.36,5.63,5.36,5.55,151368467,,830492352.0
2019-04-10,5.48,5.53,5.3,5.39,117794456,,637477056.0
2019-04-11,5.33,5.54,5.21,5.37,154979336,,832547392.0
2019-04-12,5.33,5.67,5.3,5.6,248615922,,1378797952.0
2019-04-15,5.78,5.84,5.31,5.32,241114621,,1345905024.0
2019-04-16,5.14,5.47,5.09,5.41,169694166,,893887872.0
2019-04-17,5.38,5.45,5.29,5.31,126311202,,675927936.0
2019-04-18,5.3,5.33,5.18,5.19,91113286,,476620448.0
2019-04-19,5.2,5.32,5.2,5.27,80727188,,424692672.0
2019-04-22,5.31,5.34,5.15,5.21,89803397,,470165504.0
2019-04-23,5.2,5.49,5.1,5.28,128589717,,677901248.0
2019-04-24,5.25,5.43,5.16,5.43,137791226,,733068480.0
2019-04-25,5.45,5.56,5.2,5.22,185394965,,1004531264.0
2019-04-26,5.01,5.2,4.95,4.99,133144588,,672747712.0
2019-04-29,4.95,5.0,4.49,4.49,144336237,,673854400.0
2019-04-30,4.44,4.65,4.4,4.54,76037379,,346489504.0
2019-05-06,4.3,4.56,4.13,4.26,99780892,,432531200.0
2019-05-07,4.32,4.4,4.22,4.35,73633308,,318528032.0
2019-05-08,4.21,4.43,4.19,4.33,65427829,,283669152.0
2019-05-09,4.27,4.39,4.25,4.34,55224354,,239692768.0
2019-05-10,4.39,4.66,4.29,4.54,115683572,,519015648.0
2019-05-13,4.45,4.47,4.38,4.4,57938456,,256256384.0
2019-05-14,4.33,4.48,4.3,4.36,52654348,,231990848.0
2019-05-15,4.4,4.48,4.38,4.45,65802925,,291670016.0
2019-05-16,4.42,4.52,4.4,4.43,56586331,,251209568.0
2019-05-17,4.42,4.45,4.11,4.15,87504059,,371876480.0
2019-05-20,4.17,4.33,4.12,4.29,59368475,,250844976.0
2019-05-21,4.26,4.6,4.23,4.43,111929763,,493015072.0
2019-05-22,4.4,4.42,4.27,4.33,73099174,,317045568.0
2019-05-23,4.28,4.5,4.21,4.34,88140906,,384333504.0
2019-05-24,4.28,4.44,4.28,4.37,69813509,,305998912.0
2019-05-27,4.36,4.54,4.28,4.51,110130658,,488761440.0
2019-05-28,4.48,4.55,4.42,4.45,73181037,,328071328.0
2019-05-29,4.41,4.63,4.4,4.51,92027674,,415211008.0
2019-05-30,4.45,4.47,4.31,4.38,63472341,,278044224.0
2019-05-31,4.38,4.45,4.31,4.32,40033141,,174812640.0
2019-06-03,4.33,4.39,4.26,4.28,43482093,,187494848.0
2019-06-04,4.28,4.31,4.24,4.26,32274478,,137903408.0
2019-06-05,4.31,4.33,4.24,4.25,33168880,,142099872.0
2019-06-06,4.25,4.26,4.13,4.16,38871059,,162842880.0
2019-06-10,4.14,4.17,3.86,3.98,76999341,,305480992.0
2019-06-11,3.95,4.32,3.95,4.27,94962352,,395014656.0
2019-06-12,4.26,4.32,4.19,4.22,54677915,,232311760.0
2019-06-13,4.24,4.28,4.19,4.23,38935749,,165144256.0
2019-06-14,4.24,4.29,4.11,4.12,48839907,,205442800.0
2019-06-17,4.12,4.17,4.03,4.11,31964059,,131255464.0
2019-06-18,4.11,4.14,4.05,4.07,22178280,,90521968.0
2019-06-19,4.32,4.38,4.14,4.14,62514409,,264764080.0
2019-06-20,4.14,4.55,4.11,4.55,247104817,,1099203072.0
2019-06-21,4.49,4.88,4.46,4.75,308320943,,1431761024.0
2019-06-24,4.66,4.69,4.53,4.58,138302890,,635184000.0
2019-06-25,4.55,4.64,4.42,4.61,112978836,,512497952.0
2019-06-26,4.48,4.55,4.44,4.47,56023191,,251863760.0
2019-06-27,4.49,4.65,4.49,4.53,84426842,,385826816.0
2019-06-28,4.49,4.51,4.41,4.44,51789762,,230414720.0
2019-07-01,4.61,4.64,4.5,4.54,101681178,,464626496.0
2019-07-02,4.54,4.64,4.45,4.59,110966831,,506576768.0
2019-07-03,4.64,4.78,4.58,4.67,137907146,,644709504.0
2019-07-04,4.7,4.74,4.54,4.56,76136086,,351530048.0
2019-07-05,4.53,4.62,4.45,4.54,55132280,,250467920.0
2019-07-08,4.52,4.55,4.31,4.32,69060173,,303521120.0
2019-07-09,4.3,4.37,4.23,4.34,43113679,,185935568.0
2019-07-10,4.32,4.35,4.25,4.27,30755359,,132110264.0
2019-07-11,4.31,4.37,4.26,4.31,44133748,,190932384.0
2019-07-12,4.33,4.38,4.25,4.35,38313030,,166141168.0
2019-07-15,4.32,4.55,4.26,4.47,65031323,,287692576.0
2019-07-16,4.45,4.49,4.42,4.44,32786432,,145887200.0
2019-07-17,4.42,4.51,4.4,4.45,42342503,,188253088.0
2019-07-18,4.41,4.42,4.31,4.31,40067602,,174892416.0
2019-07-19,4.34,4.58,4.33,4.42,66640688,,296980448.0
2019-07-22,4.43,4.49,4.31,4.36,60403930,,265398192.0
2019-07-23,4.33,4.41,4.31,4.36,43005766,,187420592.0
2019-07-24,4.37,4.47,4.37,4.39,55232997,,244250224.0
2019-07-25,4.37,4.4,4.34,4.37,39109726,,170650176.0
2019-07-26,4.35,4.39,4.32,4.34,26183636,,113795576.0
2019-07-29,4.35,4.35,4.25,4.26,34327553,,147303632.0
2019-07-30,4.32,4.69,4.31,4.57,216994491,,992076160.0
2019-07-31,4.51,4.57,4.43,4.5,138890839,,625159488.0
2019-08-01,4.49,4.63,4.47,4.51,112793968,,512989664.0
2019-08-02,4.41,4.45,4.31,4.42,86062229,,377375968.0
2019-08-05,4.36,4.42,4.3,4.32,83566142,,363147136.0
2019-08-06,4.2,4.28,4.02,4.19,97859420,,406731488.0
2019-08-07,4.21,4.24,4.12,4.14,48137204,,200648848.0
2019-08-08,4.22,4.25,4.15,4.16,47701422,,200329072.0
2019-08-09,4.18,4.2,4.05,4.07,39001654,,160629296.0
2019-08-12,4.1,4.2,4.09,4.18,42427794,,176124048.0
2019-08-13,4.12,4.15,4.09,4.11,29579711,,121600336.0
2019-08-14,4.18,4.2,4.1,4.11,33566086,,139417136.0
2019-08-15,4.0,4.12,3.97,4.12,38663237,,156599136.0
2019-08-16,4.09,4.23,4.07,4.14,55950676,,232925968.0
2019-08-19,4.18,4.39,4.14,4.36,116551123,,498562112.0
2019-08-20,4.34,4.36,4.24,4.26,85724504,,368655232.0
2019-08-21,4.23,4.27,4.19,4.22,50544785,,213662592.0
2019-08-22,4.24,4.25,4.17,4.22,36610235,,153875856.0
2019-08-23,4.23,4.34,4.2,4.23,75829237,,323643104.0
2019-08-26,4.1,4.15,4.08,4.12,55688431,,229312032.0
2019-08-27,4.15,4.26,4.14,4.2,62513560,,262451728.0
2019-08-28,4.18,4.19,4.13,4.16,34593009,,143861552.0
2019-08-29,4.17,4.19,4.12,4.14,30201536,,125262576.0
2019-08-30,4.18,4.22,4.06,4.09,52799218,,218154496.0
2019-09-02,4.09,4.24,4.07,4.17,59854547,,249603488.0
2019-09-03,4.18,4.21,4.14,4.21,53322438,,222658208.0
2019-09-04,4.19,4.33,4.17,4.3,109747365,,468491104.0
2019-09-05,4.35,4.73,4.35,4.47,262984556,,1196827904.0
2019-09-06,4.5,4.51,4.41,4.47,112854412,,503082048.0
2019-09-09,4.55,4.58,4.44,4.52,111786958,,504251584.0
2019-09-10,4.5,4.58,4.43,4.54,93764109,,422222848.0
2019-09-11,4.6,4.71,4.54,4.55,129178862,,594991040.0
2019-09-12,4.54,4.63,4.48,4.6,97538181,,444774816.0
2019-09-16,4.6,4.6,4.47,4.5,74988620,,339342816.0
2019-09-17,4.47,4.48,4.34,4.36,64470196,,284414944.0
2019-09-18,4.37,4.41,4.34,4.36,41217868,,180293632.0
2019-09-19,4.38,4.42,4.33,4.4,40101657,,175730288.0
2019-09-20,4.39,4.4,4.33,4.38,34379330,,150177488.0
2019-09-23,4.35,4.36,4.21,4.28,50783358,,216130496.0
2019-09-24,4.27,4.34,4.25,4.26,35783307,,153408176.0
2019-09-25,4.24,4.26,4.19,4.2,34283708,,144522128.0
2019-09-26,4.21,4.24,4.11,4.12,36050588,,150505104.0
2019-09-27,4.12,4.18,4.12,4.16,22657801,,94265320.0
2019-09-30,4.17,4.18,4.11,4.11,18930621,,78369040.0
2019-10-08,4.13,4.18,4.11,4.13,20611373,,85327432.0
2019-10-09,4.12,4.2,4.09,4.19,26528376,,110457104.0
2019-10-10,4.25,4.28,4.19,4.25,41007368,,173943008.0
2019-10-11,4.26,4.33,4.17,4.29,56330101,,239871376.0
2019-10-14,4.31,4.58,4.3,4.43,105123267,,466779680.0
2019-10-15,4.38,4.42,4.32,4.33,50672711,,220804192.0
2019-10-16,4.36,4.49,4.33,4.35,67790780,,298573824.0
2019-10-17,4.34,4.36,4.26,4.27,39912147,,171523264.0
2019-10-18,4.28,4.29,4.16,4.16,40538106,,170772800.0
2019-10-21,4.16,4.2,4.11,4.19,24027431,,100025112.0
2019-10-22,4.19,4.21,4.15,4.2,21043171,,88035648.0
2019-10-23,4.2,4.21,4.15,4.16,16844384,,70298144.0
2019-10-24,4.16,4.22,4.15,4.19,24282403,,101783784.0
2019-10-25,4.19,4.25,4.13,4.24,37951602,,159226960.0
2019-10-28,4.23,4.32,4.2,4.31,50766346,,216832176.0
2019-10-29,4.28,4.3,4.18,4.18,39360692,,166647184.0
2019-10-30,4.18,4.23,4.15,4.17,31353398,,131017616.0
2019-10-31,4.16,4.19,4.12,4.13,21874045,,90712528.0
2019-11-01,4.13,4.21,4.12,4.2,26560268,,111143896.0
2019-11-04,4.2,4.24,4.17,4.18,24942659,,104870008.0
2019-11-05,4.2,4.3,4.18,4.24,58795399,,249331504.0
2019-11-06,4.22,4.23,4.13,4.15,37057594,,154729184.0
2019-11-07,4.16,4.19,4.14,4.16,19257313,,80136032.0
2019-11-08,4.2,4.31,4.16,4.21,54918032,,232432832.0
2019-11-11,4.16,4.18,4.11,4.12,39134659,,161821184.0
2019-11-12,4.13,4.15,4.11,4.14,22158560,,91449408.0
2019-11-13,4.13,4.13,4.1,4.1,16711179,,68731248.0
2019-11-14,4.09,4.11,4.01,4.06,30790069,,125097896.0
2019-11-15,4.05,4.07,4.0,4.01,19723506,,79466712.0
2019-11-18,4.01,4.06,3.99,4.04,17891621,,72229056.0
2019-11-19,4.03,4.08,4.02,4.08,21893238,,88724520.0
2019-11-20,4.06,4.08,4.02,4.02,14345520,,58046600.0
2019-11-21,4.0,4.04,3.99,4.03,11844786,,47590684.0
2019-11-22,4.04,4.08,4.0,4.01,19616903,,79171000.0
2019-11-25,4.01,4.03,4.0,4.03,21220610,,85205192.0
2019-11-26,4.03,4.04,4.0,4.01,13902687,,55831356.0
2019-11-27,4.01,4.03,3.98,4.0,15378070,,61582772.0
2019-11-28,4.01,4.01,3.93,3.94,25678871,,101683648.0
2019-11-29,3.94,4.0,3.94,3.98,21376070,,84929288.0
2019-12-02,4.0,4.04,3.95,3.97,21661510,,86520624.0
2019-12-03,3.95,3.99,3.93,3.99,15175667,,60035228.0
2019-12-04,3.97,3.99,3.95,3.97,11789374,,46773884.0
2019-12-05,3.98,4.04,3.98,4.02,29177677,,117203432.0
2019-12-06,4.01,4.03,3.99,4.03,13732748,,55040516.0
2019-12-09,4.04,4.05,3.99,4.01,15970654,,64108348.0
2019-12-10,4.0,4.01,3.98,4.01,13548216,,54128376.0
2019-12-11,4.01,4.04,3.97,4.01,26650871,,106768848.0
2019-12-12,4.0,4.0,3.96,3.97,16738122,,66617980.0
2019-12-13,4.0,4.19,4.0,4.15,100546730,,413678752.0
2019-12-16,4.17,4.26,4.1,4.24,94477010,,396060256.0
2019-12-17,4.23,4.6,4.19,4.37,182370820,,804440256.0
2019-12-18,4.31,4.43,4.31,4.36,106020854,,462794176.0
2019-12-19,4.35,4.39,4.32,4.36,52377170,,227896064.0
2019-12-20,4.38,4.46,4.29,4.3,92045361,,403578464.0
2019-12-23,4.28,4.35,4.16,4.18,67866204,,288697984.0
2019-12-24,4.22,4.23,4.15,4.22,42532115,,178477264.0
2019-12-25,4.21,4.28,4.16,4.23,43632824,,183772832.0
2019-12-26,4.22,4.33,4.19,4.32,55951391,,239068176.0
2019-12-27,4.33,4.58,4.31,4.31,152856607,,677964864.0
2019-12-30,4.26,4.52,4.22,4.44,127764890,,560979072.0
2019-12-31,4.43,4.48,4.37,4.43,68554368,,303423168.0
2020-01-02,4.53,4.56,4.42,4.44,94279007,,421747392.0
2020-01-03,4.41,4.53,4.39,4.46,81310017,,362027584.0
2020-01-06,4.43,4.56,4.41,4.46,94014409,,421625664.0
2020-01-07,4.48,4.52,4.41,4.51,82073564,,367251392.0
2020-01-08,4.46,4.47,4.32,4.34,79809928,,351180032.0
2020-01-09,4.4,4.47,4.39,4.41,54392918,,240765312.0
2020-01-10,4.45,4.47,4.38,4.4,40015546,,176855168.0
2020-01-13,4.38,4.43,4.29,4.43,52860239,,229931104.0
2020-01-14,4.42,4.47,4.39,4.4,47928540,,212351536.0
2020-01-15,4.38,4.39,4.32,4.34,39144611,,170230880.0
2020-01-16,4.36,4.36,4.3,4.31,30351244,,131196616.0
2020-01-17,4.33,4.39,4.31,4.32,37888077,,164779824.0
2020-01-20,4.35,4.39,4.3,4.39,34857726,,151910080.0
2020-01-21,4.34,4.38,4.31,4.31,34792836,,151068000.0
2020-01-22,4.29,4.38,4.21,4.34,44808328,,192214112.0
2020-01-23,4.29,4.29,4.08,4.14,62635643,,262545120.0
2020-02-03,3.73,3.73,3.73,3.73,11338700,,42293352.0
2020-02-04,3.38,3.7,3.38,3.59,75396488,,270425920.0
2020-02-05,3.6,3.74,3.57,3.64,55194341,,201881488.0
2020-02-06,3.64,3.75,3.59,3.72,65792079,,241754624.0
2020-02-07,3.69,3.74,3.67,3.74,48954862,,181681296.0
2020-02-10,3.71,3.82,3.68,3.8,46845201,,176521744.0
2020-02-11,3.81,3.87,3.78,3.79,49487763,,189117072.0
2020-02-12,3.77,3.88,3.75,3.85,41638813,,159313904.0
2020-02-13,3.84,3.89,3.76,3.78,42145886,,160508288.0
2020-02-14,3.77,4.05,3.75,3.94,119617490,,469854592.0
2020-02-17,4.0,4.08,3.93,4.07,95064930,,382120096.0
2020-02-18,4.04,4.07,3.97,4.04,68674593,,275965760.0
2020-02-19,4.01,4.17,3.97,4.07,103186598,,422270816.0
2020-02-20,4.03,4.38,4.0,4.27,155104223,,646209472.0
2020-02-21,4.24,4.36,4.19,4.24,122721701,,522617344.0
2020-02-24,4.17,4.35,4.15,4.27,109100336,,463003168.0
2020-02-25,4.16,4.26,4.07,4.21,109023145,,455252096.0
2020-02-26,4.15,4.3,4.12,4.16,95636935,,403765856.0
2020-02-27,4.18,4.27,4.11,4.14,75094036,,313917472.0
2020-02-28,3.99,4.04,3.81,3.81,98246998,,385853152.0
2020-03-02,3.86,4.01,3.85,4.0,56081312,,220893824.0
2020-03-03,4.07,4.12,3.98,4.02,69042539,,279852832.0
2020-03-04,3.98,4.1,3.97,4.09,63654772,,257224992.0
2020-03-05,4.14,4.4,4.07,4.33,191553232,,816559680.0
2020-03-06,4.25,4.3,4.16,4.19,99081754,,417313632.0
2020-03-09,4.1,4.17,4.01,4.04,86036882,,351116128.0
2020-03-10,4.0,4.18,3.96,4.14,78639136,,319859808.0
2020-03-11,4.11,4.14,4.01,4.02,61171947,,249541376.0
2020-03-12,3.98,4.07,3.95,3.99,52261352,,209274272.0
2020-03-13,3.8,3.98,3.71,3.94,59728940,,230552256.0
2020-03-16,3.98,3.98,3.72,3.76,52389720,,202326288.0
2020-03-17,3.8,3.85,3.63,3.75,37906938,,141918080.0
2020-03-18,3.78,3.81,3.6,3.63,47008984,,175137536.0
2020-03-19,3.63,3.67,3.51,3.64,43290116,,155936464.0
2020-03-20,3.68,3.69,3.6,3.68,26063352,,95180616.0
2020-03-23,3.59,3.61,3.51,3.52,31072189,,110684248.0
2020-03-24,3.59,3.61,3.5,3.58,27556084,,98293680.0
2020-03-25,3.66,3.69,3.62,3.67,34560498,,126481864.0
2020-03-26,3.63,3.67,3.61,3.62,20657015,,75189616.0
2020-03-27,3.67,3.7,3.62,3.63,24627755,,90000688.0
2020-03-30,3.58,3.58,3.51,3.54,21813045,,77272224.0
2020-03-31,3.57,3.6,3.5,3.52,24787933,,88012216.0
2020-04-01,3.5,3.57,3.48,3.49,21303519,,75166944.0
2020-04-02,3.48,3.57,3.46,3.57,24019006,,84437312.0
2020-04-03,3.55,3.56,3.47,3.5,23263700,,81642128.0
2020-04-07,3.55,3.6,3.54,3.59,31424884,,112223616.0
2020-04-08,3.56,3.61,3.55,3.58,25575105,,91663168.0
2020-04-09,3.61,3.68,3.6,3.63,43097172,,157345936.0
2020-04-10,3.64,3.64,3.54,3.56,26360020,,94422736.0
2020-04-13,3.54,3.55,3.5,3.52,15624549,,55090572.0
2020-04-14,3.54,3.62,3.53,3.6,24089289,,86188416.0
2020-04-15,3.61,3.64,3.57,3.57,26280243,,94609624.0
2020-04-16,3.55,3.61,3.54,3.59,23882480,,85566752.0
2020-04-17,3.6,3.62,3.56,3.56,25542700,,91833032.0
2020-04-20,3.58,3.58,3.55,3.58,15736924,,56111336.0
2020-04-21,3.56,3.57,3.49,3.51,25599667,,89979864.0
2020-04-22,3.5,3.55,3.48,3.54,18885317,,66416732.0
2020-04-23,3.53,3.55,3.49,3.5,17140776,,60110904.0
2020-04-24,3.51,3.51,3.43,3.45,22656007,,78475248.0
2020-04-27,3.45,3.49,3.43,3.47,18658886,,64659932.0
2020-04-28,3.49,3.51,3.38,3.44,21857389,,75386184.0
2020-04-29,3.41,3.46,3.4,3.43,14182463,,48676044.0
2020-04-30,3.44,3.62,3.44,3.6,46821073,,165866560.0
2020-05-06,3.6,3.62,3.53,3.59,45513957,,162536432.0
2020-05-07,3.55,3.61,3.53,3.54,26630520,,94853800.0
2020-05-08,3.57,3.66,3.55,3.6,47829027,,172354672.0
2020-05-11,3.6,3.62,3.54,3.56,26456489,,94703696.0
2020-05-12,3.55,3.57,3.5,3.53,17363897,,61306820.0
2020-05-13,3.51,3.55,3.5,3.54,12503252,,44058736.0
2020-05-14,3.5,3.52,3.48,3.49,18908029,,66166372.0
2020-05-15,3.52,3.52,3.49,3.49,14409529,,50472340.0
2020-05-18,3.52,3.57,3.49,3.52,23930387,,84480240.0
2020-05-19,3.55,3.57,3.53,3.55,17200840,,61020440.0
2020-05-20,3.54,3.55,3.51,3.52,15623121,,55065812.0
2020-05-21,3.53,3.57,3.52,3.53,22272080,,78801536.0
2020-05-22,3.53,3.53,3.42,3.43,21610252,,74996184.0
2020-05-25,3.43,3.45,3.4,3.42,13365557,,45750096.0
2020-05-26,3.42,3.45,3.42,3.45,13532979,,46560368.0
2020-05-27,3.44,3.44,3.38,3.39,16954435,,57742628.0
2020-05-28,3.39,3.5,3.39,3.45,30901312,,106882496.0
2020-05-29,3.44,3.45,3.4,3.42,15982934,,54814924.0
2020-06-01,3.46,3.57,3.45,3.54,44402239,,156352688.0
2020-06-02,3.54,3.57,3.51,3.54,26902273,,95228192.0
2020-06-03,3.55,3.6,3.51,3.52,29294570,,103929520.0
2020-06-04,3.54,3.55,3.47,3.48,22977793,,80330520.0
2020-06-05,3.48,3.5,3.44,3.5,20436841,,70904040.0
2020-06-08,3.51,3.53,3.48,3.49,15756269,,55138140.0
2020-06-09,3.49,3.54,3.48,3.5,24021485,,84321072.0
2020-06-10,3.5,3.5,3.45,3.46,18647112,,64640904.0
2020-06-11,3.47,3.52,3.44,3.45,27605724,,96003888.0
2020-06-12,3.41,3.55,3.39,3.52,38370672,,133354776.0
2020-06-15,3.49,3.53,3.45,3.45,28961633,,101031640.0
2020-06-16,3.48,3.49,3.45,3.49,18372968,,63802968.0
2020-06-17,3.49,3.49,3.45,3.47,16271079,,56384420.0
2020-06-18,3.48,3.54,3.46,3.51,31866392,,111624856.0
2020-06-19,3.48,3.6,3.47,3.57,63554761,,225147280.0
2020-06-22,3.55,3.73,3.53,3.6,79713420,,289193280.0
2020-06-23,3.58,3.63,3.55,3.63,38878807,,139689296.0
2020-06-24,3.64,3.69,3.61,3.64,40642105,,148047840.0
2020-06-29,3.62,3.62,3.51,3.52,31070584,,110211008.0
2020-06-30,3.54,3.71,3.53,3.71,67971959,,246845472.0
2020-07-01,3.73,3.75,3.63,3.72,68275908,,251698944.0
2020-07-02,3.7,4.03,3.68,3.94,139124006,,535317216.0
2020-07-03,3.97,4.19,3.9,4.15,180710038,,729820672.0
2020-07-06,4.27,4.53,4.19,4.51,211037749,,923229888.0
2020-07-07,4.7,4.7,4.3,4.38,209221897,,938876160.0
2020-07-08,4.31,4.65,4.31,4.55,200074774,,895424704.0
2020-07-09,4.48,4.77,4.4,4.61,184874874,,839758016.0
2020-07-10,4.5,4.57,4.4,4.41,112676299,,504344960.0
2020-07-13,4.39,4.59,4.36,4.55,124265452,,560212032.0
2020-07-14,4.51,4.68,4.45,4.62,171429826,,782939200.0
2020-07-15,4.63,4.88,4.35,4.55,220244392,,1014431040.0
2020-07-16,4.58,4.65,4.19,4.23,167406771,,750499712.0
2020-07-17,4.23,4.31,4.02,4.08,107638987,,445377504.0
2020-07-20,4.14,4.36,4.11,4.36,106802648,,453879872.0
2020-07-21,4.34,4.41,4.23,4.27,73658724,,317012160.0
2020-07-22,4.31,4.43,4.21,4.29,95636602,,414436448.0
2020-07-23,4.25,4.31,4.08,4.2,78027876,,326970272.0
2020-07-24,4.17,4.24,3.95,3.98,79653406,,323981760.0
2020-07-27,4.0,4.03,3.9,3.94,39927415,,158034752.0
2020-07-28,3.97,4.0,3.88,3.94,41896409,,164959632.0
2020-07-29,3.91,4.06,3.89,4.03,63545678,,254480512.0
2020-07-30,4.02,4.03,3.96,3.97,48102190,,192051184.0
2020-07-31,3.96,4.07,3.95,4.01,65795806,,263603920.0
2020-08-03,4.1,4.27,4.09,4.24,113454318,,475965728.0
2020-08-04,4.18,4.29,4.18,4.2,77267440,,326017760.0
2020-08-05,4.18,4.2,4.12,4.16,51610828,,214415024.0
2020-08-06,4.15,4.19,4.05,4.17,62980998,,259511616.0
2020-08-07,4.15,4.15,4.01,4.08,55994366,,227849792.0
2020-08-10,4.05,4.15,4.03,4.1,47464080,,194373040.0
2020-08-11,4.1,4.15,3.96,3.99,57222017,,232317008.0
2020-08-12,3.99,4.01,3.91,3.97,41639379,,164811808.0
2020-08-13,3.99,4.03,3.95,4.0,31908986,,127390688.0
2020-08-14,3.98,4.05,3.95,4.05,33104246,,132474944.0
2020-08-17,4.08,4.26,4.06,4.2,102625305,,427548736.0
2020-08-18,4.2,4.23,4.15,4.18,66874987,,280186528.0
2020-08-19,4.2,4.21,4.09,4.1,51998176,,216115488.0
2020-08-20,4.1,4.2,4.07,4.11,55200377,,228002592.0
2020-08-21,4.12,4.17,4.08,4.13,35882632,,148023888.0
2020-08-24,4.12,4.14,4.08,4.1,36977275,,151668032.0
2020-08-25,4.11,4.15,4.05,4.07,43111203,,176620240.0
2020-08-26,4.07,4.07,3.98,3.99,45465703,,182658944.0
2020-08-27,3.99,4.03,3.96,4.01,25967686,,103635864.0
2020-08-28,4.0,4.09,3.99,4.08,36851928,,148851136.0
2020-08-31,4.08,4.15,4.04,4.05,50523080,,207202512.0
2020-09-01,4.05,4.06,4.0,4.06,25814538,,104190904.0
2020-09-02,4.06,4.09,4.01,4.06,28534446,,115505560.0
2020-09-03,4.05,4.09,4.0,4.01,30721487,,124050288.0
2020-09-04,3.95,3.98,3.91,3.97,24806822,,97963056.0
2020-09-07,3.96,3.99,3.9,3.91,31672370,,124842432.0
2020-09-08,3.93,3.99,3.9,3.98,35963855,,141757840.0
2020-09-09,3.94,4.0,3.92,3.95,35263193,,139497584.0
2020-09-10,3.98,3.98,3.85,3.85,35890542,,140383536.0
2020-09-11,3.84,3.87,3.82,3.86,19542371,,75200288.0
2020-09-14,3.87,3.88,3.83,3.84,18137905,,69909872.0
2020-09-15,3.84,3.85,3.81,3.84,15274746,,58535688.0
2020-09-16,3.83,3.87,3.82,3.84,12865508,,49455452.0
2020-09-17,3.85,3.86,3.8,3.83,17185649,,65835620.0
2020-09-18,3.82,3.99,3.82,3.99,44011277,,172477088.0
2020-09-21,4.02,4.05,3.92,3.93,35032387,,138799376.0
2020-09-22,3.9,4.03,3.9,3.93,36187130,,143216464.0
2020-09-23,3.94,3.95,3.88,3.9,17499241,,68415576.0
2020-09-24,3.88,3.9,3.83,3.83,22384970,,86328544.0
2020-09-25,3.84,3.9,3.82,3.86,17865056,,68919136.0
2020-09-28,3.85,3.88,3.84,3.85,11456040,,44165656.0
2020-09-29,3.88,3.9,3.86,3.86,14114616,,54663380.0
2020-09-30,3.85,3.87,3.79,3.8,16732143,,64023704.0
2020-10-09,3.85,3.89,3.83,3.87,16128549,,62406864.0
2020-10-12,3.88,3.98,3.88,3.98,35513087,,140173648.0
2020-10-13,3.95,3.97,3.92,3.95,18851082,,74232992.0
2020-10-14,3.93,3.94,3.89,3.9,18291901,,71514232.0
2020-10-15,3.91,3.95,3.88,3.9,17033207,,66727984.0
2020-10-16,3.9,3.93,3.88,3.9,16984729,,66283228.0
2020-10-19,3.91,3.96,3.86,3.87,19448780,,76054608.0
2020-10-20,3.85,3.89,3.84,3.88,11348480,,43837428.0
2020-10-21,3.88,3.89,3.84,3.86,12272500,,47349692.0
2020-10-22,3.84,3.89,3.83,3.86,13504454,,52001464.0
2020-10-23,3.85,3.88,3.83,3.83,12418863,,47893500.0
2020-10-26,3.83,3.84,3.75,3.78,17872200,,67843112.0
2020-10-27,3.75,3.77,3.68,3.69,19254278,,71518704.0
2020-10-28,3.69,3.7,3.57,3.61,22138342,,80004152.0
2020-10-29,3.58,3.67,3.55,3.65,16923494,,61318304.0
2020-10-30,3.64,3.67,3.53,3.54,18147950,,65269708.0
2020-11-02,3.54,3.6,3.52,3.55,13973834,,49652440.0
2020-11-03,3.55,3.68,3.55,3.64,17396443,,63095564.0
2020-11-04,3.65,3.66,3.57,3.6,14860954,,53548808.0
2020-11-05,3.63,3.67,3.61,3.66,16426099,,59856200.0
2020-11-06,3.66,3.68,3.61,3.65,15416520,,56254812.0
2020-11-09,3.66,3.77,3.66,3.74,32865463,,122360168.0
2020-11-10,3.73,3.77,3.67,3.69,24140322,,89784512.0
2020-11-11,3.68,3.69,3.65,3.66,15104825,,55359632.0
2020-11-12,3.66,3.67,3.62,3.63,12472814,,45378824.0
2020-11-13,3.61,3.64,3.59,3.62,13063925,,47112884.0
2020-11-16,3.64,3.66,3.62,3.65,13436465,,48972668.0
2020-11-17,3.65,3.66,3.62,3.65,11016179,,40087100.0
2020-11-18,3.65,3.7,3.63,3.69,21148133,,77804024.0
2020-11-19,3.67,3.71,3.66,3.7,14428138,,53223500.0
2020-11-20,3.69,3.71,3.65,3.69,12495464,,45933056.0
2020-11-23,3.68,3.8,3.66,3.76,37426268,,139736832.0
2020-11-24,3.73,3.79,3.71,3.71,22666345,,84808432.0
2020-11-25,3.73,3.76,3.66,3.66,18877967,,70164304.0
2020-11-26,3.67,3.72,3.65,3.7,14097701,,52044028.0
2020-11-27,3.69,3.79,3.68,3.78,22813754,,85248728.0
2020-11-30,3.8,3.89,3.75,3.76,53507498,,205465568.0
2020-12-01,3.74,4.01,3.73,3.95,90007413,,350524512.0
2020-12-02,3.91,3.97,3.86,3.9,58465336,,228675616.0
2020-12-03,3.9,4.01,3.87,3.99,72316115,,285849152.0
2020-12-04,3.96,3.96,3.86,3.9,42573248,,166108752.0
2020-12-07,3.89,3.9,3.79,3.8,33920218,,130088600.0
2020-12-08,3.79,3.83,3.77,3.79,17160626,,65203904.0
2020-12-09,3.79,3.83,3.72,3.72,22173721,,83882888.0
2020-12-10,3.71,3.75,3.69,3.71,17367554,,64646976.0
2020-12-11,3.72,3.73,3.65,3.68,21540324,,79327448.0
2020-12-14,3.68,3.71,3.65,3.69,10692936,,39406908.0
2020-12-15,3.67,3.71,3.66,3.69,9512837,,35079016.0
2020-12-16,3.7,3.72,3.67,3.67,10545166,,38904120.0
2020-12-17,3.66,3.74,3.63,3.74,20521038,,75821464.0
2020-12-18,3.73,3.76,3.71,3.73,17072923,,63778032.0
2020-12-21,3.73,3.77,3.7,3.74,16553392,,61829228.0
2020-12-22,3.73,3.74,3.6,3.62,26662748,,97931344.0
2020-12-23,3.64,3.67,3.62,3.64,14624737,,53309180.0
2020-12-24,3.65,3.66,3.58,3.6,23510799,,84949920.0
2020-12-25,3.61,3.66,3.6,3.65,19974682,,72685208.0
2020-12-28,3.65,3.66,3.6,3.62,16608999,,60194384.0
2020-12-29,3.62,3.69,3.57,3.64,20343564,,74261008.0
2020-12-30,3.64,3.69,3.62,3.68,19041286,,69832048.0
2020-12-31,3.68,3.81,3.68,3.77,40711133,,153301904.0
2021-01-04,3.78,3.8,3.71,3.77,33017950,,124220248.0
2021-01-05,3.75,3.77,3.69,3.75,29617193,,110505592.0
2021-01-06,3.74,3.77,3.66,3.69,25576380,,94667552.0
2021-01-07,3.68,3.7,3.55,3.6,38330296,,138231584.0
2021-01-08,3.59,3.63,3.54,3.6,20756513,,74508536.0
2021-01-11,3.58,3.6,3.5,3.51,26546124,,94059176.0
2021-01-12,3.5,3.61,3.49,3.6,29917331,,106328248.0
2021-01-13,3.59,3.59,3.49,3.51,31792476,,112062096.0
2021-01-14,3.49,3.54,3.48,3.51,16023032,,56411876.0
2021-01-15,3.51,3.58,3.5,3.52,19613560,,69401672.0
2021-01-18,3.5,3.55,3.5,3.54,14713797,,51926696.0
2021-01-19,3.53,3.78,3.51,3.6,37751190,,136069600.0
2021-01-20,3.58,3.61,3.56,3.57,17971098,,64387376.0
2021-01-21,3.58,3.65,3.57,3.6,23191310,,83747744.0
2021-01-22,3.61,3.61,3.53,3.54,18084909,,64431856.0
2021-01-25,3.52,3.53,3.46,3.48,21129760,,73856504.0
2021-01-26,3.47,3.48,3.4,3.41,15328371,,52637404.0
2021-01-27,3.41,3.43,3.38,3.4,11946656,,40730256.0
2021-01-28,3.39,3.48,3.37,3.44,18622370,,63648580.0
2021-01-29,3.43,3.45,3.37,3.4,13482000,,45997328.0
2021-02-01,3.4,3.42,3.36,3.38,10626176,,35928056.0
2021-02-02,3.37,3.39,3.35,3.36,9907916,,33353840.0
2021-02-03,3.36,3.37,3.31,3.31,11470588,,38330244.0
2021-02-04,3.3,3.31,3.14,3.18,19525654,,62620048.0
2021-02-05,3.18,3.23,3.16,3.17,12995985,,41535880.0
2021-02-08,3.17,3.22,3.16,3.19,10308308,,32889196.0
2021-02-09,3.2,3.26,3.17,3.24,14964337,,48166984.0
2021-02-10,3.24,3.26,3.22,3.23,11408516,,36935188.0
2021-02-18,3.26,3.32,3.25,3.3,14646790,,48210568.0
2021-02-19,3.3,3.39,3.28,3.39,17198950,,57680220.0
2021-02-22,3.4,3.48,3.37,3.39,26560518,,91071904.0
2021-02-23,3.4,3.42,3.37,3.38,13190645,,44768032.0
2021-02-24,3.39,3.43,3.37,3.4,15020976,,51082624.0
2021-02-25,3.41,3.45,3.39,3.42,14749403,,50469500.0
2021-02-26,3.37,3.42,3.35,3.36,12788315,,43255812.0
2021-03-01,3.39,3.39,3.37,3.39,7757753,,26223974.0
2021-03-02,3.39,3.39,3.32,3.35,12061387,,40467800.0
2021-03-03,3.34,3.4,3.33,3.4,11241238,,37956872.0
2021-03-04,3.38,3.39,3.36,3.38,10520236,,35533040.0
2021-03-05,3.38,3.45,3.38,3.42,15993175,,54771724.0
2021-03-08,3.43,3.46,3.39,3.41,13268595,,45439876.0
2021-03-09,3.41,3.41,3.31,3.38,15604324,,52502544.0
2021-03-10,3.37,3.39,3.26,3.26,13792400,,45781628.0
2021-03-11,3.28,3.32,3.25,3.32,10626598,,34969748.0
2021-03-12,3.31,3.39,3.28,3.36,15918903,,53045636.0
2021-03-15,3.34,3.39,3.34,3.38,11061867,,37206772.0
2021-03-16,3.37,3.39,3.35,3.38,8354995,,28157898.0
2021-03-17,3.38,3.41,3.36,3.39,10993228,,37216396.0
2021-03-18,3.39,3.4,3.35,3.35,9674820,,32558306.0
2021-03-19,3.33,3.41,3.33,3.36,11489496,,38587508.0
2021-03-22,3.36,3.43,3.34,3.39,16026313,,54305476.0
2021-03-23,3.4,3.42,3.36,3.4,14497057,,49126104.0
2021-03-24,3.39,3.58,3.38,3.5,62237475,,217459552.0
2021-03-25,3.45,3.53,3.45,3.49,26202062,,91448656.0
2021-03-26,3.47,3.5,3.45,3.47,16418813,,57017916.0
2021-03-29,3.47,3.48,3.42,3.45,15544142,,53587768.0
2021-03-30,3.44,3.48,3.42,3.44,11294108,,38880944.0
2021-03-31,3.43,3.44,3.32,3.34,27429401,,92500584.0
2021-04-01,3.34,3.35,3.31,3.33,14106029,,46921504.0
2021-04-02,3.34,3.35,3.32,3.33,9773750,,32542308.0
2021-04-06,3.33,3.35,3.32,3.33,9021221,,30086586.0
2021-04-07,3.33,3.37,3.31,3.34,13168143,,43936996.0
2021-04-08,3.34,3.41,3.32,3.36,23175964,,78133064.0
2021-04-09,3.35,3.35,3.31,3.32,14576500,,48473472.0
2021-04-12,3.32,3.34,3.3,3.32,9644522,,32023864.0
2021-04-13,3.32,3.33,3.27,3.28,11986932,,39477232.0
2021-04-14,3.29,3.31,3.28,3.3,5776062,,19032682.0
2021-04-15,3.28,3.3,3.26,3.28,8378889,,27481176.0
2021-04-16,3.28,3.34,3.28,3.33,11788245,,39128640.0
2021-04-19,3.34,3.38,3.32,3.35,16161494,,54141352.0
2021-04-20,3.36,3.38,3.32,3.34,15945956,,53404052.0
2021-04-21,3.33,3.34,3.32,3.33,6733064,,22399918.0
2021-04-22,3.33,3.35,3.31,3.32,9185560,,30560600.0
2021-04-23,3.31,3.32,3.25,3.27,13175651,,43137476.0
2021-04-26,3.26,3.3,3.23,3.25,9720425,,31760612.0
2021-04-27,3.24,3.25,3.21,3.21,10819117,,34875480.0
2021-04-28,3.2,3.22,3.19,3.2,7939462,,25431446.0
2021-04-29,3.19,3.26,3.18,3.23,12236036,,39536248.0
2021-04-30,3.23,3.23,3.18,3.2,12129461,,38774748.0
2021-05-06,3.2,3.23,3.19,3.19,8894572,,28530086.0
2021-05-07,3.2,3.22,3.19,3.2,8509834,,27254656.0
2021-05-10,3.21,3.22,3.18,3.19,8457716,,27005832.0
2021-05-11,3.18,3.22,3.17,3.21,12576075,,40266820.0
2021-05-12,3.21,3.24,3.2,3.23,11474680,,36958976.0
2021-05-13,3.23,3.25,3.2,3.22,10584019,,34144848.0
2021-05-14,3.23,3.34,3.22,3.34,37848645,,124712624.0
2021-05-17,3.31,3.33,3.26,3.27,24473204,,80614440.0
2021-05-18,3.26,3.3,3.26,3.28,8975821,,29472130.0
2021-05-19,3.27,3.28,3.24,3.26,10603213,,34509040.0
2021-05-20,3.26,3.37,3.23,3.31,26315299,,86834304.0
2021-05-21,3.33,3.34,3.26,3.27,17130452,,56521508.0
2021-05-24,3.26,3.34,3.26,3.3,17622570,,58270388.0
2021-05-25,3.31,3.43,3.29,3.37,43764408,,147552880.0
2021-05-26,3.38,3.47,3.36,3.38,39485364,,134674976.0
2021-05-27,3.38,3.41,3.34,3.35,25446144,,85851608.0
2021-05-28,3.36,3.47,3.35,3.43,44989153,,154250416.0
2021-05-31,3.41,3.46,3.36,3.37,27341199,,92645760.0
2021-06-01,3.38,3.38,3.34,3.37,19594200,,65823712.0
2021-06-02,3.35,3.39,3.3,3.32,20248124,,67565584.0
2021-06-03,3.33,3.37,3.32,3.34,14517510,,48498292.0
2021-06-04,3.33,3.41,3.31,3.36,21411537,,71759080.0
2021-06-07,3.35,3.36,3.3,3.32,19414526,,64508968.0
2021-06-08,3.3,3.34,3.3,3.31,15304739,,50753824.0
2021-06-09,3.31,3.32,3.29,3.31,11329054,,37444204.0
2021-06-10,3.31,3.34,3.3,3.31,14439404,,47842612.0
2021-06-11,3.3,3.32,3.27,3.28,12970360,,42754404.0
2021-06-15,3.28,3.29,3.23,3.24,11847740,,38456708.0
2021-06-16,3.23,3.28,3.22,3.26,10549566,,34343220.0
2021-06-17,3.26,3.28,3.23,3.24,8690782,,28249756.0
2021-06-18,3.24,3.26,3.22,3.25,7982462,,25910336.0
2021-06-21,3.25,3.26,3.22,3.23,13091169,,42406216.0
2021-06-22,3.22,3.26,3.2,3.24,15161134,,48974068.0
2021-06-23,3.23,3.25,3.21,3.24,14864531,,47980912.0
2021-06-24,3.23,3.26,3.22,3.25,14672054,,47576416.0
2021-06-25,3.24,3.32,3.23,3.31,27095321,,88945952.0
2021-06-28,3.3,3.31,3.25,3.26,14390350,,47053776.0
2021-06-29,3.25,3.26,3.21,3.21,11780200,,38062536.0
2021-06-30,3.21,3.23,3.2,3.22,10364583,,33330584.0
2021-07-01,3.25,3.26,3.19,3.2,12377711,,39766868.0
2021-07-02,3.18,3.2,3.16,3.18,10772450,,34203028.0
2021-07-05,3.18,3.19,3.16,3.17,8239084,,26119284.0
2021-07-06,3.17,3.19,3.16,3.18,7493424,,23800196.0
2021-07-07,3.16,3.19,3.16,3.17,7722657,,24535162.0
2021-07-08,3.19,3.19,3.16,3.17,8201958,,26020912.0
2021-07-09,3.17,3.21,3.16,3.19,13607766,,43323608.0
2021-07-12,3.23,3.24,3.19,3.19,13669994,,43846892.0
2021-07-13,3.19,3.2,3.18,3.2,10646463,,33970668.0
2021-07-14,3.2,3.21,3.18,3.19,9904137,,31664978.0
2021-07-15,3.19,3.22,3.18,3.21,10637884,,34046780.0
2021-07-16,3.21,3.21,3.18,3.19,11376654,,36288836.0
2021-07-19,3.19,3.19,3.16,3.17,8061299,,25598510.0
2021-07-20,3.17,3.19,3.16,3.18,6062621,,19240534.0
2021-07-21,3.19,3.21,3.17,3.19,10697109,,34116864.0
2021-07-22,3.19,3.26,3.18,3.23,25239560,,81431928.0
2021-07-23,3.23,3.29,3.19,3.25,28459681,,92167344.0
2021-07-26,3.25,3.26,3.18,3.19,22436394,,72066016.0
2021-07-27,3.2,3.21,3.16,3.17,16075362,,51073636.0
2021-07-28,3.16,3.19,3.11,3.14,22428723,,70729904.0
2021-07-29,3.15,3.16,3.12,3.13,14763868,,46344684.0
2021-07-30,3.13,3.14,3.05,3.06,21380262,,65675340.0
2021-08-02,3.06,3.15,3.02,3.1,18807784,,58071004.0
2021-08-03,3.1,3.16,3.08,3.11,14915068,,46517160.0
2021-08-04,3.11,3.12,3.07,3.09,12937808,,40012184.0
2021-08-05,3.08,3.12,3.06,3.08,11318970,,34951276.0
2021-08-06,3.07,3.09,3.06,3.08,7869356,,24184082.0
2021-08-09,3.07,3.14,3.07,3.12,17538813,,54610364.0
2021-08-10,3.11,3.14,3.09,3.13,14332182,,44640592.0
2021-08-11,3.12,3.14,3.1,3.11,13695398,,42756856.0
2021-08-12,3.12,3.13,3.09,3.11,10840594,,33693056.0
2021-08-13,3.11,3.12,3.08,3.1,9332699,,28914040.0
2021-08-16,3.1,3.14,3.09,3.13,16356381,,51010428.0
2021-08-17,3.12,3.19,3.11,3.11,28785803,,90666880.0
2021-08-18,3.1,3.26,3.1,3.23,54995068,,175591824.0
2021-08-19,3.22,3.25,3.17,3.18,35094215,,112342544.0
2021-08-20,3.16,3.25,3.15,3.22,28184796,,90275712.0
2021-08-23,3.23,3.25,3.2,3.22,24831060,,79951656.0
2021-08-24,3.22,3.29,3.18,3.25,32465844,,105075520.0
2021-08-25,3.24,3.26,3.21,3.25,19355427,,62637952.0
2021-08-26,3.25,3.38,3.22,3.3,49227359,,162654944.0
2021-08-27,3.28,3.3,3.24,3.25,24580039,,80157008.0
2021-08-30,3.25,3.27,3.21,3.23,16818410,,54392960.0
2021-08-31,3.23,3.29,3.2,3.27,24959657,,81050848.0
2021-09-01,3.28,3.41,3.27,3.35,60636442,,202922512.0
2021-09-02,3.36,3.41,3.33,3.38,42453486,,143329472.0
2021-09-03,3.51,3.55,3.34,3.35,51791544,,176999312.0
2021-09-06,3.33,3.44,3.33,3.37,40161258,,136233504.0
2021-09-07,3.38,3.43,3.36,3.42,34282490,,116311880.0
2021-09-08,3.41,3.49,3.4,3.46,37772307,,130403744.0
2021-09-09,3.44,3.46,3.41,3.46,26818324,,92323624.0
2021-09-10,3.47,3.54,3.43,3.44,45635668,,158802112.0
2021-09-13,3.42,3.48,3.41,3.45,27658728,,95236232.0
2021-09-14,3.46,3.49,3.37,3.38,29523292,,101088776.0
2021-09-15,3.36,3.46,3.36,3.44,27992446,,95919976.0
2021-09-16,3.47,3.47,3.36,3.39,26712071,,91392520.0
2021-09-17,3.38,3.39,3.33,3.35,21130635,,70889488.0
2021-09-22,3.3,3.35,3.3,3.34,16606070,,55198884.0
2021-09-23,3.33,3.42,3.32,3.41,26033849,,88444872.0
2021-09-24,3.42,3.46,3.38,3.39,20882600,,71309368.0
2021-09-27,3.37,3.39,3.26,3.29,24195066,,80374736.0
2021-09-28,3.3,3.32,3.28,3.31,11977418,,39595556.0
2021-09-29,3.28,3.3,3.25,3.27,15692326,,51328908.0
2021-09-30,3.26,3.28,3.22,3.27,17640933,,57336660.0
2021-10-08,3.29,3.32,3.28,3.3,15278698,,50459192.0
2021-10-11,3.32,3.33,3.28,3.3,12561478,,41534404.0
2021-10-12,3.29,3.3,3.24,3.25,15625644,,51064104.0
2021-10-13,3.25,3.28,3.24,3.26,9549222,,31140632.0
2021-10-14,3.27,3.27,3.24,3.25,8295662,,26978912.0
2021-10-15,3.25,3.26,3.2,3.22,11706625,,37829980.0
2021-10-18,3.22,3.25,3.2,3.21,14686654,,47312384.0
2021-10-19,3.21,3.23,3.2,3.22,9750495,,31359536.0
2021-10-20,3.21,3.22,3.17,3.18,12372800,,39431296.0
2021-10-21,3.17,3.21,3.16,3.18,12669260,,40316032.0
2021-10-22,3.17,3.18,3.15,3.16,10856330,,34364044.0
2021-10-25,3.16,3.18,3.12,3.17,10264278,,32354594.0
2021-10-26,3.17,3.17,3.13,3.14,13215570,,41596636.0
2021-10-27,3.13,3.13,3.08,3.09,15336010,,47457820.0
2021-10-28,3.08,3.1,3.05,3.1,12834007,,39497060.0
2021-10-29,3.1,3.14,3.07,3.12,11975841,,37256624.0
2021-11-01,3.12,3.15,3.11,3.13,12680730,,39684072.0
2021-11-02,3.12,3.13,3.06,3.08,13518740,,41790116.0
2021-11-03,3.07,3.1,3.06,3.08,10566822,,32554326.0
2021-11-04,3.08,3.11,3.07,3.09,8870781,,27401792.0
2021-11-05,3.08,3.1,3.08,3.08,8013946,,24741564.0
2021-11-08,3.08,3.15,3.07,3.12,14861104,,46235888.0
2021-11-09,3.13,3.14,3.1,3.13,10458190,,32665076.0
2021-11-10,3.12,3.13,3.1,3.12,10852431,,33791176.0
2021-11-11,3.12,3.18,3.11,3.16,18832194,,59412032.0
2021-11-12,3.15,3.17,3.13,3.15,10277426,,32328466.0
2021-11-15,3.16,3.16,3.13,3.16,11007679,,34606616.0
2021-11-16,3.15,3.16,3.12,3.12,8547421,,26813614.0
2021-11-17,3.12,3.13,3.11,3.12,6112143,,19088408.0
2021-11-18,3.11,3.13,3.09,3.1,9594759,,29833820.0
2021-11-19,3.11,3.14,3.08,3.14,13702369,,42650812.0
2021-11-22,3.13,3.14,3.11,3.12,10654180,,33332380.0
2021-11-23,3.11,3.15,3.11,3.13,12197632,,38249876.0
2021-11-24,3.13,3.15,3.11,3.14,9127436,,28556330.0
2021-11-25,3.14,3.14,3.12,3.13,8038996,,25159418.0
2021-11-26,3.13,3.13,3.1,3.11,7469820,,23256372.0
2021-11-29,3.08,3.1,3.08,3.09,9790323,,30231432.0
2021-11-30,3.11,3.12,3.08,3.09,10298577,,31911104.0
2021-12-01,3.08,3.13,3.08,3.12,14127465,,43961272.0
2021-12-02,3.12,3.14,3.1,3.12,12810961,,40049692.0
2021-12-03,3.14,3.15,3.12,3.13,11749381,,36846024.0
2021-12-06,3.16,3.19,3.13,3.14,23379932,,73962248.0
2021-12-07,3.16,3.17,3.11,3.13,15955778,,50031764.0
2021-12-08,3.15,3.17,3.12,3.17,14874951,,46884080.0
2021-12-09,3.17,3.23,3.15,3.2,29178671,,93340048.0
2021-12-10,3.18,3.19,3.16,3.18,15080060,,47929876.0
2021-12-13,3.2,3.23,3.14,3.17,25428504,,81035904.0
2021-12-14,3.16,3.16,3.13,3.14,14135095,,44447092.0
2021-12-15,3.14,3.17,3.13,3.15,11306154,,35619276.0
2021-12-16,3.16,3.17,3.14,3.17,11288167,,35633748.0
2021-12-17,3.17,3.21,3.16,3.17,17914187,,56964052.0
2021-12-20,3.17,3.19,3.15,3.17,16554240,,52552660.0
2021-12-21,3.18,3.3,3.16,3.28,47381845,,153708128.0
2021-12-22,3.29,3.29,3.22,3.25,31486659,,102367912.0
2021-12-23,3.25,3.26,3.21,3.22,15881540,,51245580.0
2021-12-24,3.22,3.24,3.18,3.2,12581167,,40232892.0
2021-12-27,3.19,3.22,3.19,3.21,10383080,,33257052.0
2021-12-28,3.22,3.22,3.17,3.2,13353726,,42586688.0
2021-12-29,3.19,3.21,3.18,3.2,12071825,,38589120.0
2021-12-30,3.2,3.24,3.19,3.22,15671350,,50458672.0
2021-12-31,3.22,3.24,3.21,3.23,13502347,,43579624.0
2022-01-04,3.23,3.28,3.22,3.27,22739170,,74061944.0
2022-01-05,3.26,3.29,3.24,3.26,20044403,,65421744.0
2022-01-06,3.26,3.28,3.25,3.26,12682488,,41440588.0
2022-01-07,3.27,3.47,3.26,3.34,72494409,,243712320.0
2022-01-10,3.32,3.38,3.29,3.33,43446497,,144221136.0
2022-01-11,3.32,3.34,3.28,3.29,25890419,,85715528.0
2022-01-12,3.3,3.31,3.26,3.28,18984370,,62384256.0
2022-01-13,3.29,3.35,3.28,3.29,24796434,,82202544.0
2022-01-14,3.29,3.31,3.2,3.24,23117901,,75411000.0
2022-01-17,3.23,3.27,3.21,3.24,20022756,,64829560.0
2022-01-18,3.25,3.28,3.22,3.26,21480779,,69915784.0
2022-01-19,3.25,3.32,3.25,3.28,19232895,,63207232.0
2022-01-20,3.29,3.37,3.27,3.32,36594329,,121648656.0
2022-01-21,3.32,3.35,3.29,3.34,29996213,,99637688.0
2022-01-24,3.33,3.35,3.28,3.29,18318851,,60478564.0
2022-01-25,3.29,3.3,3.15,3.16,20844400,,67098856.0
2022-01-26,3.17,3.21,3.16,3.19,13655160,,43517804.0
2022-01-27,3.2,3.2,3.13,3.13,16514129,,52119660.0
2022-01-28,3.15,3.18,3.12,3.14,14332379,,45138848.0
2022-02-07,3.17,3.2,3.15,3.18,15799601,,50177732.0
2022-02-08,3.18,3.35,3.16,3.33,39509296,,129243480.0
2022-02-09,3.35,3.36,3.31,3.33,24341153,,81136632.0
2022-02-10,3.34,3.34,3.3,3.33,13639513,,45284736.0
2022-02-11,3.34,3.36,3.29,3.33,19627935,,65206396.0
2022-02-14,3.31,3.33,3.27,3.28,19580006,,64433104.0
2022-02-15,3.29,3.3,3.26,3.27,11737290,,38473800.0
2022-02-16,3.29,3.32,3.27,3.3,11908564,,39215216.0
2022-02-17,3.29,3.3,3.25,3.25,15664263,,51204104.0
2022-02-18,3.24,3.3,3.23,3.29,13452372,,44075172.0
2022-02-21,3.3,3.31,3.26,3.29,13166793,,43162080.0
2022-02-22,3.27,3.29,3.24,3.25,14027540,,45826796.0
2022-02-23,3.25,3.36,3.25,3.32,31651702,,104591344.0
2022-02-24,3.33,3.34,3.2,3.24,30544796,,99756608.0
2022-02-25,3.26,3.31,3.23,3.25,19528409,,63744364.0
2022-02-28,3.28,3.29,3.23,3.25,12726660,,41400676.0
2022-03-01,3.26,3.27,3.23,3.26,12805172,,41590140.0
2022-03-02,3.25,3.3,3.24,3.28,18608450,,60948772.0
2022-03-03,3.3,3.31,3.27,3.29,17196764,,56563884.0
2022-03-04,3.28,3.32,3.25,3.29,22920440,,75255208.0
2022-03-07,3.28,3.29,3.21,3.22,20146605,,65408824.0
2022-03-08,3.21,3.23,3.12,3.12,24988970,,79326104.0
2022-03-09,3.14,3.15,2.95,3.06,31331099,,95875040.0
2022-03-10,3.1,3.12,3.05,3.07,19507576,,60182412.0
2022-03-11,3.05,3.12,3.0,3.11,20568989,,62850020.0
2022-03-14,3.08,3.14,3.07,3.09,16620844,,51727604.0
2022-03-15,3.09,3.11,2.98,2.99,22775705,,69327104.0
2022-03-16,3.03,3.14,2.98,3.13,30621413,,93954600.0
2022-03-17,3.14,3.16,3.1,3.12,19242105,,60038812.0
2022-03-18,3.1,3.14,3.09,3.11,20829316,,64886168.0
2022-03-21,3.13,3.13,3.08,3.1,17486236,,54239840.0
2022-03-22,3.09,3.14,3.08,3.12,14667090,,45738336.0
2022-03-23,3.12,3.13,3.09,3.11,10506708,,32711124.0
2022-03-24,3.1,3.11,3.05,3.07,13058836,,40219856.0
2022-03-25,3.07,3.11,3.06,3.08,12298146,,37886036.0
2022-03-28,3.06,3.12,3.04,3.1,12976080,,40149468.0
2022-03-29,3.1,3.11,3.07,3.08,8683460,,26790496.0
2022-03-30,3.09,3.17,3.08,3.15,21713150,,67987000.0
2022-03-31,3.14,3.18,3.13,3.16,16876045,,53309284.0
2022-04-01,3.16,3.35,3.14,3.3,74013964,,241814352.0
2022-04-06,3.3,3.39,3.27,3.37,84646394,,282471776.0
2022-04-07,3.35,3.38,3.28,3.29,42281417,,140639600.0
2022-04-08,3.3,3.31,3.2,3.29,33955684,,110521816.0
2022-04-11,3.28,3.3,3.21,3.23,29043684,,94470008.0
2022-04-12,3.24,3.37,3.19,3.32,38806238,,127615400.0
2022-04-13,3.32,3.32,3.23,3.27,31744890,,104002432.0
2022-04-14,3.3,3.31,3.26,3.28,22016518,,72309288.0
2022-04-15,3.27,3.29,3.22,3.24,19661473,,63821320.0
2022-04-18,3.22,3.23,3.14,3.15,22738994,,72033288.0
2022-04-19,3.15,3.19,3.14,3.17,14791824,,46914636.0
2022-04-20,3.18,3.23,3.15,3.16,15846751,,50528528.0
2022-04-21,3.17,3.26,3.13,3.15,35102109,,111880448.0
2022-04-22,3.13,3.18,3.1,3.14,25422901,,79956344.0
2022-04-25,3.11,3.13,2.98,2.99,32614896,,99931136.0
2022-04-26,3.02,3.04,2.83,2.84,31645059,,92613200.0
2022-04-27,2.83,2.88,2.76,2.87,25448029,,71858872.0
2022-04-28,2.85,2.89,2.78,2.84,18023091,,51135396.0
2022-04-29,2.88,2.95,2.85,2.93,22486129,,65292608.0
2022-05-05,2.92,2.95,2.9,2.93,18790779,,55021116.0
2022-05-06,2.91,2.93,2.87,2.88,15115994,,43710908.0
2022-05-09,2.9,2.94,2.87,2.93,13295485,,38818048.0
2022-05-10,2.91,3.01,2.89,2.98,18234001,,53847328.0
2022-05-11,2.99,3.05,2.97,2.98,22930677,,69231112.0
2022-05-12,2.97,3.01,2.96,2.99,14078582,,42030628.0
2022-05-13,3.0,3.03,2.99,3.0,10562189,,31802536.0
2022-05-16,3.02,3.03,2.97,2.99,10738518,,32250196.0
2022-05-17,2.99,2.99,2.95,2.96,11634652,,34549376.0
2022-05-18,2.96,3.01,2.95,2.97,14389423,,42816128.0
2022-05-19,2.94,2.97,2.93,2.96,10627064,,31336634.0
2022-05-20,2.98,3.0,2.96,3.0,13165218,,39297184.0
2022-05-23,3.0,3.02,2.98,2.99,13073806,,39166512.0
2022-05-24,3.01,3.02,2.92,2.94,18875065,,56072040.0
2022-05-25,2.93,2.97,2.92,2.96,13899440,,40973100.0
2022-05-26,2.97,3.01,2.94,3.0,14353742,,42791312.0
2022-05-27,3.01,3.02,2.98,3.02,15181697,,45631148.0
2022-05-30,3.02,3.02,2.98,3.0,11562442,,34674292.0
2022-05-31,2.98,3.01,2.96,3.0,14929100,,44650416.0
2022-06-01,3.0,3.01,2.98,3.0,10352226,,31005352.0
2022-06-02,3.01,3.02,2.96,3.02,16270681,,48788368.0
2022-06-06,3.01,3.05,2.99,3.04,17499820,,52945476.0
2022-06-07,3.05,3.06,3.02,3.03,13944668,,42331448.0
2022-06-08,3.02,3.05,3.0,3.04,16267546,,49275164.0
2022-06-09,3.06,3.24,3.03,3.13,59125976,,185056192.0
2022-06-10,3.07,3.15,3.03,3.11,50572255,,155682336.0
2022-06-13,3.07,3.09,3.02,3.06,33660010,,102712176.0
2022-06-14,3.04,3.18,3.01,3.16,49041721,,151526384.0
2022-06-15,3.16,3.48,3.15,3.34,189541208,,636293824.0
2022-06-16,3.31,3.34,3.17,3.18,114281232,,370683840.0
2022-06-17,3.13,3.2,3.09,3.14,61438184,,192950208.0
2022-06-20,3.14,3.2,3.13,3.15,37320895,,117871232.0
2022-06-21,3.15,3.2,3.13,3.17,32685146,,103502384.0
2022-06-22,3.18,3.19,3.11,3.12,33656668,,105794176.0
2022-06-23,3.11,3.21,3.1,3.2,42171804,,133654784.0
2022-06-24,3.21,3.22,3.16,3.17,28489800,,90809968.0
2022-06-27,3.19,3.2,3.13,3.13,26443380,,83526976.0
2022-06-28,3.13,3.19,3.12,3.17,23110102,,72728480.0
2022-06-29,3.17,3.19,3.1,3.11,24438940,,76967048.0
2022-06-30,3.11,3.16,3.11,3.12,21839588,,68441136.0
2022-07-01,3.12,3.17,3.1,3.11,19125052,,59856412.0
2022-07-04,3.11,3.12,3.08,3.1,20283350,,62768432.0
2022-07-05,3.1,3.12,3.03,3.07,24465380,,75047528.0
2022-07-06,3.06,3.07,3.0,3.03,21522368,,65175624.0
2022-07-07,3.03,3.06,3.02,3.03,12085326,,36776400.0
2022-07-08,3.04,3.06,3.03,3.04,11384702,,34650660.0
2022-07-11,3.04,3.05,3.01,3.04,14096970,,42698120.0
2022-07-12,3.04,3.08,3.02,3.05,15371874,,46920108.0
2022-07-13,3.05,3.14,3.05,3.1,30431312,,93994832.0
2022-07-14,3.13,3.28,3.09,3.22,78532799,,248564176.0
2022-07-15,3.15,3.18,3.01,3.01,64539800,,198345264.0
2022-07-18,3.02,3.14,3.01,3.13,40371112,,125036448.0
2022-07-19,3.13,3.15,3.09,3.15,21989149,,68692680.0
2022-07-20,3.15,3.16,3.12,3.14,15375447,,48227840.0
2022-07-21,3.13,3.15,3.11,3.12,15620721,,48914916.0
2022-07-22,3.13,3.17,3.11,3.14,18149052,,56980124.0
2022-07-25,3.15,3.16,3.09,3.11,13692921,,42783360.0
2022-07-26,3.13,3.15,3.1,3.13,12567437,,39325600.0
2022-07-27,3.13,3.15,3.11,3.13,11315895,,35442000.0
2022-07-28,3.14,3.19,3.13,3.17,27540740,,87199120.0
2022-07-29,3.16,3.18,3.14,3.15,15097492,,47752364.0
2022-08-01,3.15,3.16,3.1,3.1,13189582,,41109516.0
2022-08-02,3.1,3.11,3.0,3.03,27083740,,82076920.0
2022-08-03,3.01,3.07,2.98,2.99,20401800,,61613080.0
2022-08-04,3.0,3.02,2.96,2.99,17311204,,51834120.0
2022-08-05,3.0,3.04,2.96,3.03,17264430,,51813240.0
2022-08-08,3.03,3.03,3.0,3.01,14404900,,43391184.0
2022-08-09,3.01,3.02,3.0,3.01,7774230,,23398910.0
2022-08-10,3.01,3.03,2.99,3.0,9190099,,27642706.0
2022-08-11,3.01,3.12,3.01,3.12,36997663,,113712080.0
2022-08-12,3.1,3.17,3.07,3.15,38390892,,120117384.0
2022-08-15,3.14,3.15,3.11,3.12,21995724,,68798880.0
2022-08-16,3.14,3.17,3.12,3.15,21112378,,66349932.0
2022-08-17,3.16,3.19,3.13,3.18,23812672,,75452016.0
2022-08-18,3.17,3.18,3.15,3.16,16472519,,52086044.0
2022-08-19,3.17,3.2,3.15,3.15,17512428,,55588072.0
2022-08-22,3.15,3.18,3.14,3.14,16624581,,52477352.0
2022-08-23,3.14,3.19,3.11,3.18,23810478,,75128688.0
2022-08-24,3.18,3.22,3.15,3.16,30486678,,97028672.0
2022-08-25,3.18,3.24,3.15,3.21,33426884,,106739160.0
2022-08-26,3.2,3.21,3.13,3.15,36551424,,115389576.0
2022-08-29,3.13,3.18,3.11,3.17,20997050,,66165944.0
2022-08-30,3.18,3.25,3.17,3.23,40730833,,131174056.0
2022-08-31,3.24,3.24,3.16,3.2,29750478,,95217680.0
2022-09-01,3.22,3.22,3.16,3.16,19862472,,63254020.0
2022-09-02,3.17,3.22,3.16,3.2,20643396,,65877068.0
2022-09-05,3.2,3.23,3.17,3.23,23241800,,74654144.0
2022-09-06,3.23,3.25,3.2,3.24,25883880,,83588096.0
2022-09-07,3.24,3.24,3.17,3.2,20449810,,65349816.0
2022-09-08,3.2,3.2,3.16,3.17,16105562,,51138856.0
2022-09-09,3.18,3.36,3.17,3.25,48460644,,157561472.0
2022-09-13,3.25,3.3,3.22,3.25,35423346,,115447024.0
2022-09-14,3.22,3.23,3.18,3.22,25314124,,81140680.0
2022-09-15,3.25,3.26,3.15,3.18,29545784,,94720928.0
2022-09-16,3.21,3.21,3.1,3.11,29266184,,91860608.0
2022-09-19,3.11,3.12,3.03,3.05,26291931,,80294456.0
2022-09-20,3.07,3.09,3.01,3.03,20932842,,63606692.0
2022-09-21,3.02,3.09,2.98,3.07,25481640,,77424136.0
2022-09-22,3.06,3.09,3.05,3.05,17864516,,54741892.0
2022-09-23,3.05,3.1,3.02,3.06,18008120,,55134704.0
2022-09-26,3.07,3.07,2.98,2.98,28853546,,87161312.0
2022-09-27,2.99,3.01,2.95,2.99,24185800,,72036032.0
2022-09-28,2.96,2.99,2.92,2.93,21160850,,62629180.0
2022-09-29,2.96,2.98,2.88,2.9,21423608,,62557248.0
2022-09-30,2.9,2.93,2.88,2.89,13489485,,39218968.0
2022-10-10,2.89,2.94,2.86,2.9,18879119,,54956428.0
2022-10-11,2.91,3.01,2.9,2.96,24729880,,73228184.0
2022-10-12,2.95,3.0,2.92,2.98,23319260,,69102776.0
2022-10-13,2.98,2.99,2.94,2.95,20447500,,60505896.0
2022-10-14,2.97,3.0,2.96,2.97,18602256,,55419272.0
2022-10-17,2.96,3.01,2.95,3.0,17180932,,51275364.0
2022-10-18,3.0,3.04,2.99,3.02,21466016,,64683644.0
2022-10-19,3.02,3.02,2.98,2.98,11978713,,35906996.0
2022-10-20,2.97,3.03,2.97,2.99,13427204,,40172028.0
2022-10-21,3.02,3.05,2.96,2.98,15869079,,47614152.0
2022-10-24,2.98,3.03,2.92,2.94,21100877,,62616092.0
2022-10-25,2.93,2.95,2.89,2.91,16330460,,47591632.0
2022-10-26,2.92,2.97,2.91,2.94,14642009,,43040076.0
2022-10-27,2.94,2.98,2.93,2.95,17505432,,51756548.0
2022-10-28,2.95,2.96,2.86,2.87,23824852,,69149296.0
2022-10-31,2.88,2.92,2.86,2.88,16243568,,46949024.0
2022-11-01,2.9,2.95,2.89,2.95,16915857,,49505392.0
2022-11-02,2.94,2.97,2.93,2.97,16410376,,48436316.0
2022-11-03,2.96,2.97,2.94,2.95,13734440,,40570896.0
2022-11-04,2.95,3.02,2.95,2.99,17973721,,53763264.0
2022-11-07,3.0,3.03,2.99,3.02,14522719,,43675632.0
2022-11-08,3.01,3.03,2.99,3.02,12512317,,37703244.0
2022-11-09,3.03,3.05,3.0,3.01,10388820,,31396672.0
2022-11-10,3.01,3.05,3.01,3.05,17075721,,51824844.0
2022-11-11,3.07,3.11,3.06,3.08,21969747,,67755064.0
2022-11-14,3.09,3.14,3.08,3.1,26156813,,81345592.0
2022-11-15,3.08,3.2,3.08,3.16,40007099,,126179552.0
2022-11-16,3.15,3.18,3.13,3.15,22890674,,72292608.0
2022-11-17,3.15,3.2,3.14,3.19,23718140,,75308680.0
2022-11-18,3.2,3.21,3.15,3.16,21180567,,67115888.0
2022-11-21,3.16,3.16,3.09,3.12,18008076,,56164580.0
2022-11-22,3.11,3.16,3.11,3.13,14724044,,46092276.0
2022-11-23,3.15,3.15,3.12,3.13,13913129,,43655696.0
2022-11-24,3.15,3.17,3.11,3.12,11914200,,37331912.0
2022-11-25,3.12,3.19,3.11,3.17,19820950,,62671916.0
2022-11-28,3.16,3.22,3.11,3.17,28873414,,91352432.0
2022-11-29,3.18,3.31,3.18,3.27,58098696,,189442144.0
2022-11-30,3.27,3.34,3.25,3.28,45871124,,150937232.0
2022-12-01,3.31,3.32,3.21,3.22,36432671,,118690592.0
2022-12-02,3.23,3.24,3.18,3.22,24671528,,79206056.0
2022-12-05,3.23,3.54,3.22,3.44,145439534,,498340192.0
2022-12-06,3.39,3.46,3.31,3.32,91152574,,307702272.0
2022-12-07,3.3,3.34,3.25,3.27,43524028,,142986240.0
2022-12-08,3.27,3.29,3.22,3.24,32188393,,104445336.0
2022-12-09,3.23,3.27,3.19,3.22,38253600,,123202112.0
2022-12-12,3.21,3.22,3.16,3.17,26663340,,84835808.0
2022-12-13,3.19,3.2,3.16,3.19,20921825,,66565028.0
2022-12-14,3.18,3.2,3.15,3.18,23101038,,73176160.0
2022-12-15,3.18,3.18,3.14,3.15,15098041,,47682184.0
2022-12-16,3.15,3.17,3.13,3.16,18573660,,58516628.0
2022-12-19,3.15,3.17,3.06,3.07,22454440,,69636648.0
2022-12-20,3.08,3.12,3.06,3.09,16248359,,50150448.0
2022-12-21,3.1,3.1,3.05,3.07,13388478,,41159020.0
2022-12-22,3.11,3.12,3.04,3.06,15027076,,46273252.0
2022-12-23,3.04,3.07,3.01,3.05,16386913,,49897024.0
2022-12-26,3.05,3.06,3.03,3.03,11299676,,34336240.0
2022-12-27,3.06,3.06,3.03,3.05,13071407,,39828336.0
2022-12-28,3.04,3.05,3.01,3.02,13179571,,39906744.0
2022-12-29,3.02,3.03,2.99,3.01,17077255,,51286920.0
2022-12-30,3.02,3.03,3.01,3.03,9336320,,28216228.0
2023-01-03,3.03,3.07,3.0,3.05,29299146,,89098304.0
2023-01-04,3.05,3.09,3.04,3.08,23613471,,72530696.0
2023-01-05,3.1,3.12,3.07,3.07,20629908,,63633500.0
2023-01-06,3.07,3.08,3.04,3.06,15341129,,46974580.0
2023-01-09,3.22,3.33,3.15,3.24,101044632,,326342592.0
2023-01-10,3.24,3.37,3.22,3.27,89388080,,294800736.0
2023-01-11,3.3,3.33,3.26,3.28,46767228,,154059648.0
2023-01-12,3.31,3.34,3.26,3.32,34223453,,112875152.0
2023-01-13,3.32,3.39,3.29,3.39,46787532,,157034384.0
2023-01-16,3.37,3.43,3.33,3.37,58986523,,199151264.0
2023-01-17,3.35,3.39,3.32,3.39,41912044,,140655024.0
2023-01-18,3.38,3.46,3.36,3.42,36040381,,123400696.0
2023-01-19,3.4,3.47,3.38,3.46,32932136,,113078512.0
2023-01-20,3.45,3.46,3.4,3.43,34826138,,119508568.0
2023-01-30,3.46,3.47,3.4,3.41,39847976,,136763040.0
2023-01-31,3.4,3.44,3.37,3.38,29465856,,100076104.0
2023-02-01,3.41,3.49,3.4,3.47,38724684,,133550808.0
2023-02-02,3.5,3.5,3.39,3.41,31736190,,108824344.0
2023-02-03,3.39,3.4,3.34,3.36,24208316,,81481312.0
2023-02-06,3.35,3.36,3.31,3.34,20570210,,68630232.0
2023-02-07,3.35,3.37,3.32,3.35,23529880,,78595848.0
2023-02-08,3.35,3.35,3.29,3.3,24083164,,79734008.0
2023-02-09,3.28,3.33,3.28,3.32,19176330,,63578992.0
2023-02-10,3.32,3.36,3.3,3.32,22145092,,73699312.0
2023-02-13,3.32,3.35,3.31,3.33,21190530,,70642696.0
2023-02-14,3.34,3.36,3.32,3.32,20573756,,68655904.0
2023-02-15,3.33,3.33,3.29,3.3,18321684,,60482156.0
2023-02-16,3.3,3.39,3.26,3.29,42995740,,143561488.0
2023-02-17,3.28,3.32,3.25,3.26,30866230,,101363408.0
2023-02-20,3.28,3.37,3.27,3.35,35978641,,119365016.0
2023-02-21,3.34,3.36,3.32,3.35,21529944,,71931944.0
2023-02-22,3.33,3.36,3.31,3.32,18582976,,62002916.0
2023-02-23,3.34,3.38,3.33,3.35,23877312,,79989312.0
2023-02-24,3.36,3.37,3.32,3.35,17862670,,59706996.0
2023-02-27,3.33,3.34,3.28,3.3,17846860,,58997980.0
2023-02-28,3.3,3.35,3.3,3.34,16700999,,55561752.0
2023-03-01,3.36,3.38,3.34,3.37,22000788,,73981456.0
2023-03-02,3.38,3.39,3.36,3.38,27404952,,92532768.0
2023-03-03,3.38,3.4,3.35,3.39,25994032,,87783096.0
2023-03-06,3.4,3.4,3.34,3.35,22689039,,76316656.0
2023-03-07,3.35,3.39,3.31,3.32,31289284,,105068152.0
2023-03-08,3.31,3.32,3.28,3.3,22012720,,72495328.0
2023-03-09,3.3,3.3,3.25,3.26,18453764,,60472552.0
2023-03-10,3.26,3.27,3.21,3.23,18560936,,60026524.0
2023-03-13,3.21,3.26,3.2,3.25,19541221,,63336688.0
2023-03-14,3.25,3.25,3.17,3.19,20800400,,66574832.0
2023-03-15,3.22,3.23,3.2,3.21,17510197,,56264744.0
2023-03-16,3.19,3.22,3.16,3.16,14757778,,47086268.0
2023-03-17,3.19,3.26,3.19,3.21,28513684,,92008088.0
2023-03-20,3.23,3.25,3.18,3.2,22246360,,71582824.0
2023-03-21,3.2,3.24,3.19,3.22,20169760,,64814508.0
2023-03-22,3.24,3.24,3.2,3.23,15075742,,48559396.0
2023-03-23,3.23,3.26,3.2,3.24,24509661,,79201664.0
2023-03-24,3.26,3.26,3.2,3.21,18571320,,59854960.0
2023-03-27,3.21,3.22,3.16,3.2,25054700,,79970608.0
2023-03-28,3.2,3.24,3.17,3.22,24771556,,79505632.0
2023-03-29,3.23,3.24,3.16,3.16,24297330,,77195456.0
2023-03-30,3.17,3.19,3.12,3.17,21843720,,68945096.0
2023-03-31,3.18,3.19,3.16,3.19,18993636,,60298184.0
2023-04-03,3.19,3.28,3.17,3.26,36456665,,117717696.0
2023-04-04,3.26,3.28,3.22,3.25,22155354,,72007768.0
2023-04-06,3.24,3.27,3.23,3.25,18368112,,59649088.0
2023-04-07,3.25,3.27,3.24,3.25,18053992,,58718072.0
2023-04-10,3.26,3.27,3.2,3.21,19514430,,63198768.0
2023-04-11,3.22,3.24,3.19,3.21,21463698,,69076792.0
2023-04-12,3.22,3.24,3.2,3.21,19003509,,61171264.0
2023-04-13,3.21,3.22,3.17,3.18,19468722,,62154036.0
2023-04-14,3.19,3.2,3.16,3.18,14479295,,46057020.0
2023-04-17,3.18,3.24,3.16,3.24,26504256,,85224992.0
2023-04-18,3.23,3.24,3.2,3.21,22256863,,71659048.0
2023-04-19,3.22,3.22,3.15,3.16,28251240,,89739024.0
2023-04-20,3.17,3.18,3.13,3.16,20151860,,63545108.0
2023-04-21,3.16,3.17,3.07,3.07,28782074,,89708368.0
2023-04-24,3.08,3.13,3.06,3.1,27834684,,86049664.0
2023-04-25,3.11,3.12,3.05,3.09,21790240,,67299240.0
2023-04-26,3.08,3.12,3.07,3.11,16748497,,51851492.0
2023-04-27,3.12,3.17,3.11,3.16,23038956,,72401232.0
2023-04-28,3.19,3.29,3.17,3.26,42846708,,138701920.0
2023-05-04,3.25,3.37,3.24,3.36,57124331,,190002400.0
2023-05-05,3.35,3.4,3.34,3.37,42421068,,142966528.0
2023-05-08,3.38,3.49,3.35,3.46,63532392,,217996064.0
2023-05-09,3.46,3.71,3.43,3.53,143674880,,510793216.0
2023-05-10,3.49,3.57,3.47,3.5,77548776,,272648224.0
2023-05-11,3.51,3.54,3.47,3.5,42813675,,150083696.0
2023-05-12,3.5,3.53,3.47,3.47,34207509,,119798248.0
2023-05-15,3.47,3.53,3.38,3.52,61378805,,211768512.0
2023-05-16,3.51,3.55,3.47,3.49,29307820,,102767480.0
2023-05-17,3.49,3.52,3.44,3.47,34353889,,119404448.0
2023-05-18,3.49,3.5,3.43,3.45,26224453,,90696584.0
2023-05-19,3.44,3.44,3.37,3.38,27178192,,92207688.0
2023-05-22,3.38,3.38,3.31,3.33,24691541,,82554352.0
2023-05-23,3.37,3.37,3.24,3.25,27221809,,89731864.0
2023-05-24,3.26,3.26,3.19,3.2,29865930,,96287528.0
2023-05-25,3.2,3.21,3.15,3.19,27583428,,87733096.0
2023-05-26,3.19,3.22,3.17,3.2,19720880,,63015728.0
2023-05-29,3.22,3.24,3.2,3.21,23158047,,74592392.0
2023-05-30,3.2,3.22,3.17,3.22,17435956,,55684648.0
2023-05-31,3.21,3.24,3.19,3.22,17284701,,55543268.0
2023-06-01,3.23,3.24,3.18,3.2,22902129,,73568576.0
2023-06-02,3.22,3.23,3.19,3.2,19604848,,62827000.0
2023-06-05,3.2,3.21,3.14,3.15,30528055,,96679528.0
2023-06-06,3.16,3.18,3.1,3.11,28947808,,90963536.0
2023-06-07,3.11,3.15,3.1,3.12,24870252,,77504560.0
2023-06-08,3.12,3.16,3.08,3.14,29905576,,93369472.0
2023-06-09,3.13,3.14,3.1,3.13,22933904,,71643120.0
2023-06-12,3.12,3.14,3.09,3.11,24841094,,77265016.0
2023-06-13,3.11,3.14,3.1,3.12,16657839,,51932136.0
2023-06-14,3.12,3.16,3.11,3.12,23039938,,72077112.0
2023-06-15,3.11,3.14,3.09,3.13,24169100,,75297456.0
2023-06-16,3.13,3.16,3.11,3.14,24709388,,77523328.0
2023-06-19,3.13,3.14,3.09,3.09,27168343,,84283656.0
2023-06-20,3.09,3.1,3.05,3.06,20603369,,63268108.0
2023-06-21,3.06,3.06,3.02,3.03,23020552,,69999608.0
2023-06-26,3.02,3.02,2.96,3.0,40103664,,120076976.0
2023-06-27,2.99,3.07,2.97,3.05,30148345,,91477704.0
2023-06-28,3.06,3.11,3.04,3.09,25474008,,78291928.0
2023-06-29,3.05,3.08,3.02,3.04,33340114,,101486592.0
2023-06-30,3.03,3.08,3.01,3.05,42906311,,130997640.0
2023-07-03,3.04,3.11,3.03,3.09,43983702,,135189152.0
2023-07-04,3.08,3.11,3.07,3.09,38105520,,117621224.0
2023-07-05,3.08,3.09,3.04,3.05,23507504,,71932888.0
2023-07-06,3.05,3.07,3.03,3.04,18953157,,57769672.0
2023-07-07,3.03,3.08,3.03,3.07,30533034,,93408648.0
2023-07-10,3.08,3.09,3.05,3.06,25226333,,77300128.0
2023-07-11,3.07,3.08,3.04,3.06,23157708,,70684984.0
2023-07-12,3.05,3.06,3.0,3.01,33710830,,102039184.0
2023-07-13,3.02,3.08,3.01,3.07,40465863,,123668296.0
2023-07-14,3.07,3.07,3.04,3.05,24303486,,74314744.0
2023-07-17,3.04,3.06,3.02,3.06,21173300,,64417132.0
2023-07-18,3.06,3.07,3.04,3.06,17090200,,52218516.0
2023-07-19,3.05,3.08,3.04,3.07,17032644,,52119864.0
2023-07-20,3.07,3.08,3.04,3.05,23147220,,70953704.0
2023-07-21,3.05,3.08,3.04,3.06,28317544,,86754528.0
2023-07-24,3.06,3.08,3.04,3.07,21763033,,66638264.0
2023-07-25,3.16,3.22,3.12,3.2,96154147,,304690592.0
2023-07-26,3.18,3.2,3.16,3.19,45625600,,145063248.0
2023-07-27,3.18,3.21,3.15,3.17,46743000,,148598800.0
2023-07-28,3.16,3.38,3.15,3.36,173846119,,573778048.0
2023-07-31,3.35,3.48,3.33,3.42,151187366,,516670976.0
2023-08-01,3.39,3.44,3.36,3.39,93113648,,316114368.0
2023-08-02,3.37,3.45,3.36,3.39,66430712,,226277344.0
2023-08-03,3.39,3.46,3.34,3.45,120706880,,412351968.0
2023-08-04,3.52,3.61,3.47,3.51,218747360,,772875008.0
2023-08-07,3.45,3.49,3.4,3.45,98593775,,339451328.0
2023-08-08,3.44,3.44,3.34,3.4,83255189,,282369408.0
2023-08-09,3.4,3.41,3.35,3.37,53929687,,182134752.0
2023-08-10,3.37,3.4,3.34,3.38,51957081,,175052800.0
2023-08-11,3.4,3.41,3.28,3.29,68249632,,226592080.0
2023-08-14,3.21,3.25,3.19,3.22,70630714,,227557248.0
2023-08-15,3.23,3.25,3.2,3.24,54670848,,176686016.0
2023-08-16,3.22,3.37,3.2,3.3,72685704,,239789184.0
2023-08-17,3.3,3.31,3.25,3.29,49852430,,163489072.0
2023-08-18,3.29,3.32,3.21,3.21,40188016,,130729144.0
2023-08-21,3.22,3.26,3.16,3.17,44912176,,143883728.0
2023-08-22,3.18,3.21,3.14,3.19,44586540,,141372736.0
2023-08-23,3.19,3.19,3.11,3.12,38066070,,119640824.0
2023-08-24,3.14,3.19,3.11,3.13,36449000,,114731200.0
2023-08-25,3.12,3.18,3.11,3.13,38271385,,120175952.0
2023-08-28,3.39,3.4,3.22,3.25,121311725,,405430400.0
2023-08-29,3.26,3.26,3.16,3.2,103495488,,331460640.0
2023-08-30,3.18,3.19,3.08,3.09,95283560,,297955648.0
2023-08-31,3.11,3.12,3.03,3.04,74710264,,228967824.0
2023-09-01,3.06,3.09,3.04,3.05,44389624,,135767440.0
2023-09-04,3.07,3.11,3.05,3.1,60233640,,185719952.0
2023-09-05,3.09,3.09,3.04,3.05,60261907,,184167360.0
2023-09-06,3.05,3.06,3.03,3.05,47403800,,144429696.0
2023-09-07,3.05,3.06,3.02,3.02,58783980,,178466560.0
2023-09-08,3.02,3.05,3.01,3.05,35898630,,108773240.0
2023-09-11,3.05,3.09,3.03,3.08,52630125,,161471456.0
2023-09-12,3.07,3.08,3.05,3.06,33754380,,103247880.0
2023-09-13,3.06,3.06,3.02,3.03,32067200,,97346560.0
2023-09-14,3.04,3.05,3.02,3.04,38872520,,118086352.0
2023-09-15,3.05,3.07,3.03,3.05,39420980,,120215760.0
2023-09-18,3.05,3.06,3.03,3.04,38663041,,117622544.0
2023-09-19,3.04,3.06,3.03,3.05,28578867,,87154504.0
2023-09-20,3.05,3.07,3.04,3.06,27781834,,84901880.0
2023-09-21,3.06,3.07,3.02,3.02,45474900,,138168512.0
2023-09-22,3.02,3.08,3.01,3.07,50980214,,155815472.0
2023-09-25,3.07,3.08,3.03,3.03,41283940,,125596648.0
2023-09-26,3.03,3.05,3.03,3.03,19898757,,60407768.0
2023-09-27,3.04,3.05,3.03,3.03,26373675,,80113368.0
2023-09-28,3.04,3.05,3.02,3.04,27003289,,81935104.0
2023-10-09,3.03,3.04,3.0,3.0,37649349,,113497600.0
2023-10-10,3.01,3.02,2.96,2.97,37092694,,110742672.0
2023-10-11,2.97,2.99,2.95,2.96,28009034,,83143768.0
2023-10-12,2.98,3.02,2.97,3.01,35604993,,106724936.0
2023-10-13,2.99,3.01,2.98,3.0,19166364,,57411244.0
2023-10-16,2.99,3.0,2.97,2.99,17491860,,52214600.0
2023-10-17,2.99,3.03,2.98,3.0,25775994,,77441776.0
2023-10-18,3.01,3.02,3.0,3.0,25918048,,78021896.0
2023-10-19,3.0,3.02,2.97,2.98,29431340,,88145240.0
2023-10-20,2.98,3.0,2.96,3.0,25117572,,75021752.0
2023-10-23,2.99,3.0,2.91,2.92,35482100,,104131208.0
2023-10-24,2.92,3.0,2.92,2.99,36375313,,107658120.0
2023-10-25,3.01,3.04,3.0,3.01,35878148,,108107768.0
2023-10-26,3.0,3.02,2.98,3.01,20664570,,62001740.0
2023-10-27,3.01,3.05,3.0,3.03,29322670,,88765016.0
2023-10-30,3.04,3.07,3.02,3.06,39581676,,120730384.0
2023-10-31,3.06,3.08,3.04,3.05,27729600,,84783528.0
2023-11-01,3.07,3.09,3.05,3.06,25981197,,79542376.0
2023-11-02,3.05,3.08,3.03,3.03,25158524,,76716128.0
2023-11-03,3.04,3.06,3.03,3.04,23309718,,71003232.0
2023-11-06,3.07,3.12,3.07,3.12,51567472,,159684752.0
2023-11-07,3.1,3.14,3.1,3.12,39818205,,124302536.0
2023-11-08,3.12,3.12,3.06,3.08,35555688,,109775048.0
2023-11-09,3.07,3.09,3.06,3.07,27948651,,85939496.0
2023-11-10,3.07,3.09,3.04,3.07,31495840,,96530232.0
2023-11-13,3.07,3.09,3.05,3.08,22619986,,69368640.0
2023-11-14,3.09,3.13,3.08,3.12,41363500,,128431936.0
2023-11-15,3.13,3.14,3.09,3.1,32444059,,101041488.0
2023-11-16,3.1,3.12,3.08,3.09,19114180,,59287160.0
2023-11-17,3.08,3.1,3.07,3.09,17700888,,54675852.0
2023-11-20,3.09,3.12,3.08,3.11,21630062,,67070916.0
2023-11-21,3.11,3.14,3.1,3.1,28761109,,89691192.0
2023-11-22,3.1,3.12,3.09,3.1,20202339,,62811600.0
2023-11-23,3.1,3.11,3.08,3.1,24979524,,77295208.0
2023-11-24,3.11,3.11,3.08,3.08,20878689,,64538720.0
2023-11-27,3.08,3.09,3.05,3.09,30141250,,92653184.0
2023-11-28,3.08,3.09,3.06,3.07,19639200,,60358304.0
2023-11-29,3.07,3.08,3.03,3.04,25040451,,76491408.0
2023-11-30,3.04,3.08,3.04,3.05,28191700,,86263992.0
2023-12-01,3.05,3.09,3.04,3.08,27108015,,83119768.0
2023-12-04,3.08,3.1,3.07,3.08,18834376,,58132268.0
2023-12-05,3.09,3.09,3.06,3.06,29866758,,91799976.0
2023-12-06,3.06,3.08,3.05,3.07,23067052,,70677112.0
2023-12-07,3.06,3.1,3.05,3.09,31936776,,98336184.0
2023-12-08,3.09,3.1,3.06,3.07,38850500,,119715824.0
2023-12-11,3.07,3.12,3.03,3.12,57174131,,175908736.0
2023-12-12,3.12,3.13,3.11,3.13,28260562,,88235648.0
2023-12-13,3.14,3.14,3.1,3.11,19299800,,60196852.0
2023-12-14,3.12,3.13,3.1,3.12,24199408,,75408176.0
2023-12-15,3.12,3.14,3.09,3.1,28617353,,89113344.0
2023-12-18,3.1,3.11,3.05,3.07,25627273,,78870168.0
2023-12-19,3.06,3.07,3.03,3.05,21980057,,67062956.0
2023-12-20,3.05,3.05,2.99,2.99,30296600,,91375608.0
2023-12-21,2.99,3.01,2.95,2.99,25747320,,76689584.0
2023-12-22,2.99,3.01,2.96,2.98,29523973,,88217024.0
2023-12-25,2.97,2.99,2.95,2.97,15158040,,44995472.0
2023-12-26,2.97,2.97,2.93,2.94,17632042,,51971672.0
2023-12-27,2.94,2.98,2.92,2.96,23882342,,70439168.0
2023-12-28,2.97,3.03,2.96,3.02,24026802,,72219592.0
2023-12-29,3.02,3.06,3.01,3.04,20784634,,63140704.0
2024-01-02,3.03,3.06,3.03,3.04,22088040,,67302488.0
2024-01-03,3.04,3.08,3.04,3.06,27047589,,82814784.0
2024-01-04,3.05,3.07,3.02,3.03,15958104,,48498684.0
2024-01-05,3.04,3.07,3.01,3.03,26292420,,79984560.0
2024-01-08,3.03,3.03,2.98,2.99,25265840,,75891096.0
2024-01-09,3.0,3.02,2.97,2.99,21628429,,64807588.0
2024-01-10,2.99,3.03,2.97,2.99,22438952,,67412768.0
2024-01-11,2.99,3.04,2.99,3.02,22074372,,66598460.0
2024-01-12,3.02,3.04,3.01,3.01,18920490,,57254768.0
2024-01-15,3.01,3.04,2.99,3.02,18311205,,55265436.0
2024-01-16,3.02,3.04,2.99,3.02,26196586,,78957832.0
2024-01-17,3.02,3.06,2.99,2.99,43071672,,130591560.0
2024-01-18,2.98,2.98,2.89,2.98,67117460,,196898032.0
2024-01-19,2.97,2.99,2.94,2.95,30564509,,90543024.0
2024-01-22,2.94,2.96,2.81,2.83,43677266,,126428248.0
2024-01-23,2.83,2.91,2.78,2.89,36301523,,103868632.0
2024-01-24,2.9,3.18,2.88,3.14,149638832,,456992448.0
2024-01-25,3.09,3.16,3.07,3.15,141796094,,441707264.0
2024-01-26,3.12,3.23,3.11,3.18,114804386,,364937824.0
2024-01-29,3.18,3.19,3.09,3.11,77161256,,241186496.0
2024-01-30,3.07,3.12,3.05,3.07,54251868,,167410496.0
2024-01-31,3.05,3.08,2.96,2.98,70451392,,212010464.0
2024-02-01,2.95,2.98,2.88,2.93,65630774,,192425984.0
2024-02-02,2.92,2.94,2.75,2.84,71297497,,203404592.0
2024-02-05,2.83,2.83,2.63,2.69,71216832,,194506992.0
2024-02-06,2.66,2.95,2.65,2.93,76364732,,216585808.0
2024-02-07,2.91,3.06,2.9,3.06,119341376,,361601280.0
2024-02-08,3.04,3.18,3.03,3.07,108242119,,338061088.0
2024-02-19,3.1,3.1,3.0,3.03,75007854,,226851072.0
2024-02-20,3.01,3.06,2.99,3.04,53198200,,160781168.0
2024-02-21,3.03,3.09,3.0,3.04,89945559,,274815008.0
2024-02-22,3.03,3.06,3.01,3.06,52222577,,158636528.0
2024-02-23,3.06,3.06,3.01,3.04,62350285,,189357040.0
2024-02-26,3.05,3.06,3.01,3.02,51904324,,157130976.0
2024-02-27,3.01,3.05,3.0,3.05,52079796,,157945856.0
2024-02-28,3.06,3.13,3.04,3.04,126321797,,390213216.0
2024-02-29,3.02,3.09,3.01,3.09,78227962,,239263536.0
2024-03-01,3.08,3.1,3.03,3.06,73440930,,224581600.0
2024-03-04,3.07,3.07,3.02,3.03,43106403,,130721768.0
2024-03-05,3.02,3.04,3.0,3.01,40565748,,122380768.0
2024-03-06,3.0,3.04,2.98,3.0,45365510,,136547376.0
2024-03-07,3.0,3.03,2.98,2.98,38438513,,115417296.0
2024-03-08,2.99,2.99,2.95,2.98,35926264,,106650032.0
2024-03-11,2.98,3.01,2.97,3.0,42870149,,128106072.0
2024-03-12,3.01,3.03,2.99,3.01,40109500,,120576744.0
2024-03-13,3.01,3.01,2.97,2.99,37574731,,112285656.0
2024-03-14,2.98,3.01,2.97,2.98,34006749,,101754312.0
2024-03-15,2.98,3.01,2.96,3.01,37200593,,111122544.0
2024-03-18,3.02,3.05,3.0,3.05,61310268,,185559168.0
2024-03-19,3.04,3.04,3.0,3.0,44050240,,132962288.0
2024-03-20,3.0,3.02,2.99,3.01,28042724,,84237552.0
2024-03-21,3.02,3.07,3.01,3.03,65337827,,198638288.0
2024-03-22,3.04,3.04,2.98,2.98,47767757,,143204704.0
2024-03-25,2.97,2.99,2.93,2.93,43906988,,129961256.0
2024-03-26,2.93,2.95,2.91,2.93,33720310,,98859528.0
2024-03-27,2.93,2.94,2.9,2.9,31910786,,93357184.0
2024-03-28,2.9,2.94,2.89,2.91,36945966,,107779448.0
2024-03-29,2.91,2.95,2.9,2.94,29687242,,86829576.0
2024-04-01,2.95,3.0,2.95,2.99,39756749,,118462176.0
2024-04-02,3.0,3.02,2.97,3.0,36605971,,109691616.0
2024-04-03,3.0,3.02,2.99,3.0,28726765,,86216296.0
2024-04-08,3.0,3.03,2.97,2.99,44020398,,132132616.0
2024-04-09,2.99,3.04,2.99,3.02,36112680,,109004816.0
2024-04-10,3.02,3.04,2.98,3.0,37655531,,113415384.0
2024-04-11,2.99,3.02,2.98,3.0,29927221,,89966800.0
2024-04-12,2.99,3.02,2.96,2.96,38243766,,113950336.0
2024-04-15,2.98,3.05,2.93,3.04,82401609,,248636608.0
2024-04-16,3.04,3.08,3.02,3.02,95610483,,291399328.0
2024-04-17,3.01,3.06,2.99,3.05,71768476,,217092528.0
2024-04-18,3.04,3.12,3.03,3.08,86181952,,265148080.0
2024-04-19,3.06,3.09,3.05,3.07,61544650,,189250832.0
2024-04-22,3.06,3.09,3.04,3.05,41553261,,127398136.0
2024-04-23,3.05,3.09,3.04,3.06,47006363,,144229952.0
2024-04-24,3.07,3.08,3.04,3.07,35112063,,107513552.0
2024-04-25,3.06,3.08,3.04,3.06,32666644,,99964336.0
2024-04-26,3.08,3.17,3.07,3.17,99955528,,312264096.0
2024-04-29,3.16,3.21,3.13,3.18,84062208,,266713808.0
2024-04-30,3.18,3.18,3.14,3.15,59782668,,188543264.0
2024-05-06,3.18,3.21,3.15,3.17,66360624,,210750752.0
2024-05-07,3.17,3.18,3.14,3.16,54117852,,170831968.0
2024-05-08,3.15,3.15,3.08,3.09,69668936,,216482880.0
2024-05-09,3.09,3.16,3.08,3.13,53060960,,166069328.0
2024-05-10,3.14,3.17,3.12,3.16,43885376,,138170304.0
2024-05-13,3.14,3.18,3.11,3.15,57674588,,181322896.0
2024-05-14,3.14,3.18,3.13,3.16,48131264,,151705760.0
2024-05-15,3.17,3.18,3.13,3.14,39786024,,125095104.0
2024-05-16,3.13,3.16,3.1,3.11,49370324,,154471200.0
2024-05-17,3.11,3.14,3.07,3.14,60028368,,186403040.0
2024-05-20,3.14,3.16,3.09,3.1,61981656,,193381824.0
2024-05-21,3.09,3.1,3.05,3.06,58777352,,180764928.0
2024-05-22,3.07,3.11,3.06,3.08,52303176,,161492400.0
2024-05-23,3.07,3.08,3.0,3.0,61663352,,186720448.0
2024-05-24,3.0,3.03,3.0,3.0,37159952,,111966248.0
2024-05-27,3.0,3.02,2.98,3.0,50100008,,149970832.0
2024-05-28,2.95,2.97,2.93,2.94,40297992,,118818080.0
2024-05-29,2.94,2.98,2.93,2.95,34654184,,102481864.0
2024-05-30,2.95,2.96,2.93,2.94,25443150,,74870488.0
2024-05-31,2.94,2.96,2.93,2.93,25361360,,74636504.0
2024-06-03,2.93,2.94,2.86,2.89,55606631,,160904048.0
2024-06-04,2.88,2.94,2.87,2.93,40869992,,118725640.0
2024-06-05,2.93,2.95,2.91,2.91,33219715,,97420472.0
2024-06-06,2.92,2.92,2.85,2.86,48295356,,138939584.0
2024-06-07,2.88,2.89,2.85,2.88,37322168,,107279840.0
2024-06-11,2.87,2.89,2.83,2.85,42142248,,120531376.0
2024-06-12,2.85,2.87,2.84,2.85,25556208,,72983776.0
2024-06-13,2.85,2.89,2.83,2.87,48951016,,140095072.0
2024-06-14,2.87,2.9,2.84,2.88,60381872,,173593936.0
2024-06-17,2.87,2.89,2.85,2.86,43025904,,123548512.0
2024-06-18,2.87,2.9,2.86,2.88,31334026,,90256984.0
2024-06-19,2.89,2.89,2.85,2.85,23285960,,66680308.0
2024-06-20,2.85,2.87,2.78,2.79,42948100,,120942944.0
2024-06-21,2.79,2.83,2.78,2.81,31577592,,88785696.0
2024-06-24,2.8,2.81,2.75,2.77,31544000,,87541536.0
2024-06-25,2.76,2.79,2.74,2.76,27538948,,76178360.0
2024-06-26,2.76,2.8,2.74,2.79,30246568,,83832104.0
2024-06-27,2.79,2.79,2.75,2.75,32839078,,90731912.0
2024-06-28,2.76,2.8,2.74,2.75,39488264,,109536160.0
2024-07-01,2.75,2.78,2.74,2.76,28344542,,78175488.0
2024-07-02,2.76,2.8,2.75,2.78,33696244,,93794456.0
2024-07-03,2.79,2.81,2.77,2.79,25787436,,71950760.0
2024-07-04,2.79,2.8,2.72,2.73,37196400,,102342032.0
2024-07-05,2.73,2.76,2.7,2.72,37374200,,101849376.0
2024-07-08,2.72,2.72,2.65,2.66,31696350,,84865408.0
2024-07-09,2.66,2.73,2.65,2.71,35873960,,96395976.0
2024-07-10,2.7,2.73,2.69,2.69,24174658,,65500908.0
2024-07-11,2.72,2.75,2.71,2.74,34344212,,93805992.0
2024-07-12,2.75,2.76,2.72,2.74,29668828,,81339136.0
2024-07-15,2.73,2.75,2.69,2.73,30438150,,82969528.0
2024-07-16,2.73,2.75,2.72,2.72,20933010,,57132652.0
2024-07-17,2.73,2.74,2.71,2.73,24069680,,65697388.0
2024-07-18,2.72,2.73,2.68,2.73,32589250,,88201088.0
2024-07-19,2.72,2.79,2.71,2.77,43053812,,118611984.0
2024-07-22,2.78,2.81,2.75,2.77,39559536,,109982640.0
2024-07-23,2.77,2.8,2.74,2.74,30679584,,85131680.0
2024-07-24,2.74,2.78,2.72,2.76,42343912,,116504560.0
2024-07-25,2.76,2.8,2.75,2.78,40719364,,113305928.0
2024-07-26,2.79,2.85,2.78,2.84,48170112,,136299696.0
2024-07-29,2.85,2.88,2.83,2.85,31009012,,88583312.0
2024-07-30,2.84,2.88,2.84,2.87,30651580,,87632608.0
2024-07-31,2.87,2.97,2.87,2.94,71749096,,210582352.0
2024-08-01,2.94,2.96,2.93,2.94,58602872,,172529120.0
2024-08-02,2.93,2.95,2.91,2.92,41051392,,120304808.0
2024-08-05,2.91,2.96,2.89,2.9,50881700,,148776576.0
2024-08-06,2.91,2.93,2.86,2.89,35237788,,101957960.0
2024-08-07,2.9,2.91,2.86,2.88,23280200,,67167968.0
2024-08-08,2.89,2.93,2.87,2.91,28109503,,81598856.0
2024-08-09,2.92,2.94,2.89,2.9,25781530,,75057848.0
2024-08-12,2.89,2.91,2.88,2.89,22421328,,64828800.0
2024-08-13,2.88,2.93,2.87,2.93,26377850,,76736152.0
2024-08-14,2.93,2.94,2.91,2.92,17568860,,51320884.0
2024-08-15,2.91,2.96,2.9,2.93,29838120,,87430096.0
2024-08-16,2.93,2.94,2.88,2.89,27379700,,79436176.0
2024-08-19,2.9,2.93,2.88,2.91,31797400,,92554392.0
2024-08-20,2.91,2.92,2.84,2.86,31411570,,90040112.0
2024-08-21,2.85,2.86,2.8,2.82,21549500,,60912832.0
2024-08-22,2.83,2.84,2.78,2.79,22189440,,62372004.0
2024-08-23,2.79,2.82,2.76,2.8,24690670,,68863800.0
2024-08-26,2.81,2.82,2.76,2.79,25881904,,72219880.0
2024-08-27,2.79,2.8,2.74,2.75,24500100,,67518512.0
2024-08-28,2.76,2.8,2.74,2.76,27790600,,76946288.0
2024-08-29,2.75,2.8,2.75,2.76,29289576,,81347832.0
2024-08-30,2.76,2.84,2.76,2.8,50132092,,141072944.0
2024-09-02,2.8,2.81,2.74,2.74,46001380,,126796976.0
2024-09-03,2.74,2.77,2.73,2.75,30014744,,82619776.0
2024-09-04,2.74,2.79,2.74,2.76,27387600,,75706352.0
2024-09-05,2.76,2.78,2.75,2.77,22654000,,62743376.0
2024-09-06,2.79,2.84,2.78,2.79,45027060,,126484704.0
2024-09-09,2.78,2.83,2.74,2.78,33159464,,92449624.0
2024-09-10,2.79,2.8,2.71,2.76,39191204,,107636480.0
2024-09-11,2.76,2.77,2.72,2.74,22135202,,60747808.0
2024-09-12,2.74,2.78,2.74,2.76,23373476,,64571952.0
2024-09-13,2.76,2.81,2.76,2.77,28233348,,78609384.0
2024-09-18,2.76,2.79,2.7,2.78,41737328,,114521552.0
2024-09-19,2.78,2.82,2.75,2.8,40366168,,112676752.0
2024-09-20,2.8,2.81,2.77,2.81,29721300,,82994864.0
2024-09-23,2.81,2.83,2.79,2.82,27659400,,77724752.0
2024-09-24,2.82,3.05,2.82,3.02,139869488,,413588480.0
2024-09-25,3.08,3.3,3.08,3.19,265973136,,851613824.0
2024-09-26,3.15,3.28,3.12,3.27,223264624,,716035648.0
2024-09-27,3.36,3.41,3.26,3.4,252826816,,844582592.0
2024-09-30,3.59,3.74,3.43,3.74,470995584,,1691300096.0
2024-10-08,4.11,4.11,3.75,4.06,532132384,,2133108224.0
2024-10-09,3.8,3.83,3.65,3.65,306619424,,1137453568.0
2024-10-10,3.59,3.63,3.34,3.43,236291216,,815605184.0
2024-10-11,3.4,3.48,3.33,3.38,134153792,,459034464.0
2024-10-14,3.68,3.72,3.57,3.72,383784000,,1414620800.0
2024-10-15,3.7,3.89,3.52,3.52,406048896,,1505926400.0
2024-10-16,3.41,3.62,3.41,3.52,206358192,,729074176.0
2024-10-17,3.57,3.66,3.48,3.49,184776752,,656932800.0
2024-10-18,3.45,3.71,3.42,3.59,231328720,,821701312.0
2024-10-21,3.57,3.58,3.49,3.56,178595360,,631995712.0
2024-10-22,3.53,3.58,3.49,3.54,120761848,,425461952.0
2024-10-23,3.52,3.59,3.5,3.51,124487272,,441241408.0
2024-10-24,3.5,3.54,3.48,3.52,96416432,,338935168.0
2024-10-25,3.52,3.6,3.51,3.56,112430800,,400311520.0
2024-10-28,3.57,3.68,3.55,3.65,146398816,,532168320.0
2024-10-29,3.67,3.77,3.61,3.63,180064672,,663921728.0
2024-10-30,3.61,3.68,3.59,3.65,130198000,,472995872.0
2024-10-31,3.64,4.02,3.61,4.02,288900320,,1132292352.0
2024-11-01,4.28,4.42,4.02,4.04,760916032,,3253000192.0
2024-11-04,4.13,4.43,3.89,4.37,554109568,,2319993600.0
2024-11-05,4.3,4.7,4.25,4.46,557101120,,2504160000.0
2024-11-06,4.4,4.52,4.26,4.31,376101024,,1639930624.0
2024-11-07,4.23,4.74,4.17,4.74,614699456,,2815417600.0
2024-11-08,4.7,4.72,4.45,4.46,523605792,,2385996544.0
2024-11-11,4.5,4.65,4.33,4.52,354802656,,1591801088.0
2024-11-12,4.48,4.48,4.26,4.31,263444384,,1151472896.0
2024-11-13,4.27,4.31,4.17,4.21,184160192,,776927488.0
2024-11-14,4.18,4.3,4.14,4.15,149995312,,632065856.0
2024-11-15,4.14,4.18,4.0,4.01,153535712,,627916672.0
2024-11-18,4.05,4.09,3.94,4.0,135181072,,542630656.0
2024-11-19,4.03,4.06,3.92,4.06,122327568,,488259744.0
2024-11-20,4.02,4.08,3.97,4.05,116878072,,472131168.0
2024-11-21,4.04,4.04,3.96,4.0,115126320,,459843488.0
2024-11-22,3.99,4.0,3.75,3.77,158897728,,616496640.0
2024-11-25,3.77,3.8,3.66,3.74,106600512,,396028928.0
2024-11-26,3.71,3.8,3.7,3.74,74887552,,281368544.0
2024-11-27,3.72,3.82,3.68,3.81,84429840,,316698720.0
2024-11-28,3.81,3.87,3.79,3.82,89563520,,343624160.0
2024-11-29,3.82,3.95,3.77,3.89,121732400,,470362496.0
2024-12-02,3.87,3.98,3.83,3.96,116841415,,460643744.0
2024-12-03,3.96,4.0,3.89,3.97,103459360,,408230400.0
2024-12-04,3.97,3.97,3.86,3.88,90147792,,353381120.0
2024-12-05,3.88,3.93,3.86,3.89,82272024,,319853568.0
2024-12-06,3.89,4.07,3.86,4.01,152833184,,608241216.0
2024-12-09,4.0,4.06,3.92,3.97,107734096,,428841920.0
2024-12-10,4.14,4.14,3.96,3.97,137867184,,556919232.0
2024-12-11,3.96,4.06,3.94,4.02,97287424,,390313984.0
2024-12-12,4.01,4.09,3.96,4.06,115434648,,465496448.0
2024-12-13,4.01,4.02,3.86,3.88,138770432,,544378688.0
2024-12-16,3.88,3.9,3.81,3.84,68224096,,262677328.0
2024-12-17,3.83,3.85,3.77,3.79,59544912,,226594096.0
2024-12-18,3.81,3.85,3.78,3.8,45363764,,173246400.0
2024-12-19,3.77,3.8,3.72,3.79,58814284,,221349008.0
2024-12-20,3.78,3.82,3.77,3.8,52352416,,198706288.0
2024-12-23,3.78,3.8,3.67,3.68,77393968,,288082912.0
2024-12-24,3.69,3.74,3.68,3.73,50831312,,188463376.0
2024-12-25,3.72,3.72,3.63,3.68,47098000,,172746736.0
2024-12-26,3.67,3.71,3.66,3.67,32826432,,120848888.0
2024-12-27,3.67,3.77,3.67,3.73,59796596,,222602880.0
2024-12-30,3.72,3.74,3.67,3.73,44451436,,164786912.0
2024-12-31,3.73,3.74,3.56,3.56,81001184,,294129568.0
2025-01-02,3.6,3.61,3.43,3.47,74795696,,263722800.0
2025-01-03,3.48,3.5,3.36,3.38,62509064,,214229504.0
2025-01-06,3.36,3.44,3.34,3.4,52002032,,176367408.0
2025-01-07,3.41,3.44,3.37,3.43,44482908,,151525888.0
2025-01-08,3.42,3.43,3.31,3.4,57918731,,195023760.0
2025-01-09,3.38,3.42,3.36,3.38,41654352,,141141072.0
2025-01-10,3.37,3.4,3.31,3.31,40106000,,134767936.0
2025-01-13,3.28,3.34,3.25,3.34,44836960,,148189232.0
2025-01-14,3.35,3.45,3.34,3.44,74986768,,255761040.0
2025-01-15,3.48,3.78,3.48,3.63,304501344,,1127604352.0
2025-01-16,3.59,3.66,3.55,3.62,166767776,,601864384.0
2025-01-17,3.6,3.63,3.55,3.56,84952000,,304754048.0
2025-01-20,3.6,3.66,3.56,3.6,98396856,,355684032.0
2025-01-21,3.62,3.64,3.52,3.55,70633000,,251022720.0
2025-01-22,3.53,3.54,3.48,3.52,51250460,,179878624.0
2025-01-23,3.59,3.72,3.57,3.57,112122504,,407518464.0
2025-01-24,3.57,3.6,3.55,3.58,76651984,,273837472.0
2025-01-27,3.6,3.64,3.53,3.55,71796464,,257374496.0
2025-02-05,3.58,3.59,3.52,3.55,49898744,,177304048.0
2025-02-06,3.54,3.63,3.52,3.62,80697792,,289287008.0
2025-02-07,3.61,3.73,3.6,3.66,112205984,,411891200.0
2025-02-10,3.68,3.7,3.65,3.68,75550144,,277393632.0
2025-02-11,3.67,3.68,3.61,3.65,54741360,,199227904.0
2025-02-12,3.64,3.69,3.62,3.68,71999776,,262918112.0
2025-02-13,3.66,3.71,3.63,3.66,76641320,,280982912.0
2025-02-14,3.66,3.67,3.61,3.63,62373136,,226493376.0
2025-02-17,3.68,3.74,3.65,3.71,130690215,,482952288.0
2025-02-18,3.72,3.72,3.54,3.56,113130560,,409583680.0
2025-02-19,3.55,3.61,3.53,3.59,56955856,,203742528.0
2025-02-20,3.58,3.6,3.55,3.56,51535736,,183958400.0
2025-02-21,3.56,3.62,3.52,3.61,74453176,,266475920.0
2025-02-24,3.58,3.61,3.55,3.57,65105840,,232812112.0
2025-02-25,3.55,3.55,3.47,3.49,69608112,,244410176.0
2025-02-26,3.49,3.56,3.49,3.56,71091664,,250007376.0
2025-02-27,3.55,3.58,3.48,3.55,72048448,,254234208.0
2025-02-28,3.53,3.58,3.45,3.46,71239144,,249723680.0
2025-03-03,3.46,3.48,3.37,3.4,74597440,,255738256.0
2025-03-04,3.4,3.45,3.37,3.44,51448864,,176003296.0
2025-03-05,3.43,3.44,3.37,3.41,47028880,,159838368.0
2025-03-06,3.43,3.53,3.41,3.52,99144264,,345144288.0
2025-03-07,3.5,3.5,3.42,3.43,75950440,,261971792.0
2025-03-10,3.43,3.44,3.39,3.41,37555488,,128015104.0
2025-03-11,3.38,3.43,3.37,3.43,44230648,,150677472.0
2025-03-12,3.43,3.48,3.42,3.43,59657619,,205415712.0
2025-03-13,3.43,3.46,3.38,3.42,45203388,,154145792.0
2025-03-14,3.41,3.58,3.41,3.54,118089472,,414282528.0
2025-03-17,3.55,3.56,3.51,3.53,59065476,,208322128.0
2025-03-18,3.56,3.63,3.52,3.54,63515936,,225926288.0
2025-03-19,3.54,3.55,3.5,3.52,49492848,,174341872.0
2025-03-20,3.52,3.54,3.5,3.5,40904772,,143832560.0
2025-03-21,3.49,3.54,3.45,3.47,62473496,,218675424.0
2025-03-24,3.46,3.48,3.41,3.45,46358012,,159864192.0
2025-03-25,3.45,3.51,3.44,3.5,53203624,,185377840.0
2025-03-26,3.5,3.53,3.48,3.53,49487088,,173814880.0
2025-03-27,3.52,3.58,3.47,3.52,63537376,,224054832.0
2025-03-28,3.53,3.54,3.49,3.52,54744772,,192599264.0
2025-03-31,3.51,3.53,3.42,3.45,72727120,,251675216.0
2025-04-01,3.45,3.52,3.44,3.49,55214704,,192398736.0
2025-04-02,3.47,3.51,3.47,3.49,30842415,,107634144.0
2025-04-03,3.47,3.55,3.46,3.52,63293519,,222565888.0
2025-04-07,3.38,3.44,3.17,3.17,107256608,,349081120.0
2025-04-08,3.18,3.23,3.14,3.22,79379280,,253435936.0
2025-04-09,3.19,3.29,3.1,3.28,91512912,,294411040.0
2025-04-10,3.31,3.38,3.28,3.32,75259592,,250902336.0
2025-04-11,3.3,3.33,3.28,3.29,47503980,,156842416.0
2025-04-14,3.31,3.37,3.3,3.35,65096728,,216551376.0
2025-04-15,3.35,3.36,3.3,3.33,41250740,,137152944.0
2025-04-16,3.31,3.33,3.24,3.29,44715256,,146644080.0
2025-04-17,3.28,3.32,3.26,3.29,31560400,,104045800.0
2025-04-18,3.28,3.33,3.27,3.32,33011409,,109071360.0
2025-04-21,3.33,3.46,3.3,3.37,75261760,,254809648.0
2025-04-22,3.36,3.43,3.35,3.42,66146792,,225335488.0
2025-04-23,3.41,3.44,3.37,3.39,46801176,,158905664.0
2025-04-24,3.39,3.4,3.35,3.38,33712828,,113831368.0
2025-04-25,3.36,3.41,3.36,3.4,47783328,,162059728.0
2025-04-28,3.39,3.39,3.35,3.36,36117460,,121673944.0
2025-04-29,3.36,3.38,3.35,3.36,29397064,,98822176.0
2025-04-30,3.36,3.38,3.32,3.33,38140880,,127874120.0
2025-05-06,3.34,3.41,3.34,3.41,59465168,,201168368.0
2025-05-07,3.47,3.52,3.4,3.42,69160568,,238392336.0
2025-05-08,3.4,3.43,3.39,3.4,41521460,,141579040.0
2025-05-09,3.41,3.41,3.36,3.37,33380280,,112836232.0
2025-05-12,3.38,3.41,3.37,3.41,42441356,,143932368.0
2025-05-13,3.43,3.44,3.38,3.39,38626876,,131371448.0
2025-05-14,3.39,3.52,3.37,3.48,114358152,,394325472.0
2025-05-15,3.47,3.48,3.39,3.4,64082864,,219529840.0
2025-05-16,3.39,3.41,3.36,3.37,52247964,,176605728.0
2025-05-19,3.36,3.4,3.36,3.38,34359860,,116099768.0
2025-05-20,3.39,3.41,3.38,3.4,33695832,,114273128.0
2025-05-21,3.39,3.41,3.39,3.4,32281220,,109746200.0
2025-05-22,3.39,3.4,3.36,3.36,34603216,,116730096.0
2025-05-23,3.36,3.39,3.33,3.34,43758844,,147111984.0
2025-05-26,3.34,3.36,3.32,3.33,36708608,,122419024.0
2025-05-27,3.34,3.36,3.31,3.35,33236496,,110807208.0
2025-05-28,3.35,3.36,3.33,3.35,22413700,,74941944.0
2025-05-29,3.35,3.39,3.34,3.39,36295460,,122551432.0
2025-05-30,3.38,3.4,3.36,3.39,43022424,,145631168.0
2025-06-03,3.39,3.46,3.38,3.45,83955576,,288338880.0
2025-06-04,3.42,3.44,3.39,3.42,55093104,,188180080.0
2025-06-05,3.43,3.47,3.41,3.44,60852884,,208977472.0
2025-06-06,3.43,3.46,3.4,3.42,51389104,,175823088.0
2025-06-09,3.43,3.46,3.41,3.45,52334512,,180316560.0
2025-06-10,3.45,3.45,3.39,3.42,47462672,,162417872.0
2025-06-11,3.41,3.49,3.41,3.45,58802612,,203311648.0
2025-06-12,3.44,3.48,3.43,3.46,45740152,,158180656.0
2025-06-13,3.44,3.46,3.41,3.41,75009984,,257473168.0
2025-06-16,3.41,3.45,3.41,3.45,50423480,,173184928.0
2025-06-17,3.45,3.46,3.43,3.46,37444168,,129067648.0
2025-06-18,3.45,3.46,3.4,3.41,41275200,,141237904.0
2025-06-19,3.41,3.41,3.32,3.33,58116492,,194781456.0
2025-06-20,3.33,3.35,3.32,3.33,30727520,,102416280.0
2025-06-23,3.32,3.37,3.31,3.36,37073896,,123852432.0
2025-06-24,3.36,3.45,3.35,3.44,63569856,,217442432.0
2025-06-25,3.45,3.73,3.43,3.68,317748672,,1147713664.0
2025-06-26,3.66,3.68,3.58,3.6,184991168,,670698944.0
2025-06-27,3.63,3.75,3.6,3.63,163396576,,598916736.0
2025-06-30,3.62,3.63,3.55,3.57,106079968,,379983520.0
2025-07-01,3.57,3.59,3.52,3.54,73046560,,258968416.0
2025-07-02,3.54,3.59,3.52,3.54,61626260,,218809120.0
2025-07-03,3.55,3.56,3.52,3.55,52881176,,187375904.0
2025-07-04,3.56,3.6,3.53,3.55,78607104,,280098144.0
2025-07-07,3.54,3.59,3.53,3.56,55173984,,196675296.0
2025-07-08,3.56,3.63,3.55,3.61,83962320,,301431264.0
2025-07-09,3.61,3.82,3.61,3.71,246724304,,917999424.0
2025-07-10,3.68,3.93,3.68,3.82,228473840,,873511872.0
2025-07-11,3.82,3.92,3.74,3.86,242783392,,935178944.0
2025-07-14,3.87,3.89,3.73,3.74,148088368,,559431168.0
2025-07-15,3.75,3.76,3.67,3.7,93296960,,345384384.0
2025-07-16,3.71,3.73,3.67,3.72,70132656,,259349600.0
2025-07-17,3.71,3.76,3.7,3.71,81200528,,302326912.0
2025-07-18,3.71,3.74,3.7,3.71,75129696,,279486112.0
2025-07-21,3.72,3.75,3.7,3.75,89428912,,334030400.0
2025-07-22,3.74,3.75,3.68,3.74,85939688,,319194912.0
2025-07-23,3.73,3.79,3.71,3.71,112543976,,422203616.0
2025-07-24,3.71,3.8,3.7,3.8,124395400,,469370976.0
2025-07-25,3.8,3.82,3.71,3.73,94737744,,355576192.0
2025-07-28,3.73,3.77,3.7,3.71,84278120,,314040960.0
2025-07-29,3.71,3.71,3.63,3.69,93869648,,343808960.0
2025-07-30,3.68,3.7,3.62,3.64,70016104,,256025024.0
2025-07-31,3.63,3.64,3.55,3.57,74110704,,266251376.0
2025-08-01,3.57,3.6,3.55,3.57,45334104,,162079008.0
2025-08-04,3.56,3.59,3.55,3.59,50058440,,178788704.0
2025-08-05,3.58,3.63,3.58,3.63,56459960,,203638128.0
2025-08-06,3.62,3.63,3.59,3.62,41258100,,148963840.0
2025-08-07,3.61,3.63,3.58,3.59,50871820,,183165056.0
2025-08-08,3.59,3.61,3.57,3.6,45297624,,162717680.0
2025-08-11,3.6,3.64,3.59,3.63,59052656,,214061968.0
2025-08-12,3.64,3.67,3.62,3.65,66271360,,241717632.0
2025-08-13,3.66,3.7,3.62,3.68,101703496,,372904672.0
2025-08-14,3.68,3.71,3.62,3.64,98885096,,363141472.0
2025-08-15,3.63,3.76,3.61,3.75,145734224,,540371584.0
2025-08-18,3.77,3.8,3.72,3.75,119252904,,448572480.0
2025-08-19,3.74,3.78,3.7,3.75,108017704,,403900768.0
2025-08-20,3.74,3.78,3.71,3.78,91773880,,343514656.0
2025-08-21,3.79,3.83,3.74,3.76,98628680,,373133568.0
2025-08-22,3.75,3.81,3.72,3.8,122606136,,461853760.0
2025-08-25,3.83,3.88,3.8,3.84,150682464,,577867904.0
2025-08-26,3.82,3.85,3.81,3.83,81899568,,313963680.0
2025-08-27,3.82,3.83,3.68,3.69,133202336,,502396960.0
2025-08-28,3.69,3.76,3.64,3.75,115546784,,427164960.0
2025-08-29,3.75,3.78,3.69,3.71,92787160,,346607296.0
2025-09-01,3.72,3.72,3.65,3.67,80556512,,296116192.0
2025-09-02,3.66,3.67,3.58,3.62,90727616,,328159584.0
2025-09-03,3.62,3.63,3.53,3.53,74641160,,266258752.0
2025-09-04,3.54,3.57,3.51,3.54,70507720,,249544704.0
2025-09-05,3.55,3.57,3.51,3.57,59828607,,211671280.0
2025-09-08,3.55,3.59,3.55,3.58,54908872,,196105968.0
2025-09-09,3.58,3.61,3.56,3.6,56880500,,203969440.0
2025-09-10,3.59,3.6,3.57,3.58,30605736,,109635016.0
2025-09-11,3.59,3.66,3.56,3.66,80109888,,289641056.0
2025-09-12,3.65,3.66,3.62,3.62,54189784,,197228608.0
2025-09-15,3.62,3.64,3.6,3.61,45661968,,165069776.0
2025-09-16,3.6,3.73,3.6,3.73,123878176,,456625440.0
2025-09-17,3.7,3.98,3.69,3.9,312185376,,1208986112.0
2025-09-18,3.84,3.84,3.69,3.74,211244175,,798567616.0
2025-09-19,3.73,3.74,3.61,3.63,111422560,,407661632.0
2025-09-22,3.61,3.64,3.59,3.63,69609480,,251527808.0
2025-09-23,3.61,3.62,3.51,3.56,92570024,,328225088.0
2025-09-24,3.54,3.6,3.53,3.59,62720064,,223910608.0
2025-09-25,3.58,3.59,3.55,3.57,48768012,,173875792.0
2025-09-26,3.56,3.59,3.55,3.55,59054143,,210580912.0
2025-09-29,3.54,3.65,3.52,3.63,90498064,,324850688.0
2025-09-30,3.62,3.62,3.57,3.58,57665343,,206905776.0
2025-10-09,3.58,3.63,3.56,3.63,66258428,,238579824.0
2025-10-10,3.61,3.66,3.61,3.64,66545068,,241967312.0
2025-10-13,3.56,3.61,3.53,3.6,69003616,,246641584.0
2025-10-14,3.59,3.65,3.59,3.61,71735984,,259689040.0
2025-10-15,3.61,3.64,3.58,3.64,62993419,,227312896.0
2025-10-16,3.63,3.63,3.58,3.6,42566464,,153392976.0
2025-10-17,3.6,3.63,3.55,3.56,61955400,,222365696.0
2025-10-20,3.58,3.6,3.54,3.55,58054740,,206966016.0
2025-10-21,3.56,3.65,3.55,3.63,88417768,,319237568.0
2025-10-22,3.61,3.63,3.6,3.62,49139140,,177704864.0
2025-10-23,3.62,3.67,3.59,3.67,65990848,,239333744.0
2025-10-24,3.67,3.68,3.63,3.66,56773004,,207546048.0
2025-10-27,3.69,3.69,3.65,3.67,67013128,,245960880.0
2025-10-28,3.66,3.67,3.63,3.64,58632536,,213677152.0
2025-10-29,3.63,3.73,3.63,3.73,98848736,,364980896.0
2025-10-30,3.71,3.72,3.65,3.65,81249624,,299121344.0
2025-10-31,3.66,3.67,3.63,3.64,51859936,,189013120.0
2025-11-03,3.64,3.65,3.6,3.64,59250488,,214516352.0
2025-11-04,3.64,3.66,3.61,3.64,46204088,,168001248.0
2025-11-05,3.62,3.67,3.61,3.64,49268028,,179650864.0
2025-11-06,3.65,3.68,3.64,3.66,51612832,,189070656.0
2025-11-07,3.66,3.67,3.64,3.66,40120144,,146797072.0
2025-11-10,3.66,3.7,3.65,3.7,51091820,,188132560.0
2025-11-11,3.7,3.71,3.67,3.69,44754612,,165050336.0
2025-11-12,3.68,3.7,3.64,3.67,49238364,,180860160.0
2025-11-13,3.67,3.71,3.66,3.71,54820048,,202096480.0
2025-11-14,3.69,3.73,3.68,3.68,58799852,,217896784.0
2025-11-17,3.68,3.68,3.64,3.65,47503584,,173530544.0
2025-11-18,3.64,3.65,3.57,3.6,63370700,,228264000.0
2025-11-19,3.59,3.61,3.55,3.57,39777076,,142243216.0
2025-11-20,3.6,3.61,3.56,3.57,42106048,,150958288.0
2025-11-21,3.55,3.56,3.43,3.43,74552744,,260277264.0
2025-11-24,3.45,3.46,3.43,3.44,36986948,,127427072.0
2025-11-25,3.45,3.48,3.44,3.46,34259936,,118567704.0
2025-11-26,3.47,3.48,3.38,3.4,49141988,,168906032.0
2025-11-27,3.4,3.65,3.38,3.5,102981352,,361585056.0
2025-11-28,3.45,3.47,3.42,3.46,59783364,,205752144.0
2025-12-01,3.45,3.48,3.44,3.47,39040896,,134948064.0
2025-12-02,3.46,3.47,3.44,3.47,29365068,,101397360.0
2025-12-03,3.47,3.49,3.45,3.46,40337212,,139925008.0
2025-12-04,3.46,3.48,3.44,3.47,31315112,,108431584.0
2025-12-05,3.46,3.53,3.45,3.51,60743616,,211987712.0
2025-12-08,3.52,3.56,3.51,3.52,59437292,,210199408.0
2025-12-09,3.51,3.52,3.46,3.47,36975212,,128700264.0
2025-12-10,3.46,3.5,3.44,3.5,30534409,,105913792.0
2025-12-11,3.5,3.5,3.44,3.45,37223444,,128984280.0
2025-12-12,3.45,3.48,3.44,3.48,53632719,,185616160.0
2025-12-15,3.46,3.48,3.43,3.45,43124768,,149092992.0
2025-12-16,3.44,3.45,3.39,3.39,42431016,,144600192.0
2025-12-17,3.39,3.45,3.35,3.42,57252768,,194091616.0
2025-12-18,3.41,3.43,3.39,3.41,40279140,,137350000.0
2025-12-19,3.41,3.48,3.4,3.47,53370719,,184303056.0
2025-12-22,3.46,3.49,3.45,3.47,37445680,,130130680.0
2025-12-23,3.47,3.48,3.43,3.45,39010280,,134854832.0
2025-12-24,3.45,3.49,3.43,3.48,37605020,,130496952.0
2025-12-25,3.48,3.5,3.47,3.48,35732136,,124500000.0
2025-12-26,3.48,3.52,3.47,3.49,42879336,,149721584.0
2025-12-29,3.48,3.52,3.48,3.49,43581272,,152592224.0
2025-12-30,3.49,3.5,3.45,3.46,39502612,,137109904.0
2025-12-31,3.46,3.48,3.44,3.45,29653370,,102629632.0
2026-01-05,3.47,3.51,3.46,3.5,60678088,,212013120.0
2026-01-06,3.49,3.58,3.49,3.57,94601920,,335640864.0
2026-01-07,3.56,3.57,3.52,3.52,60261016,,213430240.0
2026-01-08,3.52,3.53,3.5,3.51,50903928,,178840192.0
2026-01-09,3.5,3.55,3.5,3.54,58668948,,207098368.0
2026-01-12,3.61,3.65,3.58,3.63,127410784,,460520896.0
2026-01-13,3.63,3.68,3.58,3.62,120827720,,438804960.0
2026-01-14,3.6,3.67,3.55,3.58,120328976,,435842464.0
2026-01-15,3.57,3.58,3.52,3.53,67923768,,240609440.0
2026-01-16,3.54,3.56,3.51,3.53,54413472,,192204064.0
2026-01-19,3.53,3.57,3.51,3.56,52088218,,184955536.0
2026-01-20,3.57,3.58,3.55,3.58,55130252,,196715680.0
2026-01-21,3.57,3.59,3.56,3.58,45998436,,164278096.0
2026-01-22,3.57,3.63,3.57,3.61,58553988,,211510048.0
2026-01-23,3.62,3.65,3.62,3.64,61707895,,
