日期,开盘,最高,最低,收盘,成交量,股票代码,成交额
2015-11-10,12.72,12.72,12.72,12.72,5607139,,71322808.0
2015-11-11,13.99,13.99,13.99,13.99,23373033,,326988736.0
2015-11-12,15.39,15.39,15.39,15.39,81227159,,1250086016.0
2015-11-13,15.9,16.93,15.47,16.5,254949241,,4137015552.0
2015-11-16,16.3,17.59,16.07,17.1,212438819,,3537335552.0
2015-11-17,17.0,17.35,16.01,16.2,211151060,,3553841408.0
2015-11-18,16.23,16.3,14.91,15.14,143640845,,2242653952.0
2015-11-19,15.24,16.35,15.1,16.09,153738083,,2419689728.0
2015-11-20,15.94,16.86,15.29,16.02,177225486,,2850163200.0
2015-11-23,15.7,17.27,15.6,16.88,195007617,,3244523264.0
2015-11-24,17.01,17.17,16.4,16.89,124605859,,2086685696.0
2015-11-25,16.88,17.25,16.55,17.25,125332445,,2118505472.0
2015-11-26,17.85,17.98,16.23,16.25,172265242,,2936449280.0
2015-11-27,15.8,15.89,14.63,14.63,124598081,,1906170240.0
2015-11-30,14.58,15.29,13.23,15.01,108655368,,1564113536.0
2015-12-01,14.7,14.85,13.89,14.34,72555703,,1052367616.0
2015-12-02,14.39,15.0,14.0,14.73,78497088,,1151641984.0
2015-12-03,14.82,15.28,14.68,15.03,64604949,,967995520.0
2015-12-04,14.86,14.98,14.5,14.57,54503306,,801843648.0
2015-12-07,14.88,15.46,14.71,15.16,85312388,,1291562240.0
2015-12-08,15.1,15.1,14.45,14.71,64690649,,952364096.0
2015-12-09,14.62,16.18,14.53,16.18,208647544,,3305648128.0
2015-12-10,16.18,16.54,15.76,16.51,209145337,,3387290624.0
2015-12-11,16.0,16.34,15.43,15.46,109889534,,1753361920.0
2015-12-14,15.0,15.25,14.61,15.16,80004958,,1191580928.0
2015-12-15,15.32,16.68,15.21,16.68,103719959,,1664322176.0
2015-12-16,17.45,18.35,17.12,18.1,317890892,,5671493632.0
2015-12-17,18.0,18.95,17.78,18.22,291709470,,5326900736.0
2015-12-18,18.0,20.04,17.92,19.77,303163859,,5814461952.0
2015-12-21,19.23,19.49,18.51,18.79,213844112,,4058056192.0
2015-12-22,18.73,19.27,18.59,18.9,144990515,,2743227136.0
2015-12-23,19.0,19.0,17.82,17.98,144620348,,2650699008.0
2015-12-24,17.89,18.56,17.83,18.07,87331664,,1588675072.0
2015-12-25,18.07,18.35,17.8,17.9,76661364,,1384195200.0
2015-12-28,17.79,18.04,16.8,16.98,105950287,,1837876096.0
2015-12-29,17.0,18.2,17.0,17.99,111877268,,1977983872.0
2015-12-30,18.0,18.08,17.44,17.68,72591649,,1283958528.0
2015-12-31,17.67,18.33,17.54,17.6,78539974,,1409701760.0
2016-01-04,17.62,17.63,15.84,15.84,73733666,,1209341568.0
2016-01-05,14.5,15.81,14.26,15.0,87370038,,1307324928.0
2016-01-06,15.09,16.0,14.68,15.71,76043019,,1167688576.0
2016-01-07,15.29,15.31,14.14,14.14,19313435,,282428896.0
2016-01-15,14.2,15.55,13.31,14.32,105095411,,1534818816.0
2016-01-18,13.91,15.14,13.68,14.66,77932336,,1128530816.0
2016-01-19,14.48,15.23,14.41,15.23,83927662,,1247157888.0
2016-01-20,14.93,15.67,14.82,14.9,83676204,,1269462912.0
2016-01-21,14.57,15.34,13.41,13.53,95421084,,1383188224.0
2016-01-22,13.75,13.86,12.88,13.28,80983555,,1082148864.0
2016-01-25,13.35,13.62,12.66,13.04,65989837,,869472192.0
2016-01-26,12.79,12.79,11.74,11.74,68165795,,830014080.0
2016-01-27,11.72,11.8,10.59,11.12,68126868,,754409664.0
2016-01-28,10.98,11.25,10.04,10.29,61712866,,659694848.0
2016-01-29,10.3,11.17,10.13,10.8,64238293,,689237184.0
2016-02-01,10.74,10.95,10.0,10.29,47860488,,503102080.0
2016-02-02,10.32,11.25,10.32,11.01,73450134,,802179456.0
2016-02-03,10.83,11.3,10.52,11.16,65598697,,713372736.0
2016-02-04,11.48,11.85,11.31,11.73,89504192,,1035965248.0
2016-02-05,11.7,11.72,11.2,11.21,55267217,,630911872.0
2016-02-15,10.66,11.3,10.52,11.05,42437205,,463305856.0
2016-02-16,11.18,11.81,11.1,11.63,65314866,,752512320.0
2016-02-17,11.5,12.03,11.46,11.8,76120205,,893179456.0
2016-02-18,11.95,12.18,11.71,11.81,75148408,,897861824.0
2016-02-19,11.79,12.72,11.71,12.24,83524151,,1017341184.0
2016-02-22,12.5,12.79,12.2,12.51,81389757,,1013207168.0
2016-02-23,12.5,12.53,11.92,12.15,63295742,,772698304.0
2016-02-24,12.0,12.69,11.95,12.6,73314814,,904681088.0
2016-02-25,12.88,12.92,11.34,11.36,111191890,,1361665920.0
2016-02-26,11.5,11.62,10.68,11.06,62589617,,700408128.0
2016-02-29,11.0,11.0,9.95,9.95,61547228,,623878016.0
2016-03-01,9.98,10.45,9.63,10.22,47486914,,480224192.0
2016-03-02,10.41,11.2,10.29,11.03,68007510,,724483712.0
2016-03-03,11.08,11.46,10.98,11.02,66379478,,743220032.0
2016-03-04,10.82,11.11,10.11,10.22,60171464,,634690880.0
2016-03-07,10.45,10.76,10.35,10.52,40177745,,423718528.0
2016-03-08,10.45,10.95,9.95,10.84,63635904,,668945856.0
2016-03-09,10.45,10.7,10.3,10.39,38381068,,402030752.0
2016-03-10,10.44,10.58,10.18,10.2,31916603,,330161120.0
2016-03-11,10.09,10.26,9.97,10.12,28596111,,289295968.0
2016-03-14,10.23,10.86,10.23,10.69,56815339,,604050944.0
2016-03-15,10.61,11.1,10.56,10.73,71387173,,776260992.0
2016-03-16,10.87,10.93,10.28,10.42,46374291,,490486080.0
2016-03-17,10.51,11.38,10.51,11.29,92967271,,1019893696.0
2016-03-18,11.4,11.85,11.18,11.64,104970126,,1209202944.0
2016-03-21,11.8,11.95,11.5,11.91,94728530,,1113088640.0
2016-03-22,11.64,12.08,11.6,11.73,78088813,,924442624.0
2016-03-23,11.61,11.84,11.5,11.73,61154487,,712725696.0
2016-03-24,11.6,12.5,11.44,11.9,114657281,,1376864256.0
2016-03-25,11.8,12.0,11.58,11.87,56032564,,660531008.0
2016-03-28,12.01,12.49,11.96,12.11,99035998,,1209731072.0
2016-03-29,12.19,12.76,12.15,12.44,124691760,,1552897408.0
2016-03-30,12.5,13.5,12.23,13.42,144420112,,1856152960.0
2016-03-31,13.39,13.5,13.04,13.3,121095806,,1607789696.0
2016-04-01,13.18,13.39,12.91,13.14,75947090,,996872384.0
2016-04-05,13.31,13.68,13.18,13.46,86435447,,1163461504.0
2016-04-06,13.3,13.72,13.14,13.55,93870652,,1256369408.0
2016-04-07,13.5,13.54,13.03,13.05,82547589,,1095294336.0
2016-04-08,12.9,12.9,12.18,12.47,78106164,,982586816.0
2016-04-11,12.6,12.84,12.51,12.58,54444903,,691705728.0
2016-04-12,12.6,12.72,12.27,12.5,44632318,,558084224.0
2016-04-13,12.65,13.34,12.62,13.14,91551484,,1189496448.0
2016-04-14,13.26,13.26,12.91,13.11,51138202,,667909952.0
2016-04-15,13.08,13.17,12.84,12.96,39826328,,516772096.0
2016-04-18,12.8,13.29,12.65,13.1,73474140,,957858368.0
2016-04-19,13.1,13.14,12.83,12.91,45919169,,595553152.0
2016-04-20,13.01,13.15,11.68,12.0,84843465,,1056435648.0
2016-04-21,12.01,12.28,11.6,11.73,58643755,,704175040.0
2016-04-22,11.55,11.9,11.39,11.83,43486160,,508302880.0
2016-04-25,11.79,11.91,11.5,11.74,27408301,,321131360.0
2016-04-26,11.9,12.16,11.8,12.08,46682256,,561852928.0
2016-04-27,12.13,12.39,11.99,12.02,53732660,,654799296.0
2016-04-28,12.06,12.1,11.55,11.89,44315327,,523945408.0
2016-04-29,11.81,12.04,11.73,11.92,31617205,,377479168.0
2016-05-03,11.96,12.58,11.83,12.56,62510126,,771214080.0
2016-05-04,12.49,12.65,12.32,12.35,52311450,,651576128.0
2016-05-05,12.36,13.3,12.32,13.16,117348008,,1521527040.0
2016-05-06,13.06,13.35,12.49,12.5,115209888,,1492310528.0
2016-05-09,12.52,12.98,12.32,12.77,94807107,,1199992448.0
2016-05-10,12.72,12.79,11.86,12.0,75845688,,927336128.0
2016-05-11,12.09,12.26,11.76,11.77,48718072,,586471232.0
2016-05-12,11.48,12.15,11.22,12.04,56650574,,666769664.0
2016-05-13,11.87,12.28,11.81,11.92,48228966,,581341376.0
2016-05-16,12.08,13.11,11.83,13.11,93851164,,1187813504.0
2016-05-17,13.56,14.1,13.1,13.12,220789754,,2995877632.0
2016-05-18,12.9,13.28,12.39,12.92,128046495,,1650968704.0
2016-05-19,12.86,13.85,12.78,13.5,154206219,,2061833344.0
2016-05-20,13.3,14.27,13.23,13.79,168199052,,2325167104.0
2016-05-23,13.88,14.13,13.56,14.07,134005447,,1863513984.0
2016-05-24,13.9,13.98,13.31,13.57,97693762,,1334995200.0
2016-05-25,13.7,13.78,13.31,13.36,71827340,,974336384.0
2016-05-26,13.2,13.75,12.82,13.68,90614463,,1201839488.0
2016-05-27,13.6,13.88,13.29,13.31,74424152,,1009399360.0
2016-05-30,13.07,13.52,12.91,13.28,46295673,,613204032.0
2016-05-31,13.37,13.96,13.3,13.96,95755647,,1318256896.0
2016-06-01,13.96,15.36,13.86,14.68,195973543,,2900882176.0
2016-06-02,14.66,14.97,14.43,14.9,128711511,,1890930176.0
2016-06-03,14.79,15.19,14.6,14.64,87772533,,1298805760.0
2016-06-06,14.71,15.09,14.56,14.98,87249971,,1295127040.0
2016-06-07,14.91,15.57,14.85,15.05,115416895,,1754076160.0
2016-06-08,14.9,15.38,14.6,14.97,91506918,,1366371456.0
2016-06-13,14.66,14.77,13.47,13.47,104865107,,1492133120.0
2016-06-14,13.2,13.65,13.19,13.62,53900175,,727576192.0
2016-06-15,13.39,14.87,13.31,14.63,106294485,,1530246400.0
2016-06-16,14.63,15.78,14.5,15.14,168025114,,2552256768.0
2016-06-17,15.14,15.28,14.76,15.0,83778379,,1259175808.0
2016-06-20,15.09,15.64,14.95,15.13,78339350,,1194880000.0
2016-06-21,15.38,15.87,14.8,15.15,107810129,,1655738752.0
2016-06-22,15.22,15.41,14.79,15.38,84558165,,1278098560.0
2016-06-23,15.28,15.34,14.84,14.92,63137628,,947448512.0
2016-06-24,14.9,15.85,14.33,15.39,142337021,,2171600896.0
2016-06-27,15.38,16.06,15.38,16.0,123693103,,1948083584.0
2016-06-28,15.82,15.96,15.56,15.86,81309651,,1284093696.0
2016-06-29,15.91,16.17,15.73,15.87,66892715,,1064525888.0
2016-06-30,16.04,16.04,15.3,15.4,77527203,,1203329792.0
2016-07-01,15.4,15.5,15.15,15.3,48260060,,738965440.0
2016-07-04,15.17,15.58,15.11,15.43,51398699,,792807360.0
2016-07-05,15.46,15.68,15.16,15.53,71835423,,1108669440.0
2016-07-06,15.4,15.65,15.26,15.34,47984340,,738828544.0
2016-07-07,15.42,15.84,15.18,15.68,83542151,,1297670656.0
2016-07-08,16.17,16.48,15.61,15.63,104689563,,1678046080.0
2016-07-11,15.7,15.89,15.38,15.45,61386262,,958016256.0
2016-07-12,15.43,15.55,15.01,15.42,57571102,,879706752.0
2016-07-13,15.41,15.57,15.26,15.39,48875943,,752546560.0
2016-07-14,15.41,15.53,15.26,15.44,38517919,,593641088.0
2016-07-15,15.42,15.55,15.13,15.37,53233293,,817996352.0
2016-07-18,15.27,15.36,14.7,14.77,64433738,,967736512.0
2016-07-19,14.73,14.86,14.34,14.74,50309034,,733700736.0
2016-07-20,14.71,14.94,14.69,14.79,31362711,,465294688.0
2016-07-21,14.75,14.89,14.54,14.66,33147969,,486979360.0
2016-07-22,14.63,14.8,14.5,14.52,24205197,,354482784.0
2016-07-25,14.4,14.52,14.17,14.28,35376179,,507796512.0
2016-07-26,14.38,14.7,14.31,14.68,32303506,,471423616.0
2016-07-27,14.68,14.73,13.36,13.66,56669624,,794470336.0
2016-07-28,13.73,13.73,13.12,13.45,34598039,,465541792.0
2016-07-29,13.48,13.57,13.24,13.53,23041146,,310168576.0
2016-08-01,13.54,13.54,12.9,13.14,30079856,,394368512.0
2016-08-02,13.13,13.3,13.09,13.21,17535974,,231437680.0
2016-08-03,13.23,13.42,13.13,13.33,18978298,,252790624.0
2016-08-04,13.31,13.72,13.25,13.58,27973701,,378321504.0
2016-08-05,13.52,13.54,13.32,13.32,19967165,,267926528.0
2016-08-08,13.3,13.44,13.08,13.43,16619174,,220549216.0
2016-08-09,13.41,13.6,13.4,13.55,19269557,,260671152.0
2016-08-10,13.47,13.71,13.47,13.51,21601379,,293446304.0
2016-08-11,13.47,13.51,13.18,13.19,19109829,,254620160.0
2016-08-12,13.21,13.32,13.12,13.32,15588057,,206359568.0
2016-08-15,13.37,13.65,13.21,13.58,33563949,,453134656.0
2016-08-16,13.58,13.92,13.53,13.8,41279213,,569696064.0
2016-08-17,13.89,13.89,13.63,13.71,23234435,,318927104.0
2016-08-18,13.72,13.87,13.63,13.68,23788451,,326903936.0
2016-08-19,13.7,13.77,13.58,13.67,17446517,,238146048.0
2016-08-22,13.67,13.78,13.39,13.44,19008684,,259410864.0
2016-08-23,13.5,13.58,13.38,13.54,15136721,,204161136.0
2016-08-24,13.54,13.75,13.51,13.75,20670625,,282285376.0
2016-08-25,13.7,13.7,13.42,13.49,20376633,,275407136.0
2016-08-26,13.57,13.65,13.48,13.49,15044847,,204084896.0
2016-08-29,13.45,13.47,13.21,13.24,23466639,,311822176.0
2016-08-30,13.28,13.33,13.16,13.21,15394371,,203801296.0
2016-08-31,13.22,13.28,13.16,13.24,11666216,,154378768.0
2016-09-01,13.31,13.51,13.27,13.27,20543016,,274980704.0
2016-09-02,13.2,13.28,13.0,13.08,19142760,,251238320.0
2016-09-05,13.16,13.19,13.0,13.07,13542093,,177375136.0
2016-09-06,13.08,13.41,12.9,13.37,26330017,,347193344.0
2016-09-07,13.33,13.42,13.2,13.22,19832900,,264199888.0
2016-09-08,13.24,13.34,13.18,13.27,13620189,,180417008.0
2016-09-09,13.31,13.55,13.25,13.35,29337819,,394316608.0
2016-09-12,13.19,13.19,12.9,12.93,26102247,,340244192.0
2016-09-13,12.94,13.4,12.92,13.36,27731888,,365881728.0
2016-09-14,13.28,13.6,13.21,13.41,34398707,,462368608.0
2016-09-19,13.45,13.66,13.41,13.5,18043746,,244107568.0
2016-09-20,13.55,13.57,13.29,13.3,18030584,,241020736.0
2016-09-21,13.3,13.32,13.12,13.15,17795793,,234589648.0
2016-09-22,13.23,13.29,13.09,13.1,16051968,,211410480.0
2016-09-23,13.1,13.18,13.0,13.02,14817589,,193479856.0
2016-09-26,13.04,13.04,12.3,12.31,28554346,,362301280.0
2016-09-27,12.3,12.44,12.07,12.33,20767419,,254953264.0
2016-09-28,12.38,12.4,12.23,12.24,10333832,,126998816.0
2016-09-29,12.28,12.31,12.15,12.17,13665524,,167139200.0
2016-09-30,12.18,12.26,12.15,12.21,9451467,,115378760.0
2016-10-10,12.37,12.63,12.37,12.58,19322914,,242063936.0
2016-10-11,12.63,12.63,12.52,12.58,10269748,,129117800.0
2016-10-12,12.54,12.57,12.44,12.54,10203909,,127522192.0
2016-10-13,12.57,12.6,12.49,12.52,10196532,,127829520.0
2016-10-14,12.51,12.51,12.3,12.38,14361385,,177971328.0
2016-10-17,12.4,12.64,12.4,12.48,16278031,,203457888.0
2016-10-18,12.45,12.83,12.4,12.79,33551089,,426508352.0
2016-10-19,12.79,12.79,12.57,12.63,20644359,,261178640.0
2016-10-20,12.66,12.8,12.6,12.77,19225767,,244218464.0
2016-10-21,12.8,12.97,12.6,12.68,30355303,,387997280.0
2016-10-24,12.73,12.77,12.6,12.67,17367211,,220196896.0
2016-10-25,12.68,12.72,12.6,12.64,15266360,,193081152.0
2016-10-26,12.65,12.66,12.3,12.37,27085800,,336413568.0
2016-10-27,12.39,12.47,12.33,12.38,11805953,,146144752.0
2016-10-28,12.37,12.43,12.22,12.25,17103567,,210290192.0
2016-10-31,12.16,12.36,12.13,12.27,11965933,,146500880.0
2016-11-01,12.28,12.32,12.2,12.31,13108350,,160705168.0
2016-11-02,12.31,12.31,12.12,12.13,16157432,,196913696.0
2016-11-03,12.11,12.39,12.09,12.28,20732177,,254784368.0
2016-11-08,13.0,13.29,12.51,12.61,70860445,,910025216.0
2016-11-09,12.54,12.63,12.15,12.38,32697598,,404543680.0
2016-11-10,12.4,12.49,12.34,12.39,22613838,,280480384.0
2016-11-11,12.34,12.42,12.21,12.38,24156981,,297280928.0
2016-11-14,12.35,12.47,12.3,12.38,19041092,,235736864.0
2016-11-15,12.42,12.45,12.37,12.45,16441266,,203904432.0
2016-11-16,12.49,12.58,12.44,12.54,22999824,,287876000.0
2016-11-17,12.53,12.53,12.33,12.36,19660978,,243427120.0
2016-11-18,12.35,12.38,12.26,12.26,13796363,,169831872.0
2016-11-21,12.21,12.3,12.17,12.26,11464747,,140399824.0
2016-11-22,12.33,12.34,12.19,12.34,16966559,,208279424.0
2016-11-23,12.38,12.55,12.36,12.41,24951715,,310630144.0
2016-11-24,12.4,12.59,12.34,12.59,38408083,,480566528.0
2016-11-25,12.58,13.15,12.46,13.05,80425832,,1036592128.0
2016-11-28,13.1,13.32,12.91,13.08,48032483,,627518336.0
2016-11-29,13.02,13.19,12.93,13.06,39463216,,515098048.0
2016-11-30,13.03,13.14,12.95,13.12,34414563,,449072672.0
2016-12-01,13.14,13.43,13.13,13.4,55637702,,739985792.0
2016-12-02,13.35,13.4,12.84,12.88,40306676,,530452480.0
2016-12-05,12.75,13.4,12.72,13.25,49688447,,656202112.0
2016-12-06,13.24,13.32,12.76,13.1,65272251,,848435712.0
2016-12-07,12.87,13.04,12.87,12.99,23832886,,308710272.0
2016-12-08,13.02,13.16,12.86,13.08,34348887,,447277344.0
2016-12-09,13.1,13.14,12.85,12.86,27416114,,355478528.0
2016-12-12,12.73,12.84,12.1,12.14,34410904,,426431072.0
2016-12-13,12.15,12.75,12.14,12.72,33822151,,421095008.0
2016-12-14,12.4,12.79,12.4,12.63,24132666,,303701984.0
2016-12-15,12.64,12.93,12.55,12.67,24579329,,313076064.0
2016-12-16,12.68,13.21,12.62,12.87,53165130,,689649408.0
2016-12-19,12.67,12.75,12.43,12.54,32620008,,408492192.0
2016-12-20,12.23,12.53,12.23,12.46,16221835,,201164432.0
2016-12-21,12.47,12.53,12.35,12.46,14022895,,174249024.0
2016-12-22,12.5,12.5,12.25,12.32,13638949,,168489408.0
2016-12-23,12.3,12.38,12.13,12.2,15840363,,193882544.0
2016-12-26,12.21,12.32,12.05,12.32,15549941,,189236576.0
2016-12-27,12.29,12.36,12.15,12.18,11741600,,143751696.0
2016-12-28,12.36,12.39,12.2,12.21,13561919,,166656992.0
2016-12-29,12.16,12.23,12.06,12.06,11193769,,135910720.0
2016-12-30,12.11,12.17,11.7,11.93,19761004,,236664048.0
2017-01-03,11.93,12.19,11.93,12.16,10730039,,129475208.0
2017-01-04,12.18,12.45,12.05,12.3,23706983,,291287584.0
2017-01-05,12.29,12.33,12.2,12.25,11668185,,142831040.0
2017-01-06,12.14,12.33,12.08,12.25,12499573,,152314144.0
2017-01-09,12.18,12.39,12.16,12.3,14185949,,174535312.0
2017-01-10,12.3,12.32,12.16,12.18,12891593,,157412144.0
2017-01-11,12.08,12.22,12.0,12.04,10150378,,122709056.0
2017-01-12,12.04,12.1,11.75,11.78,16264240,,193458304.0
2017-01-13,11.81,11.87,11.48,11.53,12113945,,141713920.0
2017-01-16,11.51,11.58,10.41,10.91,21803346,,241950880.0
2017-01-17,10.84,11.09,10.72,10.98,10800821,,118077200.0
2017-01-18,10.99,11.01,10.82,10.88,7695364,,83920048.0
2017-01-19,10.88,10.88,10.6,10.61,11441697,,122619304.0
2017-01-20,10.61,10.85,10.57,10.78,8310288,,89533072.0
2017-01-23,10.78,10.96,10.78,10.91,8096171,,88302224.0
2017-01-24,10.87,10.95,10.83,10.88,5861344,,63794016.0
2017-01-25,10.87,10.97,10.84,10.92,7193314,,78453880.0
2017-01-26,10.92,11.33,10.92,11.12,15307148,,170496560.0
2017-02-03,11.24,11.24,11.04,11.05,6755005,,74994584.0
2017-02-06,11.06,11.14,11.01,11.13,8052108,,89133800.0
2017-02-07,11.13,11.17,11.03,11.07,7462088,,82760224.0
2017-02-08,11.06,11.09,10.86,11.08,10238337,,112492608.0
2017-02-09,11.08,11.28,11.05,11.17,13539865,,151259888.0
2017-02-10,11.17,11.17,11.04,11.09,10520618,,116783864.0
2017-02-13,11.1,11.3,11.09,11.19,12020793,,134650912.0
2017-02-14,11.2,11.23,11.08,11.1,9811612,,109207216.0
2017-02-15,11.1,11.14,10.9,10.93,13304226,,146803856.0
2017-02-16,10.92,10.98,10.85,10.96,10248931,,111930768.0
2017-02-17,10.89,10.97,10.82,10.84,9683558,,105387880.0
2017-02-20,10.87,10.99,10.85,10.98,9133022,,99973008.0
2017-02-21,10.98,11.17,10.98,11.1,13842470,,153637984.0
2017-02-22,11.11,11.3,11.1,11.21,18639540,,208971200.0
2017-02-23,11.18,11.55,11.09,11.41,29057395,,329823104.0
2017-02-24,11.35,11.49,11.29,11.38,13139682,,149325360.0
2017-02-27,11.39,11.59,11.3,11.4,18509048,,211975232.0
2017-02-28,11.5,11.54,11.32,11.38,11636102,,132557176.0
2017-03-01,11.4,11.45,11.3,11.37,11708308,,132994088.0
2017-03-02,11.49,11.7,11.44,11.54,28505238,,330039328.0
2017-03-03,11.55,11.87,11.51,11.8,40570025,,475862016.0
2017-03-06,11.83,12.2,11.75,12.06,44315380,,531089792.0
2017-03-07,12.07,12.2,11.9,12.06,26468553,,318345312.0
2017-03-08,12.06,12.17,11.96,12.05,17413195,,210149280.0
2017-03-09,12.07,12.1,11.71,11.86,22122354,,263136576.0
2017-03-10,11.84,12.05,11.75,11.95,22733659,,270942880.0
2017-03-13,11.9,12.3,11.85,12.26,37024536,,450583232.0
2017-03-14,12.24,12.41,12.12,12.16,20849472,,254334288.0
2017-03-15,12.18,12.21,12.07,12.17,14393915,,174707312.0
2017-03-16,12.08,12.27,12.08,12.2,18741216,,228398736.0
2017-03-17,12.16,12.22,11.78,11.86,33352144,,399416544.0
2017-03-20,11.71,11.84,11.6,11.7,19541661,,228643792.0
2017-03-21,11.7,11.71,11.35,11.49,23590616,,271279808.0
2017-03-22,11.4,11.56,11.31,11.4,14282317,,163287072.0
2017-03-23,11.34,11.51,11.21,11.38,13508168,,153892304.0
2017-03-24,11.37,11.4,11.01,11.18,21186222,,236499888.0
2017-03-27,10.9,11.27,10.87,11.08,23745701,,263036944.0
2017-03-28,10.95,11.25,10.95,11.19,19428112,,217035344.0
2017-03-29,11.23,11.23,11.12,11.14,13784675,,154077424.0
2017-03-30,11.15,11.16,10.95,11.0,13910782,,153430816.0
2017-03-31,11.04,11.26,10.97,11.25,18374989,,205278432.0
2017-04-05,11.24,11.65,11.14,11.58,32522562,,373711808.0
2017-04-06,11.59,11.59,11.41,11.44,18036595,,206716272.0
2017-04-07,11.39,11.52,11.23,11.26,20031446,,227488448.0
2017-04-10,11.25,11.37,11.05,11.19,20767376,,233477104.0
2017-04-11,11.19,11.34,11.0,11.18,22695103,,252954112.0
2017-04-12,11.11,11.25,11.05,11.09,13259134,,147536992.0
2017-04-13,11.1,11.17,11.06,11.14,10588014,,117696952.0
2017-04-14,11.14,11.16,10.56,10.62,46848795,,503750912.0
2017-04-17,10.58,10.58,10.07,10.17,29262625,,300471520.0
2017-04-18,10.2,10.26,9.8,9.88,27385353,,274612736.0
2017-04-19,9.85,9.92,9.51,9.76,25721317,,249266080.0
2017-04-20,9.79,10.08,9.77,9.9,19875036,,197086112.0
2017-04-21,9.93,9.96,9.7,9.86,8795197,,86878560.0
2017-04-24,9.86,9.86,9.28,9.29,20412053,,192462576.0
2017-04-25,9.31,9.44,9.17,9.25,14598314,,136350048.0
2017-04-26,9.28,9.37,9.22,9.31,11006411,,102444920.0
2017-04-27,9.33,9.33,8.8,9.2,20264282,,183453856.0
2017-04-28,9.14,9.6,9.1,9.54,18075520,,168244416.0
2017-05-02,9.53,9.98,9.46,9.75,21829533,,213269728.0
2017-05-03,9.8,9.94,9.65,9.85,19257546,,188614448.0
2017-05-04,10.11,10.68,10.0,10.01,67248570,,690701760.0
2017-05-05,10.01,10.01,9.58,9.6,26960545,,263447472.0
2017-05-08,9.59,9.59,9.15,9.17,20854424,,193843808.0
2017-05-09,9.12,9.38,9.04,9.3,12814971,,118569976.0
2017-05-10,9.31,9.39,8.96,8.98,18265363,,167015584.0
2017-05-11,8.96,9.06,8.8,9.04,16085387,,143954544.0
2017-05-12,9.0,9.04,8.87,8.92,11587826,,103582344.0
2017-05-15,9.0,9.04,8.91,8.92,7734958,,69245256.0
2017-05-16,8.95,9.29,8.84,9.29,22220694,,202742816.0
2017-05-17,9.22,9.36,9.21,9.25,13507062,,125163504.0
2017-05-18,9.2,9.25,9.11,9.12,11113807,,102011688.0
2017-05-19,9.18,9.32,9.13,9.17,11077360,,102096376.0
2017-05-22,9.18,9.22,8.89,8.94,13347942,,121055160.0
2017-05-23,8.94,9.06,8.56,8.6,16240920,,143511376.0
2017-05-24,8.56,8.75,8.29,8.74,13874174,,118316552.0
2017-05-25,8.72,8.81,8.5,8.71,12687993,,110103664.0
2017-05-26,8.73,8.8,8.58,8.6,10492501,,91242760.0
2017-05-31,8.74,8.8,8.52,8.65,13698004,,118527424.0
2017-06-01,8.6,8.61,8.22,8.22,15659920,,131581992.0
2017-06-02,8.23,8.37,8.14,8.33,10461715,,86234032.0
2017-06-05,8.37,8.45,8.34,8.37,7951061,,66747820.0
2017-06-06,8.36,8.43,8.31,8.43,6975300,,58506864.0
2017-06-07,8.39,8.63,8.39,8.6,13426167,,114842736.0
2017-06-08,8.65,8.74,8.56,8.59,12257974,,106017040.0
2017-06-09,8.59,8.64,8.52,8.6,10977305,,94264120.0
2017-06-12,8.58,8.58,8.36,8.36,11843290,,99898960.0
2017-06-13,8.36,8.89,8.32,8.78,28336553,,246764624.0
2017-06-14,8.71,9.12,8.71,8.93,35314274,,317144768.0
2017-06-15,8.93,9.04,8.83,8.98,23764119,,211926128.0
2017-06-16,8.97,9.15,8.88,8.96,18671488,,168115168.0
2017-06-19,8.97,9.05,8.86,8.92,12806468,,114180824.0
2017-06-20,8.96,9.29,8.95,9.15,35132894,,320959392.0
2017-06-21,9.14,9.19,8.95,9.1,21819167,,197798208.0
2017-06-22,9.29,9.42,8.95,8.96,34773628,,319283072.0
2017-06-23,8.91,8.97,8.78,8.97,21466827,,190667968.0
2017-06-26,8.99,9.1,8.94,9.03,19413047,,174857120.0
2017-06-27,9.03,9.08,8.85,8.95,17981603,,160606512.0
2017-06-28,8.7,8.77,8.58,8.6,33731913,,292344640.0
2017-06-29,8.6,8.72,8.59,8.61,13301141,,114997984.0
2017-06-30,8.6,8.79,8.55,8.72,15553212,,134795104.0
2017-07-03,8.72,8.94,8.66,8.89,17849881,,156992288.0
2017-07-04,8.9,9.15,8.85,9.0,25643319,,230714032.0
2017-07-05,9.01,9.27,8.93,9.2,33495659,,306354816.0
2017-07-06,9.12,10.12,9.11,9.86,117411029,,1157786880.0
2017-07-07,9.71,10.27,9.6,10.2,92795128,,921400832.0
2017-07-10,10.16,10.63,10.16,10.34,85989534,,892905664.0
2017-07-11,10.29,10.4,9.79,9.88,66795901,,674745408.0
2017-07-12,9.96,10.32,9.82,10.3,58455128,,590237696.0
2017-07-13,10.32,10.57,10.16,10.16,69805060,,722622464.0
2017-07-14,10.29,10.46,10.15,10.26,48268499,,498560832.0
2017-07-17,10.27,10.29,9.39,9.57,49281439,,482698016.0
2017-07-18,9.58,9.78,9.5,9.76,30661207,,296207872.0
2017-07-19,9.98,10.26,9.76,10.15,43667023,,437475712.0
2017-07-20,10.18,10.98,10.09,10.82,98692968,,1048530688.0
2017-07-21,10.7,11.26,10.66,11.11,84446505,,930574336.0
2017-07-24,11.05,11.14,10.68,10.74,58860723,,638449344.0
2017-07-25,10.77,10.97,10.48,10.91,44685025,,480966912.0
2017-07-26,10.9,11.07,10.65,10.79,44847064,,484692608.0
2017-07-27,10.8,10.81,10.31,10.63,42466277,,448612800.0
2017-07-28,10.7,11.03,10.6,10.9,61692452,,671153792.0
2017-07-31,10.86,11.52,10.86,11.43,92825450,,1044041344.0
2017-08-01,11.34,11.85,11.27,11.38,90072063,,1037897472.0
2017-08-02,11.59,12.38,11.42,12.01,121923673,,1450087680.0
2017-08-03,11.87,12.36,11.8,12.14,91358533,,1109794176.0
2017-08-04,12.1,12.28,11.48,11.53,66893796,,795525632.0
2017-08-07,11.6,12.33,11.59,12.28,72034635,,864755008.0
2017-08-08,12.22,12.45,11.87,11.91,66896040,,811996992.0
2017-08-09,11.84,12.13,11.7,11.92,34822277,,414440480.0
2017-08-10,11.82,12.17,11.64,11.71,45615203,,541774272.0
2017-08-11,11.56,11.66,10.87,11.01,61331729,,690195648.0
2017-08-14,11.13,11.71,11.05,11.67,52151143,,596479936.0
2017-08-15,11.7,11.92,11.49,11.6,41113277,,479812960.0
2017-08-16,11.61,11.76,11.24,11.65,37204285,,429128672.0
2017-08-17,11.67,11.9,11.44,11.56,34443983,,399981344.0
2017-08-18,11.38,11.85,11.31,11.73,34439422,,400373984.0
2017-08-21,11.7,12.8,11.68,12.56,90608284,,1120616832.0
2017-08-22,12.56,12.91,12.4,12.6,74861472,,947835584.0
2017-08-23,12.6,12.97,12.43,12.78,67080534,,852836928.0
2017-08-24,12.84,12.9,12.32,12.4,51715596,,648942528.0
2017-08-25,12.4,12.66,12.27,12.55,41303311,,514901600.0
2017-08-28,12.57,13.05,12.46,12.96,68451313,,880430336.0
2017-08-29,12.96,13.62,12.82,13.46,97901139,,1307173376.0
2017-08-30,13.46,13.79,13.22,13.41,82744740,,1113872512.0
2017-08-31,13.54,13.89,13.4,13.7,70683515,,966425024.0
2017-09-01,13.6,13.83,13.55,13.76,47094719,,645200960.0
2017-09-04,13.76,13.85,13.41,13.78,52633081,,718302592.0
2017-09-05,13.8,15.16,13.66,15.07,147949140,,2174698752.0
2017-09-06,15.01,15.97,14.8,15.06,162610202,,2476107264.0
2017-09-07,15.18,15.8,14.97,15.48,120397663,,1849664768.0
2017-09-08,15.5,16.08,15.12,15.38,107118754,,1669811712.0
2017-09-11,15.95,16.84,15.6,16.8,122613753,,1972185728.0
2017-09-12,16.7,17.55,16.01,16.35,167008080,,2808631040.0
2017-09-13,16.25,17.99,16.25,17.99,149559842,,2563586304.0
2017-09-14,18.91,18.98,17.4,18.0,215574887,,3935998208.0
2017-09-15,17.6,17.6,16.22,16.23,202961771,,3409048832.0
2017-09-18,16.56,17.05,16.2,16.76,142638186,,2379780608.0
2017-09-19,17.0,18.15,16.71,17.03,204358982,,3542812672.0
2017-09-20,17.02,17.65,16.69,17.42,158356026,,2716269056.0
2017-09-21,17.07,17.1,15.68,15.68,212454494,,3395444992.0
2017-09-22,15.43,15.49,14.81,14.99,140437446,,2131663360.0
2017-09-25,15.26,15.6,15.13,15.17,101531773,,1557612800.0
2017-09-26,15.0,15.55,14.91,15.28,63618964,,971300544.0
2017-09-27,15.25,15.85,15.17,15.6,95896243,,1497728384.0
2017-09-28,15.49,15.68,15.02,15.08,60119701,,923702272.0
2017-09-29,15.0,15.44,14.21,14.53,104126605,,1534504960.0
2017-10-09,14.77,15.14,14.68,15.11,71231982,,1064299712.0
2017-10-10,15.1,15.11,14.41,14.58,62619267,,921078336.0
2017-10-11,14.65,14.88,14.09,14.61,85689822,,1242837888.0
2017-10-12,14.59,14.65,14.2,14.37,46920831,,677401472.0
2017-10-13,14.45,14.83,14.31,14.66,48920580,,716141952.0
2017-10-16,14.64,14.77,14.18,14.27,49233310,,709535296.0
2017-10-17,14.19,14.25,13.82,14.0,46303540,,647429760.0
2017-10-18,14.04,14.16,13.75,13.77,35999580,,503448768.0
2017-10-19,13.87,14.38,13.75,14.24,60403313,,854722368.0
2017-10-20,14.28,15.1,14.28,14.85,83793233,,1239980928.0
2017-10-23,14.68,14.88,14.59,14.81,42370807,,623009920.0
2017-10-24,14.75,15.03,14.54,14.84,47231164,,698207040.0
2017-10-25,14.7,14.76,14.22,14.39,50287790,,725200448.0
2017-10-26,14.39,14.54,14.16,14.42,41852367,,600889600.0
2017-10-27,14.39,14.57,14.06,14.09,41105658,,588298368.0
2017-10-30,13.82,13.82,12.68,12.68,99118229,,1289762688.0
2017-10-31,12.7,13.07,12.7,12.94,47201907,,610250624.0
2017-11-01,12.98,13.09,12.8,12.9,35565962,,459764224.0
2017-11-02,12.81,13.06,12.5,12.69,41243432,,529377728.0
2017-11-03,12.7,12.86,12.37,12.51,33154156,,417640064.0
2017-11-06,12.83,13.06,12.78,12.83,40644993,,524694336.0
2017-11-07,12.88,12.99,12.73,12.95,27315653,,351618240.0
2017-11-08,12.96,13.73,12.88,13.43,57914686,,776392768.0
2017-11-09,13.54,13.65,13.25,13.46,36130010,,485153504.0
2017-11-10,13.4,13.55,13.31,13.49,32891012,,442200192.0
2017-11-13,13.6,13.61,12.99,13.13,46652441,,615360192.0
2017-11-14,13.14,13.44,12.97,13.1,45140684,,596364864.0
2017-11-15,12.99,12.99,12.28,12.43,57292364,,718590784.0
2017-11-16,12.4,12.51,12.13,12.2,28352808,,348572096.0
2017-11-17,12.24,12.31,11.41,11.5,49468983,,583504512.0
2017-11-20,11.52,11.84,11.25,11.79,32473537,,378186816.0
2017-11-21,11.79,11.88,11.49,11.71,28645352,,334543712.0
2017-11-22,11.69,12.15,11.47,11.95,42742365,,506274560.0
2017-11-23,11.81,12.09,11.6,11.6,29884361,,354234688.0
2017-11-24,11.49,12.25,11.41,12.07,40137577,,478803552.0
2017-11-27,12.08,12.15,11.48,11.5,34736154,,410746400.0
2017-11-28,11.53,11.72,11.36,11.67,23060566,,266732000.0
2017-11-29,11.67,12.09,11.56,12.07,40269613,,479068544.0
2017-11-30,12.0,12.17,11.84,11.9,30902349,,370603136.0
2017-12-01,11.95,12.08,11.87,12.0,20236129,,242590624.0
2017-12-04,11.93,12.05,11.6,11.68,24996123,,295438848.0
2017-12-05,11.58,11.88,10.69,10.87,42709839,,476802784.0
2017-12-06,10.88,11.19,10.76,11.14,27443205,,302415008.0
2017-12-07,11.12,11.3,11.07,11.12,17114346,,191529600.0
2017-12-08,11.14,11.45,11.11,11.23,23342309,,263263760.0
2017-12-11,11.4,11.65,11.4,11.57,21957343,,253517888.0
2017-12-12,11.55,12.15,11.54,11.91,45807555,,546956992.0
2017-12-13,11.85,11.96,11.66,11.83,25548453,,300909248.0
2017-12-14,11.8,11.88,11.55,11.62,22867542,,266500624.0
2017-12-15,11.52,11.56,11.15,11.3,32526094,,367333920.0
2017-12-18,11.25,11.55,11.13,11.33,19663577,,222630768.0
2017-12-19,11.36,11.38,11.11,11.19,19375179,,217441152.0
2017-12-20,11.24,11.29,10.95,11.0,19504908,,215992896.0
2017-12-21,11.07,11.23,10.91,11.15,17969698,,198868768.0
2017-12-22,11.13,11.37,11.11,11.18,17306035,,194515856.0
2017-12-25,11.14,11.19,10.79,10.84,23109570,,252796208.0
2017-12-26,10.84,10.98,10.71,10.98,17576942,,190605696.0
2017-12-27,11.04,11.34,10.98,11.2,37287001,,417094496.0
2017-12-28,11.2,11.45,11.12,11.29,34429011,,388831296.0
2017-12-29,11.32,11.42,11.13,11.32,24252985,,272733472.0
2018-01-02,11.38,11.42,11.25,11.36,22450012,,254171040.0
2018-01-03,11.4,11.85,11.34,11.74,49116379,,573051456.0
2018-01-04,11.61,11.74,11.56,11.66,27287806,,317352832.0
2018-01-05,11.68,11.69,11.36,11.43,31891995,,365997984.0
2018-01-08,11.41,11.78,11.12,11.76,48625468,,558598272.0
2018-01-09,11.9,12.21,11.82,11.86,77812586,,934592640.0
2018-01-10,11.7,11.84,11.47,11.55,40063748,,466080384.0
2018-01-11,11.5,11.86,11.36,11.78,30713108,,359144384.0
2018-01-12,11.71,11.85,11.5,11.53,29832784,,348063040.0
2018-01-15,11.41,11.52,10.4,10.6,70107418,,762936384.0
2018-01-16,10.58,10.74,10.45,10.6,26240434,,277687008.0
2018-01-17,10.5,10.55,9.81,10.24,42099626,,426709344.0
2018-01-18,10.14,10.35,10.05,10.15,19744962,,201157104.0
2018-01-19,10.06,10.23,10.0,10.05,19522436,,196817632.0
2018-01-22,10.04,10.27,9.99,10.21,18117087,,183788880.0
2018-01-23,10.25,10.3,10.14,10.17,14063745,,143546128.0
2018-01-24,10.18,10.29,10.06,10.28,19980765,,203667456.0
2018-01-25,10.24,10.45,10.19,10.27,19835005,,205179920.0
2018-01-26,10.29,10.36,10.11,10.14,16704504,,170285776.0
2018-01-29,10.12,10.15,9.85,9.94,25115057,,250958256.0
2018-01-30,9.91,10.25,9.91,10.11,19528948,,197933120.0
2018-01-31,10.04,10.07,9.63,9.69,25174431,,247569792.0
2018-02-01,9.6,9.79,9.22,9.28,23191327,,218801600.0
2018-02-02,9.31,9.39,8.9,9.28,15038881,,139050496.0
2018-02-05,9.16,9.33,9.01,9.19,10396364,,95824512.0
2018-02-06,8.95,9.18,8.65,8.65,24261738,,215682448.0
2018-02-07,8.86,8.99,8.54,8.98,22874752,,202293568.0
2018-02-08,9.58,9.88,9.43,9.88,41389412,,402524288.0
2018-02-09,9.9,10.58,9.7,10.11,94586272,,962793472.0
2018-02-12,10.07,10.82,9.93,10.74,73335429,,770378816.0
2018-02-13,10.7,10.75,10.37,10.41,61976594,,651987520.0
2018-02-14,10.48,10.54,10.11,10.27,32313112,,333730464.0
2018-02-22,10.42,11.24,10.36,10.73,65232064,,703710464.0
2018-02-23,10.6,11.29,10.56,11.28,78791561,,865860224.0
2018-02-26,11.35,11.76,11.14,11.64,72512817,,834802752.0
2018-02-27,11.35,11.55,11.26,11.27,52694248,,599973120.0
2018-02-28,11.17,12.1,11.09,11.94,80468976,,946358400.0
2018-03-01,11.69,12.22,11.66,12.0,67148663,,802749760.0
2018-03-02,11.86,12.32,11.8,11.8,64237327,,773546816.0
2018-03-05,11.88,12.08,11.65,11.86,45349899,,538634112.0
2018-03-06,11.95,12.16,11.61,11.9,54058644,,641542400.0
2018-03-07,11.95,12.06,11.75,11.93,48268248,,575908928.0
2018-03-08,11.93,11.98,11.44,11.53,55884432,,651164928.0
2018-03-09,11.59,12.44,11.56,12.29,84858699,,1020239424.0
2018-03-12,12.43,12.82,12.25,12.82,91105891,,1143627264.0
2018-03-13,12.71,12.79,12.53,12.59,54381736,,687268608.0
2018-03-14,12.57,12.95,12.29,12.36,67960471,,860871488.0
2018-03-15,12.58,12.84,12.35,12.67,57590498,,726063680.0
2018-03-16,12.7,12.7,12.28,12.28,42856146,,534135264.0
2018-03-19,12.14,12.47,12.06,12.3,30809438,,379808480.0
2018-03-20,12.39,12.77,12.22,12.33,54876393,,684175168.0
2018-03-21,12.23,12.5,11.86,11.93,48367460,,589687936.0
2018-03-22,11.99,12.14,11.62,11.72,43666658,,518523904.0
2018-03-23,11.16,11.36,10.55,10.56,77008528,,839605568.0
2018-03-26,10.3,11.09,10.18,11.07,54641736,,583503744.0
2018-03-27,11.24,11.55,11.15,11.49,61716548,,701225472.0
2018-03-28,11.25,11.39,11.08,11.15,42395794,,475542272.0
2018-03-29,11.22,11.35,10.94,11.15,34482165,,383098272.0
2018-03-30,11.26,11.43,11.11,11.3,35717413,,403127136.0
2018-04-02,11.38,11.61,11.15,11.21,50774260,,577376256.0
2018-04-03,10.92,11.03,10.56,10.86,42838677,,463528864.0
2018-04-04,10.88,10.94,10.6,10.6,33777316,,363222720.0
2018-04-09,10.55,10.73,10.42,10.5,32598218,,343633696.0
2018-04-10,10.54,10.97,10.37,10.97,49271365,,527409984.0
2018-04-11,11.0,11.04,10.78,10.83,33983038,,369793152.0
2018-04-12,10.78,10.81,10.46,10.55,29445045,,312439296.0
2018-04-13,10.6,10.83,10.47,10.7,29756888,,317660800.0
2018-04-16,10.61,10.86,10.56,10.78,27565834,,295612256.0
2018-04-17,10.75,10.81,10.18,10.18,42922877,,445647936.0
2018-04-18,10.3,10.68,10.18,10.57,33629795,,349476448.0
2018-04-19,10.57,10.8,10.5,10.65,26417518,,282122496.0
2018-04-20,10.66,10.79,10.49,10.58,28305240,,301347552.0
2018-04-23,10.55,10.55,10.26,10.43,26073737,,270328352.0
2018-04-24,10.37,10.75,10.35,10.65,30658277,,324738240.0
2018-04-25,10.56,10.64,10.38,10.46,26020451,,272798336.0
2018-04-26,10.42,10.66,10.34,10.34,21579155,,226560368.0
2018-04-27,10.44,10.52,10.25,10.45,17140654,,178711248.0
2018-05-02,10.54,10.85,10.53,10.83,38200212,,410672736.0
2018-05-03,10.78,11.19,10.64,11.12,42569378,,466406112.0
2018-05-04,11.13,11.4,11.02,11.15,42932043,,482423072.0
2018-05-07,11.28,11.78,11.13,11.68,56293630,,646610560.0
2018-05-08,11.71,11.71,11.48,11.58,39257029,,454630144.0
2018-05-09,11.57,11.77,11.53,11.59,33329409,,388455264.0
2018-05-10,11.61,11.79,11.46,11.59,29154159,,338819360.0
2018-05-11,11.63,11.86,11.58,11.63,47283311,,554830272.0
2018-05-14,11.59,11.83,11.46,11.78,52265657,,611318016.0
2018-05-15,11.86,11.91,11.52,11.66,34983584,,407930880.0
2018-05-16,11.56,11.79,11.3,11.33,46085186,,532093120.0
2018-05-17,11.39,11.6,11.36,11.44,29285952,,336050336.0
2018-05-18,11.37,11.57,11.37,11.51,23553920,,270310400.0
2018-05-21,11.61,11.77,11.58,11.65,30912421,,360712448.0
2018-05-22,11.61,11.62,11.35,11.52,31140320,,356595008.0
2018-05-23,11.44,11.45,10.98,11.0,40307995,,450770656.0
2018-05-24,10.89,11.08,10.84,11.07,23951715,,263337312.0
2018-05-25,11.0,11.02,10.5,10.53,36705843,,390827872.0
2018-05-28,10.5,10.67,10.41,10.5,21780043,,229589280.0
2018-05-29,10.5,10.57,10.43,10.47,16663529,,174970176.0
2018-05-30,10.27,10.27,9.96,10.0,27211055,,274786432.0
2018-05-31,10.18,10.24,10.04,10.13,17364541,,176117488.0
2018-06-01,10.11,10.24,9.98,10.13,15530503,,157206656.0
2018-06-04,10.14,10.22,9.91,10.05,16051275,,161611344.0
2018-06-05,10.05,10.48,10.04,10.47,24054975,,248165216.0
2018-06-06,10.41,10.51,10.31,10.37,18063426,,187878064.0
2018-06-07,10.47,10.78,10.39,10.71,38757670,,410174912.0
2018-06-08,10.71,10.71,10.33,10.55,31680284,,333468288.0
2018-06-11,10.54,10.54,10.13,10.23,20801413,,214867632.0
2018-06-12,10.29,10.3,9.97,10.26,22411422,,227584752.0
2018-06-13,10.18,10.22,10.04,10.06,13879107,,140538464.0
2018-06-14,10.02,10.32,10.02,10.21,18195488,,185750896.0
2018-06-15,10.19,10.25,9.94,10.03,20632938,,207247856.0
2018-06-19,9.75,9.83,9.03,9.03,37338764,,347550368.0
2018-06-20,9.04,9.26,8.83,9.17,23926590,,217460400.0
2018-06-21,9.15,9.25,8.89,8.95,17997061,,163306336.0
2018-06-22,8.85,9.53,8.73,9.35,27332887,,251943136.0
2018-06-25,9.42,9.58,9.3,9.31,23846315,,224831696.0
2018-06-26,9.1,9.55,9.03,9.46,20524542,,192582576.0
2018-06-27,9.45,9.52,9.25,9.25,18791727,,176110704.0
2018-06-28,9.28,9.52,9.28,9.35,19810381,,186552896.0
2018-06-29,9.4,9.81,9.36,9.72,26815584,,258054736.0
2018-07-02,9.66,9.75,9.36,9.48,23051950,,220824752.0
2018-07-03,9.54,9.73,9.36,9.69,21248284,,203366720.0
2018-07-04,9.6,9.65,9.22,9.36,18927536,,178832064.0
2018-07-05,9.39,9.54,9.17,9.18,15883851,,148773008.0
2018-07-06,9.25,9.58,9.08,9.37,23302194,,218287680.0
2018-07-09,9.39,9.62,9.39,9.59,21210741,,202755088.0
2018-07-10,9.64,9.8,9.56,9.77,23234315,,225876720.0
2018-07-11,9.58,9.9,9.4,9.65,33243625,,320486112.0
2018-07-12,9.6,10.02,9.6,9.98,33596936,,331271264.0
2018-07-13,9.92,10.02,9.84,9.92,21062639,,209268096.0
2018-07-16,9.98,9.99,9.77,9.86,17351055,,170830720.0
2018-07-17,9.83,9.96,9.7,9.95,19322942,,189678464.0
2018-07-18,9.95,9.95,9.68,9.7,19740144,,193977952.0
2018-07-19,9.64,9.76,9.46,9.52,17560949,,168427152.0
2018-07-20,9.51,9.7,9.44,9.67,18521087,,177790256.0
2018-07-23,9.75,10.23,9.75,10.12,39594849,,398430880.0
2018-07-24,10.09,10.24,10.06,10.16,29541192,,300361440.0
2018-07-25,10.2,10.45,10.1,10.17,25254565,,258516576.0
2018-07-26,10.2,10.21,9.98,10.08,19726391,,198666464.0
2018-07-27,10.04,10.05,9.89,9.94,16105585,,160579584.0
2018-07-30,9.9,10.05,9.82,9.95,16368778,,162287712.0
2018-07-31,9.87,9.96,9.73,9.82,16847554,,165323424.0
2018-08-01,9.91,9.95,9.59,9.6,20799569,,203838128.0
2018-08-02,9.51,9.6,8.92,9.3,25973190,,240766928.0
2018-08-03,9.27,9.37,9.12,9.14,12636837,,116639912.0
2018-08-06,9.1,9.24,8.83,8.96,16981226,,153477056.0
2018-08-07,9.03,9.24,8.92,9.23,15028025,,136722128.0
2018-08-08,9.25,9.25,9.01,9.03,14024226,,127806184.0
2018-08-09,9.02,9.3,9.0,9.22,18936546,,174534960.0
2018-08-10,9.23,9.29,9.14,9.24,11061001,,101975928.0
2018-08-13,9.09,9.29,9.05,9.26,13598657,,124534552.0
2018-08-14,9.26,9.29,9.15,9.26,10405110,,96079944.0
2018-08-15,9.25,9.3,9.03,9.05,12242657,,111988344.0
2018-08-16,8.97,9.1,8.88,9.0,10800716,,97280288.0
2018-08-17,9.07,9.15,8.88,8.9,9380791,,84531152.0
2018-08-20,8.75,8.76,8.01,8.04,57340259,,462563520.0
2018-08-21,8.07,8.24,8.07,8.15,27872320,,227382384.0
2018-08-22,8.1,8.14,7.73,7.82,30121196,,237086048.0
2018-08-23,7.85,7.93,7.69,7.85,21025236,,164062192.0
2018-08-24,7.79,7.88,7.73,7.81,10882500,,85026240.0
2018-08-27,7.84,7.96,7.79,7.94,22314838,,175589280.0
2018-08-28,7.9,8.29,7.84,8.15,33012105,,266130464.0
2018-08-29,8.07,8.07,7.98,7.99,17442595,,139818416.0
2018-08-30,8.02,8.02,7.78,7.8,13677526,,108087048.0
2018-08-31,7.82,7.86,7.61,7.64,15425215,,118568216.0
2018-09-03,7.65,7.68,7.33,7.53,16264022,,121484488.0
2018-09-04,7.5,7.63,7.5,7.61,15218475,,115326256.0
2018-09-05,7.58,7.73,7.5,7.51,15652512,,119290608.0
2018-09-06,7.5,7.55,7.35,7.39,14299524,,106648224.0
2018-09-07,7.42,7.55,7.39,7.45,11877978,,88767584.0
2018-09-10,7.4,7.44,7.12,7.17,17206040,,125112440.0
2018-09-11,7.19,7.32,7.17,7.27,13968032,,101217408.0
2018-09-12,7.28,7.67,7.25,7.49,27409969,,205586624.0
2018-09-13,7.53,7.62,7.39,7.48,17223649,,128594816.0
2018-09-14,7.53,7.68,7.45,7.47,19966235,,151254640.0
2018-09-17,7.43,7.43,7.19,7.23,13139964,,95228640.0
2018-09-18,7.2,7.44,7.18,7.43,12267224,,89686784.0
2018-09-19,7.38,7.53,7.32,7.47,17557866,,130534352.0
2018-09-20,7.48,7.61,7.43,7.46,16394735,,123307480.0
2018-09-21,7.47,7.83,7.4,7.71,28478912,,217707008.0
2018-09-25,7.61,7.7,7.56,7.61,14459217,,110180592.0
2018-09-26,7.6,7.65,7.52,7.58,17794770,,135094080.0
2018-09-27,7.55,7.61,7.43,7.44,16271951,,122339792.0
2018-09-28,7.44,7.51,7.41,7.48,12015298,,89761920.0
2018-10-08,7.35,7.4,7.11,7.11,17084576,,124264296.0
2018-10-09,7.11,7.23,7.11,7.16,11292923,,80881648.0
2018-10-10,7.18,7.2,6.63,6.86,30173798,,207538496.0
2018-10-11,6.54,6.62,6.17,6.17,31509723,,199670912.0
2018-10-12,6.06,6.21,5.7,6.0,30180244,,180190944.0
2018-10-15,5.99,6.13,5.96,6.04,19864449,,120477880.0
2018-10-16,6.0,6.08,5.77,5.82,12962500,,76771600.0
2018-10-17,5.95,5.99,5.6,5.84,16246229,,94445136.0
2018-10-18,5.76,5.82,5.63,5.68,16129404,,92273704.0
2018-10-19,5.58,5.83,5.52,5.81,18495047,,105928160.0
2018-10-22,5.89,6.31,5.86,6.18,27148644,,165423712.0
2018-10-23,6.2,6.21,5.94,5.99,20211737,,122688040.0
2018-10-24,5.95,6.14,5.94,6.04,15375074,,93296784.0
2018-10-25,5.8,5.99,5.74,5.98,19405214,,114356120.0
2018-10-26,6.06,6.15,5.94,6.0,15891063,,96090320.0
2018-10-29,6.02,6.03,5.85,5.89,11599783,,68806584.0
2018-10-30,5.9,6.02,5.81,5.97,15970582,,94898400.0
2018-10-31,5.94,6.13,5.83,6.04,26906348,,161367392.0
2018-11-01,6.05,6.17,6.01,6.05,31892938,,193829568.0
2018-11-02,6.14,6.34,6.09,6.29,43578199,,269987264.0
2018-11-05,6.28,6.35,6.15,6.25,33221538,,207211712.0
2018-11-06,6.19,6.21,6.05,6.17,20061480,,122864864.0
2018-11-07,6.22,6.4,6.15,6.18,33932868,,212981264.0
2018-11-08,6.21,6.23,6.05,6.06,23537038,,144013408.0
2018-11-09,6.0,6.06,5.96,5.98,14753872,,88602672.0
2018-11-12,5.99,6.18,5.93,6.18,24224575,,147382880.0
2018-11-13,6.11,6.5,6.08,6.4,47905342,,302345824.0
2018-11-14,6.39,6.56,6.34,6.39,35482489,,227681936.0
2018-11-15,6.38,6.52,6.36,6.48,28526538,,183473648.0
2018-11-16,6.53,6.62,6.45,6.57,36013704,,235902912.0
2018-11-19,6.54,6.58,6.4,6.53,24579696,,159325264.0
2018-11-20,6.46,6.66,6.32,6.33,32145984,,208544368.0
2018-11-21,6.24,6.42,6.21,6.39,19561618,,123665536.0
2018-11-22,6.42,6.48,6.34,6.4,20002829,,128263520.0
2018-11-23,6.36,6.42,6.0,6.0,30002321,,184363392.0
2018-11-26,6.0,6.03,5.88,5.92,17675791,,105251464.0
2018-11-27,5.97,6.12,5.95,6.01,20351086,,122753552.0
2018-11-28,6.0,6.36,5.91,6.23,29012278,,177905232.0
2018-11-29,6.25,6.34,6.0,6.03,28740490,,178092000.0
2018-11-30,6.05,6.47,6.0,6.37,55575440,,349347456.0
2018-12-03,6.57,6.64,6.35,6.55,63271442,,411650176.0
2018-12-04,6.48,6.53,6.41,6.48,33440273,,215921472.0
2018-12-05,6.32,6.54,6.29,6.5,35083785,,225749200.0
2018-12-06,6.42,6.45,6.26,6.32,23739945,,150847200.0
2018-12-07,6.32,6.37,6.22,6.26,16796082,,105564680.0
2018-12-10,6.23,6.27,6.14,6.18,13927216,,86309776.0
2018-12-11,6.21,6.24,6.16,6.21,12059151,,74775272.0
2018-12-12,6.26,6.83,6.21,6.83,95242190,,629424000.0
2018-12-13,6.94,6.94,6.66,6.81,97506996,,663326720.0
2018-12-14,6.83,6.88,6.61,6.71,59346928,,400558144.0
2018-12-17,6.71,6.87,6.67,6.78,62626056,,424555040.0
2018-12-18,6.68,6.79,6.58,6.75,37409455,,249683040.0
2018-12-19,6.7,6.7,6.49,6.52,37132212,,244216976.0
2018-12-20,6.47,6.61,6.26,6.44,46703681,,300328608.0
2018-12-21,6.37,6.39,6.18,6.22,31809178,,199816656.0
2018-12-24,6.2,6.27,6.12,6.27,28451240,,176387264.0
2018-12-25,6.2,6.2,5.93,6.1,35040522,,211975920.0
2018-12-26,6.06,6.14,6.01,6.02,18401632,,111659344.0
2018-12-27,6.14,6.17,5.87,5.87,22863511,,137800560.0
2018-12-28,5.9,5.96,5.83,5.87,17248742,,101515760.0
2019-01-02,5.9,5.96,5.88,5.9,12095570,,71531440.0
2019-01-03,5.91,6.08,5.89,5.99,22044625,,132246976.0
2019-01-04,5.9,6.18,5.86,6.12,29655303,,180013792.0
2019-01-07,6.16,6.22,6.1,6.17,32189889,,198609216.0
2019-01-08,6.16,6.26,6.13,6.16,27648288,,171082896.0
2019-01-09,6.14,6.43,6.14,6.23,58326985,,366143712.0
2019-01-10,6.15,6.21,6.09,6.11,33036608,,202997824.0
2019-01-11,6.11,6.18,6.02,6.15,29764400,,181639104.0
2019-01-14,6.11,6.33,6.1,6.2,34461117,,214250544.0
2019-01-15,6.21,6.32,6.17,6.31,36185602,,226307792.0
2019-01-16,6.32,6.36,6.15,6.21,29275786,,182516608.0
2019-01-17,6.17,6.27,6.06,6.1,33193068,,203763264.0
2019-01-18,6.09,6.17,6.08,6.15,23150346,,141706352.0
2019-01-21,6.16,6.22,6.1,6.15,20393111,,125740432.0
2019-01-22,6.13,6.14,6.01,6.04,21838271,,132572792.0
2019-01-23,6.03,6.12,6.01,6.07,18390700,,111504080.0
2019-01-24,6.05,6.07,5.93,5.99,27069784,,162364192.0
2019-01-25,5.97,6.02,5.87,5.92,27715214,,164844288.0
2019-01-28,5.98,6.0,5.88,5.88,16816636,,99722480.0
2019-01-29,5.86,5.88,5.55,5.65,28063015,,159731072.0
2019-01-30,5.6,5.7,5.53,5.55,18142781,,101900624.0
2019-01-31,5.0,5.0,5.0,5.0,11624500,,58122500.0
2019-02-01,4.5,4.76,4.5,4.7,90119913,,417122400.0
2019-02-11,4.6,4.87,4.57,4.85,43841676,,207898160.0
2019-02-12,4.86,5.11,4.82,4.99,50373023,,250146864.0
2019-02-13,4.98,5.09,4.93,5.04,39770680,,199725024.0
2019-02-14,5.02,5.11,5.01,5.05,31610933,,159712912.0
2019-02-15,5.04,5.21,5.0,5.07,38084079,,194817216.0
2019-02-18,5.1,5.35,5.1,5.35,45496286,,238707680.0
2019-02-19,5.4,5.48,5.24,5.38,46985788,,252345680.0
2019-02-20,5.39,5.63,5.29,5.5,47273361,,259699728.0
2019-02-21,5.46,5.53,5.36,5.4,42666750,,231815024.0
2019-02-22,5.38,5.45,5.31,5.44,34747280,,187363856.0
2019-02-25,5.48,5.74,5.47,5.73,66589274,,374152384.0
2019-02-26,5.71,5.94,5.63,5.75,77941848,,451143072.0
2019-02-27,5.73,5.9,5.7,5.84,56596040,,328646336.0
2019-02-28,5.78,5.85,5.71,5.76,37606250,,216985552.0
2019-03-01,5.77,5.79,5.52,5.65,51439697,,290085664.0
2019-03-04,5.68,5.88,5.65,5.75,64304818,,371816832.0
2019-03-05,5.75,6.0,5.72,6.0,64511531,,379352768.0
2019-03-06,6.01,6.19,5.95,6.14,75671514,,459742496.0
2019-03-07,6.11,6.44,6.07,6.36,85339079,,536116256.0
2019-03-08,6.2,6.3,5.83,5.88,78800835,,479356928.0
2019-03-11,5.85,6.47,5.83,6.41,90626876,,563972416.0
2019-03-12,6.44,6.56,6.25,6.42,99670794,,635976960.0
2019-03-13,6.44,6.44,6.14,6.23,63937951,,403571104.0
2019-03-14,6.25,6.39,5.95,6.06,56864027,,348199072.0
2019-03-15,6.11,6.2,6.0,6.09,44987591,,274239072.0
2019-03-18,6.1,6.15,6.01,6.15,49293654,,299932032.0
2019-03-19,6.12,6.77,6.08,6.77,148790701,,970091392.0
2019-03-20,6.74,6.74,6.39,6.6,142587037,,935339392.0
2019-03-21,6.53,6.64,6.41,6.56,94662572,,619017792.0
2019-03-22,6.5,6.54,6.27,6.37,71117617,,453856320.0
2019-03-25,6.2,6.36,6.14,6.3,54125444,,338987808.0
2019-03-26,6.25,6.33,5.96,6.01,60849375,,374871232.0
2019-03-27,6.06,6.38,6.05,6.18,70881579,,441060576.0
2019-03-28,6.14,6.15,5.91,5.92,52673113,,316027680.0
2019-03-29,5.94,6.1,5.86,6.07,40768990,,244601328.0
2019-04-01,6.07,6.32,6.07,6.28,57019399,,355656640.0
2019-04-02,6.32,6.43,6.21,6.29,57882454,,364756960.0
2019-04-03,6.25,6.33,6.21,6.32,44007721,,275916064.0
2019-04-04,6.35,6.47,6.29,6.39,68885545,,439844544.0
2019-04-08,6.44,6.47,6.1,6.22,61570109,,388565216.0
2019-04-09,6.22,6.34,6.14,6.32,38651143,,241749904.0
2019-04-10,6.25,6.56,6.18,6.39,67007400,,427069632.0
2019-04-11,6.41,6.76,6.35,6.43,89185685,,580703424.0
2019-04-12,6.46,6.68,6.36,6.55,70278680,,456954368.0
2019-04-15,6.61,6.67,6.33,6.33,70817991,,461157024.0
2019-04-16,6.25,6.96,6.1,6.8,161040644,,1075887232.0
2019-04-17,6.78,7.19,6.67,7.16,193113827,,1342406656.0
2019-04-18,7.02,7.1,6.83,6.85,97232369,,674278208.0
2019-04-19,6.8,7.35,6.72,7.14,130385236,,920926848.0
2019-04-22,7.18,7.47,7.06,7.35,141328740,,1025013568.0
2019-04-23,7.24,7.27,6.83,6.87,100087106,,701752192.0
2019-04-24,6.9,7.25,6.9,7.04,80422766,,568028800.0
2019-04-25,6.97,6.97,6.38,6.45,102208452,,679600768.0
2019-04-26,6.21,6.55,6.17,6.36,52392854,,334794080.0
2019-04-29,6.37,6.45,5.72,5.72,74118841,,444030688.0
2019-04-30,5.66,5.94,5.62,5.82,34963556,,203481440.0
2019-05-06,5.65,5.65,5.24,5.3,46605362,,253596816.0
2019-05-07,5.32,5.43,5.06,5.27,38837381,,204391664.0
2019-05-08,5.13,5.34,5.07,5.21,31335563,,163896144.0
2019-05-09,5.2,5.3,5.15,5.19,18711269,,97806464.0
2019-05-10,5.24,5.35,5.1,5.34,28387426,,150077776.0
2019-05-13,5.28,5.31,5.21,5.24,17628808,,92684728.0
2019-05-14,5.12,5.24,5.11,5.14,18956143,,98007816.0
2019-05-15,5.19,5.26,5.17,5.24,17105075,,89169496.0
2019-05-16,5.25,5.49,5.22,5.41,38218307,,205637136.0
2019-05-17,5.37,5.39,5.1,5.13,31069988,,162878800.0
2019-05-20,5.17,5.18,4.87,5.06,20875965,,104601496.0
2019-05-21,5.05,5.35,5.04,5.25,24556641,,128059208.0
2019-05-22,5.27,5.31,5.09,5.13,19842950,,102595568.0
2019-05-23,5.11,5.15,5.02,5.05,14244949,,72208208.0
2019-05-24,5.01,5.12,4.98,5.08,11197934,,56701800.0
2019-05-27,5.08,5.21,5.04,5.19,17050901,,87829912.0
2019-05-28,5.19,5.24,5.13,5.15,17939516,,93117184.0
2019-05-29,5.12,5.38,5.09,5.23,27679783,,145181216.0
2019-05-30,5.14,5.29,5.13,5.26,23627312,,122793824.0
2019-05-31,5.22,5.28,5.16,5.16,18388523,,95897096.0
2019-06-03,5.16,5.18,4.99,5.01,18061320,,91337048.0
2019-06-04,5.03,5.06,4.88,4.92,13660213,,67732608.0
2019-06-05,4.97,5.03,4.89,4.9,10164259,,50329804.0
2019-06-06,4.93,4.93,4.68,4.71,18850049,,89903568.0
2019-06-10,4.75,4.81,4.73,4.76,12938453,,61667824.0
2019-06-11,4.78,5.03,4.75,5.0,23363802,,115217912.0
2019-06-12,4.98,5.18,4.97,5.15,36816851,,187944480.0
2019-06-13,5.1,5.15,5.02,5.12,24212627,,123277992.0
2019-06-14,5.1,5.14,4.91,4.92,20230038,,101398800.0
2019-06-17,4.96,5.0,4.88,4.95,10262002,,50794404.0
2019-06-18,4.95,4.97,4.87,4.93,9410709,,46170408.0
2019-06-19,5.03,5.08,4.95,4.97,13211075,,66167712.0
2019-06-20,4.95,5.07,4.88,5.04,17233875,,86237520.0
2019-06-21,5.08,5.14,5.05,5.09,21026213,,107306048.0
2019-06-24,5.12,5.12,5.03,5.08,11674263,,59130160.0
2019-06-25,5.09,5.09,4.9,4.96,17433701,,86522584.0
2019-06-26,4.96,5.03,4.92,4.96,9117307,,45352092.0
2019-06-27,4.96,5.03,4.94,4.97,10746628,,53568832.0
2019-06-28,4.99,4.99,4.84,4.87,13417857,,65536956.0
2019-07-01,4.96,4.99,4.9,4.98,18272095,,90787712.0
2019-07-02,4.98,5.06,4.95,5.0,21649166,,108525048.0
2019-07-03,4.98,4.99,4.88,4.91,16481032,,80910528.0
2019-07-04,4.95,4.98,4.91,4.92,10920706,,53973928.0
2019-07-05,4.91,4.92,4.87,4.89,9803410,,47932296.0
2019-07-08,4.88,4.88,4.7,4.71,15987001,,75817496.0
2019-07-09,4.72,4.76,4.66,4.74,8988586,,42370344.0
2019-07-10,4.72,4.75,4.63,4.65,9090168,,42595820.0
2019-07-11,4.68,4.72,4.57,4.58,9751463,,45216764.0
2019-07-12,4.6,4.63,4.55,4.6,7722067,,35494076.0
2019-07-15,4.58,4.7,4.48,4.68,12198093,,56123820.0
2019-07-16,4.67,4.7,4.64,4.68,6480300,,30275056.0
2019-07-17,4.68,4.72,4.63,4.65,7626600,,35638664.0
2019-07-18,4.61,4.62,4.51,4.52,10974456,,50039164.0
2019-07-19,4.57,4.63,4.5,4.51,11677078,,53169928.0
2019-07-22,4.56,4.59,4.37,4.38,14703067,,65303428.0
2019-07-23,4.37,4.42,4.37,4.42,6799642,,29981458.0
2019-07-24,4.44,4.5,4.41,4.44,9341973,,41709532.0
2019-07-25,4.45,4.46,4.41,4.43,6703313,,29686712.0
2019-07-26,4.43,4.44,4.39,4.41,5939197,,26198116.0
2019-07-29,4.39,4.41,4.28,4.33,18073450,,78134472.0
2019-07-30,4.32,4.36,4.31,4.31,15349760,,66481316.0
2019-07-31,4.29,4.3,4.16,4.19,21229820,,89315320.0
2019-08-01,4.18,4.61,4.12,4.47,81085581,,361216288.0
2019-08-02,4.3,4.43,4.23,4.33,48478741,,209354128.0
2019-08-05,4.3,4.35,4.21,4.21,23687254,,100886640.0
2019-08-06,4.07,4.12,3.91,3.96,36601006,,146362848.0
2019-08-07,4.0,4.1,4.0,4.01,19985065,,80778952.0
2019-08-08,4.01,4.04,3.96,3.98,16186271,,64474616.0
2019-08-09,3.99,4.02,3.9,3.9,14374699,,56826888.0
2019-08-12,3.88,4.16,3.87,4.05,23648376,,95427816.0
2019-08-13,4.01,4.09,3.98,4.02,15227032,,61311688.0
2019-08-14,4.08,4.09,4.0,4.01,13396629,,54213024.0
2019-08-15,3.92,4.04,3.89,4.03,13640429,,54126772.0
2019-08-16,4.06,4.06,4.0,4.01,11206945,,45187140.0
2019-08-19,4.02,4.1,4.01,4.1,24050423,,97829672.0
2019-08-20,4.13,4.21,4.09,4.11,23500451,,97546704.0
2019-08-21,4.1,4.16,4.07,4.09,11970492,,49092324.0
2019-08-22,4.1,4.19,4.05,4.17,20967875,,86666584.0
2019-08-23,4.14,4.18,4.08,4.12,12961998,,53431316.0
2019-08-26,4.05,4.12,4.0,4.07,12802757,,52058764.0
2019-08-27,4.09,4.18,4.09,4.16,18676736,,77474096.0
2019-08-28,4.18,4.23,4.14,4.17,14118650,,58873768.0
2019-08-29,4.18,4.21,4.15,4.21,16458896,,68852184.0
2019-08-30,4.22,4.24,4.05,4.07,21102689,,87304832.0
2019-09-02,4.05,4.18,4.05,4.16,15148185,,62849332.0
2019-09-03,4.19,4.26,4.17,4.2,17625000,,74106280.0
2019-09-04,4.18,4.25,4.17,4.24,15399335,,65002948.0
2019-09-05,4.27,4.33,4.24,4.25,22739855,,97516392.0
2019-09-06,4.28,4.3,4.2,4.24,13885800,,58912576.0
2019-09-09,4.29,4.35,4.25,4.35,24002830,,103309296.0
2019-09-10,4.36,4.47,4.31,4.37,25927605,,113469552.0
2019-09-11,4.4,4.44,4.35,4.36,20504090,,89948496.0
2019-09-12,4.36,4.41,4.31,4.4,16215578,,70835832.0
2019-09-16,4.43,4.58,4.36,4.42,34166929,,152261696.0
2019-09-17,4.38,4.4,4.22,4.24,25018935,,107592152.0
2019-09-18,4.25,4.28,4.2,4.21,12879296,,54621124.0
2019-09-19,4.23,4.42,4.18,4.31,23421290,,100872296.0
2019-09-20,4.31,4.33,4.26,4.3,12644762,,54296184.0
2019-09-23,4.3,4.3,4.18,4.22,13015030,,54862540.0
2019-09-24,4.21,4.25,4.19,4.2,11543835,,48655716.0
2019-09-25,4.18,4.32,4.09,4.21,28204621,,118610688.0
2019-09-26,4.18,4.2,4.02,4.02,22542175,,92245816.0
2019-09-27,4.03,4.08,4.0,4.01,10626633,,42848724.0
2019-09-30,4.02,4.05,3.99,3.99,7033403,,28237614.0
2019-10-08,3.99,4.02,3.98,3.99,6574189,,26286570.0
2019-10-09,3.98,4.02,3.94,4.01,8737058,,34803228.0
2019-10-10,4.03,4.04,3.99,4.01,9907184,,39754764.0
2019-10-11,4.02,4.02,3.97,4.0,9457565,,37809148.0
2019-10-14,4.03,4.07,4.02,4.05,13491813,,54600232.0
2019-10-15,4.05,4.05,3.97,3.98,11095362,,44337504.0
2019-10-16,4.0,4.01,3.94,3.94,9413366,,37368308.0
2019-10-17,3.93,3.97,3.92,3.92,7076300,,27892938.0
2019-10-18,3.92,3.96,3.85,3.87,10796400,,42158468.0
2019-10-21,3.88,4.04,3.76,3.93,9250087,,36335212.0
2019-10-22,3.94,3.94,3.9,3.93,5819512,,22843080.0
2019-10-23,3.94,3.94,3.87,3.88,5989100,,23309402.0
2019-10-24,3.81,3.88,3.79,3.83,8845801,,33916080.0
2019-10-25,3.83,3.84,3.78,3.83,7746317,,29513410.0
2019-10-28,3.83,3.89,3.82,3.88,11704057,,45144464.0
2019-10-29,3.9,3.9,3.8,3.8,9848428,,37721496.0
2019-10-30,3.8,3.81,3.64,3.64,17653250,,65370820.0
2019-10-31,3.65,3.66,3.41,3.46,28472450,,100289376.0
2019-11-01,3.46,3.51,3.46,3.48,15283192,,53265656.0
2019-11-04,3.48,3.5,3.4,3.4,17199895,,59251952.0
2019-11-05,3.41,3.44,3.31,3.43,22802561,,77048344.0
2019-11-06,3.41,3.75,3.41,3.5,39501015,,140027120.0
2019-11-07,3.48,3.48,3.39,3.42,20429919,,70059344.0
2019-11-08,3.43,3.45,3.35,3.35,14452735,,49115732.0
2019-11-11,3.33,3.39,3.31,3.33,13676240,,45824036.0
2019-11-12,3.35,3.36,3.26,3.27,15818717,,51979684.0
2019-11-13,3.27,3.28,3.15,3.2,17134079,,54876488.0
2019-11-14,3.18,3.22,3.16,3.17,14795543,,47151920.0
2019-11-15,3.19,3.19,3.08,3.1,19649232,,61502424.0
2019-11-18,3.09,3.14,3.06,3.12,11106688,,34577936.0
2019-11-19,3.12,3.24,3.1,3.19,19436648,,61937064.0
2019-11-20,3.21,3.26,3.16,3.18,18176155,,58289228.0
2019-11-21,3.16,3.23,3.13,3.23,15466422,,49458164.0
2019-11-22,3.24,3.31,3.2,3.21,24609688,,80100800.0
2019-11-25,3.21,3.24,3.15,3.23,14171247,,45344052.0
2019-11-26,3.24,3.38,3.22,3.32,34941407,,115510400.0
2019-11-27,3.3,3.42,3.2,3.29,36556239,,120219808.0
2019-11-28,3.25,3.29,3.2,3.21,20894556,,67729504.0
2019-11-29,3.21,3.25,3.18,3.21,13238754,,42562320.0
2019-12-02,3.21,3.31,3.21,3.23,17459672,,56785464.0
2019-12-03,3.2,3.25,3.17,3.24,14698842,,47096536.0
2019-12-04,3.23,3.5,3.21,3.32,42529015,,142579760.0
2019-12-05,3.27,3.35,3.26,3.32,28867467,,95312896.0
2019-12-06,3.15,3.27,3.13,3.24,40313895,,129580096.0
2019-12-09,3.24,3.38,3.23,3.38,48363373,,160205568.0
2019-12-10,3.36,3.44,3.24,3.31,52364043,,174332304.0
2019-12-11,3.27,3.28,3.2,3.23,29746240,,96366800.0
2019-12-12,3.23,3.23,3.15,3.15,23743760,,75620584.0
2019-12-13,3.17,3.22,3.13,3.18,25242572,,80211456.0
2019-12-16,3.2,3.2,3.14,3.2,24568424,,78043144.0
2019-12-17,3.21,3.37,3.19,3.36,67282198,,222166592.0
2019-12-18,3.36,3.42,3.33,3.38,47307803,,159422320.0
2019-12-19,3.37,3.5,3.35,3.47,45084486,,155163600.0
2019-12-20,3.47,3.47,3.35,3.36,35064385,,119350816.0
2019-12-23,3.35,3.66,3.3,3.43,82389816,,286479520.0
2019-12-24,3.37,3.77,3.36,3.77,93194889,,334639424.0
2019-12-25,3.77,3.81,3.6,3.67,113597235,,420126048.0
2019-12-26,3.62,3.98,3.59,3.87,118797040,,453344608.0
2019-12-27,3.8,3.93,3.78,3.78,83154448,,318906016.0
2019-12-30,3.71,3.75,3.61,3.72,50170681,,185109408.0
2019-12-31,3.67,3.9,3.67,3.76,62816504,,238417280.0
2020-01-02,3.79,3.9,3.72,3.87,81085596,,308238112.0
2020-01-03,3.8,3.87,3.74,3.78,58643753,,222341328.0
2020-01-06,3.72,4.09,3.72,3.97,117620217,,460871808.0
2020-01-07,3.93,3.97,3.86,3.95,66903029,,262413520.0
2020-01-08,3.92,4.08,3.87,3.89,85423922,,339745728.0
2020-01-09,3.96,4.0,3.84,3.9,54726278,,213583584.0
2020-01-10,3.91,3.98,3.76,3.96,73651644,,285666528.0
2020-01-13,3.94,4.05,3.9,4.03,63129614,,251086960.0
2020-01-14,4.06,4.43,4.01,4.31,211068277,,916376512.0
2020-01-15,4.21,4.24,4.07,4.18,132915588,,552199872.0
2020-01-16,4.15,4.33,4.12,4.22,71588881,,302592896.0
2020-01-17,4.24,4.28,4.08,4.09,50895232,,211298896.0
2020-01-20,4.1,4.11,3.93,3.99,53155452,,211854336.0
2020-01-21,3.96,3.96,3.78,3.79,57592265,,220601488.0
2020-01-22,3.75,3.88,3.72,3.8,38846873,,148410592.0
2020-01-23,3.42,3.42,3.42,3.42,12154700,,41569072.0
2020-02-03,3.08,3.08,3.08,3.08,2284000,,7034720.0
2020-02-04,2.77,2.77,2.77,2.77,25196600,,69794584.0
2020-02-05,2.77,3.05,2.77,2.91,129925212,,375858464.0
2020-02-06,2.81,2.92,2.8,2.89,86812640,,247811360.0
2020-02-07,2.87,3.09,2.86,3.0,91663165,,270717792.0
2020-02-10,2.97,3.07,2.93,3.05,65564242,,197702128.0
2020-02-11,3.06,3.06,2.96,2.97,56746369,,169780752.0
2020-02-12,2.97,3.21,2.93,3.12,100735026,,312352512.0
2020-02-13,3.12,3.15,3.06,3.07,64961562,,201205808.0
2020-02-14,3.07,3.09,2.98,3.02,47492696,,144036416.0
2020-02-17,3.02,3.15,2.99,3.13,59478798,,183532544.0
2020-02-18,3.14,3.4,3.13,3.31,96007489,,311552640.0
2020-02-19,3.45,3.53,3.2,3.22,102916837,,343952736.0
2020-02-20,3.21,3.34,3.18,3.27,68851749,,224907296.0
2020-02-21,3.25,3.32,3.22,3.28,62628962,,204727712.0
2020-02-24,3.25,3.27,3.17,3.26,63356263,,203997792.0
2020-02-25,3.19,3.22,3.01,3.2,76780663,,241727264.0
2020-02-26,3.15,3.27,3.12,3.18,68936173,,221484992.0
2020-02-27,3.19,3.23,3.11,3.14,44924328,,141684656.0
2020-02-28,3.03,3.07,2.91,2.92,64790859,,193653584.0
2020-03-02,2.8,2.97,2.8,2.94,53260216,,155965296.0
2020-03-03,2.98,3.01,2.92,2.93,50649669,,149981328.0
2020-03-04,2.9,2.98,2.86,2.95,40464378,,117906744.0
2020-03-05,2.97,3.02,2.95,3.01,53447506,,159157072.0
2020-03-06,2.96,3.02,2.95,2.97,36135205,,107543376.0
2020-03-09,2.93,2.94,2.85,2.86,43234084,,124945328.0
2020-03-10,2.84,2.89,2.69,2.87,47607218,,133954552.0
2020-03-11,2.88,2.94,2.86,2.87,34684989,,100575232.0
2020-03-12,2.82,2.84,2.76,2.79,31166227,,86954456.0
2020-03-13,2.68,2.76,2.6,2.71,42845369,,113857360.0
2020-03-16,2.75,2.76,2.58,2.6,34743992,,92733864.0
2020-03-17,2.6,2.64,2.42,2.52,36207922,,91086656.0
2020-03-18,2.54,2.58,2.45,2.45,28431340,,71550944.0
2020-03-19,2.44,2.45,2.34,2.41,33950640,,81222600.0
2020-03-20,2.45,2.45,2.36,2.41,24986820,,59947764.0
2020-03-23,2.32,2.35,2.28,2.28,27896332,,64564596.0
2020-03-24,2.32,2.36,2.27,2.33,27216117,,63127948.0
2020-03-25,2.38,2.42,2.35,2.41,30913419,,74032296.0
2020-03-26,2.42,2.42,2.33,2.34,26403048,,62473620.0
2020-03-27,2.36,2.38,2.29,2.3,20416326,,47492396.0
2020-03-30,2.26,2.26,2.15,2.22,29762092,,65289788.0
2020-03-31,2.23,2.29,2.15,2.15,31280596,,68855136.0
2020-04-01,2.16,2.24,2.13,2.17,42642718,,93112136.0
2020-04-02,2.14,2.17,2.11,2.17,34250113,,73148832.0
2020-04-03,2.17,2.17,2.08,2.09,33533671,,71062952.0
2020-04-07,2.12,2.25,2.11,2.24,60807703,,132682888.0
2020-04-08,2.26,2.28,2.22,2.24,35882492,,80733096.0
2020-04-09,2.25,2.31,2.22,2.27,29899498,,68044152.0
2020-04-10,2.28,2.29,2.17,2.18,23381621,,51825568.0
2020-04-13,2.18,2.18,2.11,2.13,18800260,,40078392.0
2020-04-14,2.15,2.22,2.13,2.2,28571125,,62340888.0
2020-04-15,2.19,2.42,2.17,2.29,87926179,,204566608.0
2020-04-16,2.22,2.25,2.18,2.2,52112331,,115225968.0
2020-04-17,2.18,2.22,2.16,2.17,30769084,,67212248.0
2020-04-20,2.16,2.17,2.08,2.12,38634962,,81779872.0
2020-04-21,2.1,2.11,2.04,2.07,31326273,,64846236.0
2020-04-22,2.07,2.09,2.05,2.09,25456752,,52635412.0
2020-04-23,2.08,2.09,2.03,2.03,27782862,,56859512.0
2020-04-24,2.02,2.02,1.9,1.91,48592690,,94892744.0
2020-04-27,1.9,1.91,1.72,1.81,52663013,,94547344.0
2020-04-28,1.76,1.85,1.74,1.76,33297395,,59530044.0
2020-04-30,1.67,1.67,1.67,1.67,4361700,,7284039.0
2020-05-06,1.59,1.59,1.59,1.59,3190400,,5072736.0
2020-05-07,1.51,1.51,1.51,1.51,7480200,,11295102.0
2020-05-08,1.43,1.58,1.43,1.53,96756119,,144228464.0
2020-05-11,1.48,1.49,1.45,1.45,48989453,,71659696.0
2020-05-12,1.43,1.47,1.38,1.42,59318767,,83830104.0
2020-05-13,1.42,1.44,1.39,1.41,23586358,,33267718.0
2020-05-14,1.41,1.48,1.4,1.45,33498051,,48507604.0
2020-05-15,1.45,1.46,1.41,1.42,23520319,,33614888.0
2020-05-18,1.42,1.42,1.35,1.36,32540159,,44728076.0
2020-05-19,1.37,1.38,1.3,1.31,40435337,,53411992.0
2020-05-20,1.3,1.32,1.25,1.27,34556864,,44401560.0
2020-05-21,1.28,1.31,1.26,1.29,26450436,,34014548.0
2020-05-22,1.29,1.32,1.27,1.3,25380867,,32933144.0
2020-05-25,1.29,1.31,1.27,1.29,21078841,,27176168.0
2020-05-26,1.28,1.31,1.28,1.3,21681080,,28107648.0
2020-05-27,1.29,1.37,1.28,1.37,46289001,,62048120.0
2020-05-28,1.36,1.39,1.34,1.34,36985541,,50544916.0
2020-05-29,1.33,1.4,1.32,1.37,28125303,,38685564.0
2020-06-01,1.38,1.4,1.37,1.39,23909498,,33165872.0
2020-06-02,1.4,1.46,1.38,1.46,36402274,,52488476.0
2020-06-03,1.48,1.53,1.48,1.53,21138992,,31913458.0
2020-06-04,1.61,1.61,1.61,1.61,4222529,,6798271.5
2020-06-05,1.69,1.69,1.69,1.69,3165938,,5350435.0
2020-06-08,1.72,1.72,1.61,1.61,45137187,,73742688.0
2020-06-09,1.53,1.69,1.53,1.64,74215794,,117823976.0
2020-06-10,1.6,1.63,1.56,1.56,40043545,,63371904.0
2020-06-11,1.57,1.59,1.51,1.54,26935181,,41705388.0
2020-06-12,1.51,1.58,1.49,1.54,22055523,,33953544.0
2020-06-15,1.53,1.55,1.5,1.5,18222600,,27679220.0
2020-06-16,1.52,1.58,1.5,1.58,21341970,,32855494.0
2020-06-17,1.59,1.64,1.57,1.62,32469286,,52255488.0
2020-06-18,1.61,1.65,1.56,1.63,24869692,,39977476.0
2020-06-19,1.61,1.64,1.61,1.61,15867728,,25725724.0
2020-06-22,1.59,1.61,1.57,1.57,15712263,,24969488.0
2020-06-23,1.58,1.64,1.57,1.62,20886760,,33822076.0
2020-06-24,1.63,1.67,1.62,1.64,20467417,,33612320.0
2020-06-29,1.63,1.68,1.62,1.65,19030594,,31394704.0
2020-06-30,1.66,1.73,1.66,1.73,17086743,,29258184.0
2020-07-01,1.77,1.82,1.75,1.82,8364100,,15076766.0
2020-07-02,1.91,1.91,1.73,1.76,65851931,,118653936.0
2020-07-03,1.74,1.85,1.74,1.84,39403401,,71788848.0
2020-07-06,1.83,1.88,1.8,1.86,48629408,,89386984.0
2020-07-07,1.87,1.9,1.84,1.84,37572430,,69841752.0
2020-07-08,1.83,1.84,1.79,1.8,40329362,,72927912.0
2020-07-09,1.79,1.85,1.71,1.82,62790174,,111092536.0
2020-07-10,1.8,1.83,1.76,1.77,30280499,,54107748.0
2020-07-13,1.79,1.86,1.78,1.84,40009299,,73387984.0
2020-07-14,1.82,1.84,1.8,1.84,30777228,,56037044.0
2020-07-15,1.9,1.93,1.85,1.85,46037380,,87113688.0
2020-07-16,1.86,1.87,1.76,1.78,34509547,,62273404.0
2020-07-17,1.78,1.81,1.74,1.8,20832500,,37066608.0
2020-07-20,1.86,1.86,1.8,1.83,19543826,,35644036.0
2020-07-21,1.83,1.83,1.79,1.8,15599600,,28155204.0
2020-07-22,1.8,1.82,1.78,1.79,16727060,,30055584.0
2020-07-23,1.78,1.79,1.73,1.76,19262152,,33764944.0
2020-07-24,1.8,1.81,1.73,1.74,21790206,,38487716.0
2020-07-27,1.76,1.77,1.72,1.73,15656838,,27230498.0
2020-07-28,1.73,1.76,1.73,1.75,11325189,,19729118.0
2020-07-29,1.73,1.77,1.73,1.77,14295540,,25081806.0
2020-07-30,1.77,1.85,1.76,1.82,26820143,,48619452.0
2020-07-31,1.81,1.83,1.78,1.8,15810404,,28433930.0
2020-08-03,1.8,1.84,1.79,1.81,16912003,,30662108.0
2020-08-04,1.82,1.83,1.78,1.79,17033540,,30591234.0
2020-08-05,1.8,1.8,1.77,1.8,12813585,,22876972.0
2020-08-06,1.8,1.81,1.77,1.79,12032700,,21417124.0
2020-08-07,1.79,1.88,1.76,1.88,43086237,,79321264.0
2020-08-10,1.9,1.91,1.83,1.87,32188373,,60229812.0
2020-08-11,1.87,1.96,1.85,1.96,60463693,,116682544.0
2020-08-12,1.97,2.06,1.93,2.06,63413128,,128693832.0
2020-08-20,1.96,2.16,1.96,2.16,99605907,,207683312.0
2020-08-21,2.2,2.27,2.15,2.26,82820942,,184252208.0
2020-08-24,2.25,2.25,2.15,2.15,47856742,,104863872.0
2020-08-25,2.12,2.17,2.06,2.09,39931975,,83742944.0
2020-08-26,2.08,2.18,2.04,2.11,28440375,,60246252.0
2020-08-27,2.1,2.22,2.09,2.22,26896905,,58889800.0
2020-08-28,2.29,2.33,2.13,2.17,51846642,,115931328.0
2020-08-31,2.15,2.21,2.14,2.15,19124120,,41544768.0
2020-09-01,2.14,2.21,2.13,2.16,17421398,,37852936.0
2020-09-02,2.17,2.22,2.15,2.17,14598116,,31786628.0
2020-09-03,2.17,2.18,2.1,2.11,21836574,,46480732.0
2020-09-04,2.08,2.14,2.08,2.11,12785935,,26898318.0
2020-09-07,2.09,2.13,2.08,2.09,12989220,,27206596.0
2020-09-08,2.09,2.11,2.06,2.08,13041122,,27103536.0
2020-09-09,2.06,2.07,2.0,2.02,18980169,,38538248.0
2020-09-10,2.04,2.04,1.92,1.96,18487300,,36657716.0
2020-09-11,1.93,2.01,1.92,2.0,12060860,,23639754.0
2020-09-14,2.0,2.0,1.96,1.98,11975869,,23732294.0
2020-09-15,1.98,2.08,1.96,2.08,18862002,,38862988.0
2020-09-16,2.07,2.11,2.04,2.06,19521282,,40318804.0
2020-09-17,2.05,2.08,2.03,2.07,9912479,,20352220.0
2020-09-18,2.07,2.17,2.05,2.12,25941634,,55123516.0
2020-09-21,2.1,2.15,2.09,2.12,11875877,,25143006.0
2020-09-22,2.04,2.08,2.01,2.04,13672382,,28034614.0
2020-09-23,2.04,2.07,2.02,2.04,7813955,,15907472.0
2020-09-24,2.01,2.06,1.99,2.03,11465995,,23194168.0
2020-09-25,2.05,2.07,2.02,2.04,7296220,,14864222.0
2020-09-28,2.12,2.14,2.06,2.07,17859583,,37431360.0
2020-09-29,2.07,2.08,2.02,2.04,11916309,,24389990.0
2020-09-30,2.04,2.05,2.01,2.04,9493960,,19275328.0
2020-10-09,2.06,2.08,2.04,2.05,14847179,,30526068.0
2020-10-12,2.05,2.07,2.04,2.07,13893365,,28644222.0
2020-10-13,2.07,2.15,2.05,2.1,16014735,,33638440.0
2020-10-14,2.1,2.1,2.06,2.06,9126779,,18896584.0
2020-10-15,2.06,2.14,2.05,2.11,19795306,,41499088.0
2020-10-16,2.1,2.11,2.07,2.09,10562602,,22064974.0
2020-10-19,2.1,2.11,2.08,2.09,9030898,,18875174.0
2020-10-20,2.08,2.09,2.06,2.08,7568877,,15687666.0
2020-10-21,2.08,2.09,2.04,2.09,12968730,,26866244.0
2020-10-22,2.08,2.08,2.06,2.07,7197405,,14907457.0
2020-10-23,2.06,2.11,2.05,2.07,12900200,,26797912.0
2020-10-26,2.06,2.06,2.02,2.04,11019788,,22508406.0
2020-10-27,2.03,2.07,2.02,2.02,11813049,,24058736.0
2020-10-28,2.03,2.03,1.92,1.93,37788169,,73594536.0
2020-10-29,1.9,1.91,1.83,1.83,33005100,,60619344.0
2020-10-30,1.77,1.89,1.77,1.82,25261942,,46199384.0
2020-11-02,1.81,1.85,1.77,1.81,14851872,,26898360.0
2020-11-03,1.81,1.86,1.8,1.85,12428750,,22897890.0
2020-11-04,1.83,1.88,1.82,1.86,12668445,,23475092.0
2020-11-05,1.86,1.95,1.86,1.95,22595286,,43517796.0
2020-11-06,1.96,2.05,1.96,2.0,31249988,,62699768.0
2020-11-09,2.0,2.04,1.98,2.02,16942850,,34072200.0
2020-11-10,2.02,2.11,2.01,2.07,29342600,,60673600.0
2020-11-11,2.06,2.17,2.05,2.12,41989874,,89405240.0
2020-11-12,2.11,2.17,2.1,2.11,23386358,,49666708.0
2020-11-13,2.11,2.18,2.08,2.18,29297712,,62843312.0
2020-11-16,2.18,2.21,2.11,2.19,31409684,,67806688.0
2020-11-17,2.19,2.19,2.09,2.12,29461977,,63048236.0
2020-11-18,2.12,2.17,2.1,2.13,20021620,,42673816.0
2020-11-19,2.15,2.19,2.11,2.16,21467733,,46184040.0
2020-11-20,2.15,2.27,2.14,2.26,42239398,,94024192.0
2020-11-23,2.25,2.36,2.24,2.35,41109887,,95268808.0
2020-11-24,2.36,2.47,2.36,2.47,35428497,,86437736.0
2020-11-25,2.59,2.59,2.59,2.59,8430227,,21834288.0
2020-11-26,2.58,2.69,2.46,2.46,80434537,,204784128.0
2020-11-27,2.43,2.58,2.38,2.58,68710778,,174572160.0
2020-11-30,2.6,2.67,2.55,2.59,50814715,,132105480.0
2020-12-01,2.57,2.63,2.54,2.6,31943592,,82418656.0
2020-12-02,2.58,2.64,2.54,2.64,22627009,,58492400.0
2020-12-03,2.66,2.77,2.65,2.77,25918054,,71460952.0
2020-12-04,2.82,2.91,2.79,2.87,69629202,,200378208.0
2020-12-07,2.92,3.01,2.88,3.01,27507661,,81851704.0
2020-12-08,3.16,3.16,2.99,3.16,69856055,,218933024.0
2020-12-09,3.17,3.26,3.01,3.04,64373727,,202186160.0
2020-12-10,3.0,3.19,2.95,3.19,36805655,,114868680.0
2020-12-11,3.29,3.35,3.2,3.33,79309381,,262728576.0
2020-12-14,3.3,3.5,3.3,3.5,31049264,,107126992.0
2020-12-15,3.58,3.68,3.37,3.37,85056319,,302411232.0
2020-12-16,3.3,3.5,3.2,3.2,75228802,,249210864.0
2020-12-17,3.13,3.36,3.04,3.36,75966228,,241418992.0
2020-12-18,3.37,3.53,3.34,3.53,56754257,,196841744.0
2020-12-21,3.6,3.71,3.46,3.7,63085710,,226684112.0
2020-12-22,3.65,3.89,3.61,3.83,86238243,,330701056.0
2020-12-23,3.84,3.99,3.69,3.8,80764768,,310684928.0
2020-12-24,3.88,3.89,3.72,3.8,42909150,,163687136.0
2020-12-25,3.8,3.88,3.63,3.75,53587231,,200289136.0
2020-12-28,3.78,3.78,3.56,3.56,51401825,,185581776.0
2020-12-29,3.5,3.57,3.38,3.38,54902709,,188015088.0
2020-12-30,3.42,3.55,3.42,3.55,53710071,,189729728.0
2020-12-31,3.55,3.73,3.51,3.73,61289921,,223434320.0
2021-01-04,3.73,3.92,3.73,3.92,53886722,,209183168.0
2021-01-05,4.08,4.12,3.91,3.93,92939647,,374844448.0
2021-01-06,3.99,4.13,3.86,4.13,83824608,,337334880.0
2021-01-07,4.24,4.34,4.18,4.34,50304591,,216210272.0
2021-01-08,4.56,4.56,4.56,4.56,5997340,,27347870.0
2021-01-11,4.79,4.79,4.44,4.75,73883151,,351467488.0
2021-01-12,4.6,4.99,4.56,4.99,80939759,,391668448.0
2021-01-13,5.2,5.24,5.13,5.24,59216506,,309623904.0
2021-01-14,5.4,5.5,4.98,5.13,148823996,,787207104.0
2021-01-15,5.11,5.11,4.87,5.01,105577148,,522115872.0
2021-01-18,5.0,5.26,4.91,5.26,34134680,,177119664.0
2021-01-19,5.52,5.52,5.52,5.52,3870200,,21363504.0
2021-01-20,5.8,5.8,5.65,5.8,94261445,,545362368.0
2021-01-21,6.05,6.09,5.96,6.09,39296785,,238503728.0
2021-01-22,6.39,6.39,6.37,6.39,26485168,,169231296.0
2021-01-25,6.71,6.71,6.71,6.71,13186479,,88481280.0
2021-01-26,7.05,7.05,6.71,7.05,117103515,,824081984.0
2021-01-27,7.19,7.4,6.77,6.98,156531821,,1104331008.0
2021-01-28,6.75,7.29,6.67,6.99,101907118,,716313792.0
2021-01-29,6.67,6.94,6.64,6.64,75209258,,503978464.0
2021-02-01,6.31,6.31,6.31,6.31,7840200,,49471664.0
2021-02-02,5.99,5.99,5.99,5.99,6321200,,37863988.0
2021-02-03,5.69,6.29,5.69,5.69,153166720,,920051712.0
2021-02-04,5.59,5.61,5.41,5.41,51006731,,277830336.0
2021-02-05,5.27,5.46,5.14,5.14,106572637,,551856320.0
2021-02-08,5.15,5.25,4.88,4.88,94032278,,466553248.0
2021-02-09,4.9,5.12,4.83,5.12,39118062,,196067248.0
2021-02-10,5.38,5.38,5.2,5.38,52855742,,283882112.0
2021-02-18,5.65,5.65,5.65,5.65,1409200,,7961980.0
2021-02-19,5.93,5.93,5.58,5.93,106441983,,623930432.0
2021-02-22,6.0,6.23,5.98,6.18,36666800,,226040768.0
2021-02-23,6.1,6.22,5.87,5.87,74759350,,447781664.0
2021-02-24,5.89,6.16,5.68,6.01,65007540,,386656672.0
2021-02-25,6.12,6.19,5.95,5.98,40156586,,242945568.0
2021-02-26,5.7,5.92,5.68,5.68,44827316,,257036160.0
2021-03-01,5.8,5.96,5.74,5.96,45711076,,271101568.0
2021-03-02,5.99,6.17,5.83,6.0,53665618,,322814848.0
2021-03-03,6.09,6.22,5.95,6.14,37995964,,231343824.0
2021-03-04,6.0,6.05,5.83,5.83,55403880,,325865888.0
2021-03-05,5.8,5.8,5.54,5.6,37710092,,212561904.0
2021-03-08,5.65,5.7,5.32,5.32,43468900,,234780048.0
2021-03-09,5.25,5.43,5.06,5.18,40663272,,212151536.0
2021-03-10,5.31,5.44,5.22,5.44,29405739,,156630416.0
2021-03-11,5.56,5.71,5.43,5.7,44672777,,250736048.0
2021-03-12,5.71,5.87,5.51,5.79,37355731,,212896544.0
2021-03-15,5.77,6.08,5.73,6.08,58627280,,352497120.0
2021-03-16,6.01,6.08,5.85,5.91,37757475,,224609904.0
2021-03-17,5.82,6.18,5.82,6.0,43081668,,259881472.0
2021-03-18,6.3,6.3,6.3,6.3,6425480,,40480524.0
2021-03-19,6.62,6.62,6.4,6.46,76516540,,499930336.0
2021-03-22,6.6,6.78,6.49,6.78,50629998,,336759744.0
2021-03-23,6.8,7.05,6.62,6.86,55080665,,376120576.0
2021-03-24,6.77,6.96,6.52,6.52,54406274,,363805280.0
2021-03-25,6.23,6.38,6.19,6.19,50084069,,311391424.0
2021-03-26,6.16,6.5,6.15,6.5,37620015,,242094304.0
2021-03-29,6.75,6.83,6.68,6.83,28404536,,192818912.0
2021-03-30,7.0,7.0,6.78,6.88,57686005,,398089152.0
2021-03-31,6.85,7.14,6.82,7.08,52454219,,367235712.0
2021-04-01,7.19,7.32,6.88,7.09,51085662,,364137600.0
2021-04-02,7.0,7.31,6.82,7.14,53612623,,378156384.0
2021-04-06,7.25,7.29,7.08,7.09,32115900,,230076352.0
2021-04-07,7.0,7.15,6.8,7.15,42622013,,295698464.0
2021-04-08,7.2,7.31,7.11,7.13,34571830,,249036208.0
2021-04-09,7.04,7.3,7.02,7.3,36189373,,259915376.0
2021-04-12,7.3,7.5,7.1,7.19,44427100,,324110912.0
2021-04-14,7.06,7.56,6.66,7.21,106968013,,763187264.0
2021-04-15,7.15,7.29,6.58,6.64,72462105,,497856640.0
2021-04-16,6.51,7.04,6.46,6.88,61051125,,414613504.0
2021-04-19,6.74,7.57,6.69,7.57,90597150,,656411648.0
2021-04-20,7.67,7.85,7.1,7.14,145211493,,1087310848.0
2021-04-21,7.19,7.19,6.68,6.91,83258278,,573752512.0
2021-04-22,6.88,7.24,6.85,6.91,71893451,,504567328.0
2021-04-23,6.95,7.23,6.81,6.94,88307962,,622103168.0
2021-04-26,6.97,7.05,6.61,6.7,73781901,,502497280.0
2021-04-27,6.7,6.7,6.26,6.35,71035739,,458256736.0
2021-04-28,6.41,6.78,6.32,6.62,67897659,,447333728.0
2021-04-29,6.6,6.79,6.46,6.66,61919460,,410529920.0
2021-04-30,6.62,7.33,6.61,7.33,156627561,,1137784192.0
2021-05-06,7.62,8.06,7.62,8.06,139841764,,1111954816.0
2021-05-07,8.52,8.87,8.25,8.29,320000054,,2756710656.0
2021-05-10,8.17,8.95,8.06,8.86,286902698,,2454496768.0
2021-05-11,8.52,8.57,7.97,7.97,191293838,,1554388992.0
2021-05-12,8.1,8.63,7.86,8.35,155605452,,1293293568.0
2021-05-13,8.35,8.88,7.96,8.55,164412803,,1385392768.0
2021-05-14,8.56,9.27,8.19,8.68,182905358,,1608568832.0
2021-05-17,8.71,8.97,8.45,8.68,149128355,,1305504256.0
2021-05-18,8.64,9.28,8.55,9.06,168994380,,1516613632.0
2021-05-19,9.01,9.43,8.87,9.15,147993874,,1357431936.0
2021-05-20,8.98,9.22,8.6,8.8,123493156,,1097278080.0
2021-05-21,8.95,9.2,8.82,9.08,113852452,,1031193408.0
2021-05-24,9.0,9.15,8.56,8.75,116979037,,1031424960.0
2021-05-25,8.8,8.84,7.99,8.45,139351118,,1166784768.0
2021-05-26,8.6,8.62,8.2,8.44,79514344,,673075328.0
2021-05-27,8.47,8.52,8.18,8.29,74895733,,623533760.0
2021-05-28,8.33,8.81,8.28,8.3,124626280,,1061818624.0
2021-05-31,8.39,8.57,8.21,8.43,94331766,,796009664.0
2021-06-01,8.36,8.37,7.92,7.99,127042112,,1024820160.0
2021-06-02,7.91,8.1,7.55,7.57,108605555,,843344320.0
2021-06-03,7.52,7.71,7.45,7.57,69588842,,527070432.0
2021-06-04,7.51,7.91,7.42,7.81,73601761,,568826112.0
2021-06-07,7.85,8.58,7.84,8.5,144664012,,1203838976.0
2021-06-08,8.42,8.65,8.25,8.54,112870685,,956060608.0
2021-06-09,8.44,8.56,8.26,8.31,66758504,,559654272.0
2021-06-10,8.25,8.54,8.17,8.38,89300099,,747115648.0
2021-06-11,8.34,8.34,7.85,8.05,85008428,,685028672.0
2021-06-15,8.04,8.14,7.75,7.8,57999160,,457198208.0
2021-06-16,7.89,7.94,7.33,7.38,67792505,,510284320.0
2021-06-17,7.31,7.65,7.31,7.49,60459201,,452388512.0
2021-06-18,7.42,7.79,7.22,7.68,72129200,,541643264.0
2021-06-21,7.58,7.85,7.54,7.61,50175859,,385577984.0
2021-06-22,7.72,7.72,7.33,7.43,46504536,,347608320.0
2021-06-23,7.36,7.78,7.35,7.65,70382086,,535287488.0
2021-06-24,7.64,7.64,7.33,7.35,53598609,,398291680.0
2021-06-25,7.35,7.46,7.22,7.3,57976740,,424777024.0
2021-06-28,7.25,7.51,7.17,7.31,50491845,,371711136.0
2021-06-29,7.29,7.49,7.2,7.44,55067196,,405274016.0
2021-06-30,7.33,7.76,7.31,7.69,88827489,,673553088.0
2021-07-01,7.71,8.46,7.65,8.46,145991746,,1202173184.0
2021-07-02,8.68,9.31,8.49,9.31,183391540,,1647184000.0
2021-07-05,10.24,10.24,10.24,10.24,31313778,,320653088.0
2021-07-06,11.11,11.11,9.44,9.99,335384240,,3486059776.0
2021-07-07,10.15,10.99,9.8,10.42,292844515,,3033661696.0
2021-07-08,10.4,10.8,10.17,10.61,206430806,,2166722304.0
2021-07-09,10.62,11.42,10.32,11.12,211971441,,2294668544.0
2021-07-12,11.4,12.23,11.2,11.93,274203784,,3283205632.0
2021-07-13,11.5,11.79,11.0,11.7,201853967,,2299152896.0
2021-07-14,11.68,12.65,11.42,11.9,262063987,,3142885888.0
2021-07-15,11.88,12.48,11.52,12.11,188569286,,2266352640.0
2021-07-16,11.98,13.32,11.71,12.76,264785933,,3445163264.0
2021-07-19,13.0,13.64,12.7,13.25,250492129,,3309989632.0
2021-07-20,12.8,13.65,12.7,13.2,148403299,,1956166272.0
2021-07-21,13.61,14.52,13.61,14.52,56029618,,804825728.0
2021-07-22,15.97,15.97,15.97,15.97,10060100,,160659792.0
2021-07-23,16.99,17.57,16.51,17.57,296741688,,5132942848.0
2021-07-26,17.5,18.33,16.47,17.42,229373070,,3991755776.0
2021-07-27,17.7,18.8,16.68,16.76,217520652,,3875605760.0
2021-07-28,15.08,15.85,15.08,15.11,198244472,,3018765312.0
2021-07-29,15.76,16.62,15.45,16.62,156475086,,2553046528.0
2021-07-30,18.28,18.28,17.88,18.28,146228849,,2669479168.0
2021-08-02,19.9,20.11,19.0,20.11,233314202,,4632151552.0
2021-08-03,20.94,22.12,19.23,20.6,324492065,,6805840384.0
2021-08-04,21.11,22.66,20.22,22.66,183762804,,4044926976.0
2021-08-05,23.34,24.93,22.7,24.38,272909651,,6529533440.0
2021-08-06,24.82,26.54,24.65,25.9,228600018,,5828724224.0
2021-08-09,25.53,25.59,23.31,24.72,266145094,,6362832384.0
2021-08-10,23.8,25.31,22.31,22.78,260307331,,6068098560.0
2021-08-11,22.75,23.5,22.1,23.35,216674237,,4971195904.0
2021-08-12,22.3,23.0,21.22,22.18,228570196,,5037443584.0
2021-08-13,21.52,23.86,21.31,22.8,232546831,,5297351168.0
2021-08-16,22.0,22.22,21.01,21.25,173934982,,3721879808.0
2021-08-17,20.9,22.2,20.61,21.57,167717308,,3584775680.0
2021-08-18,21.8,22.64,21.05,21.44,179851898,,3928166912.0
2021-08-19,20.78,23.4,20.55,22.4,250624966,,5490320384.0
2021-08-20,21.91,22.52,21.22,22.11,167597176,,3660839936.0
2021-08-23,22.2,24.32,22.2,24.32,276829774,,6610145280.0
2021-08-24,23.99,24.71,23.54,24.04,241755279,,5828612096.0
2021-08-25,24.02,24.04,22.28,23.15,190384064,,4367545344.0
2021-08-26,22.9,23.5,22.48,22.6,110067428,,2514786304.0
2021-08-27,22.5,23.76,21.19,23.19,198259448,,4502392320.0
2021-08-30,22.9,24.96,22.59,23.88,199282250,,4763281408.0
2021-08-31,23.9,26.27,23.2,26.27,227068644,,5701225984.0
2021-09-01,27.03,28.16,23.89,25.2,283254474,,7444140544.0
2021-09-02,25.21,26.2,24.58,25.48,200275848,,5105815552.0
2021-09-03,24.54,24.77,22.93,22.93,208266290,,4908371456.0
2021-09-06,23.0,23.62,21.66,23.18,149408368,,3402728704.0
2021-09-07,23.5,23.62,22.8,23.18,132128962,,3074724864.0
2021-09-08,23.25,24.19,22.9,23.59,149854380,,3550872832.0
2021-09-09,23.77,25.49,23.3,24.84,188734122,,4576079360.0
2021-09-10,24.73,27.32,24.62,27.32,186740962,,4872055808.0
2021-09-13,29.1,30.05,28.41,30.05,236775388,,6950525952.0
2021-09-14,30.29,32.56,29.4,30.56,263950239,,8139424256.0
2021-09-15,31.3,31.8,29.18,30.0,226086234,,6886376448.0
2021-09-16,30.0,31.19,27.55,28.12,250540756,,7317726720.0
2021-09-17,28.56,29.6,26.81,29.6,220440162,,6259107840.0
2021-09-22,29.0,29.6,27.93,28.35,160545892,,4614732288.0
2021-09-23,28.8,29.59,27.63,27.86,156378297,,4470184960.0
2021-09-24,28.0,29.46,27.6,28.8,138325568,,3959669504.0
2021-09-27,28.07,28.2,25.92,25.92,126881151,,3326767104.0
2021-09-28,25.0,25.46,23.33,23.71,180146117,,4329242112.0
2021-09-29,23.7,23.98,21.55,21.95,147772198,,3336145152.0
2021-09-30,22.8,23.87,22.54,23.4,138312434,,3212472064.0
2021-10-08,24.14,24.5,22.79,23.44,112979956,,2675575552.0
2021-10-11,23.0,23.44,21.9,22.9,78887888,,1794113536.0
2021-10-12,23.0,23.1,21.21,22.19,112986347,,2498585600.0
2021-10-13,22.0,22.83,21.84,22.3,98089625,,2194910720.0
2021-10-14,20.07,20.52,20.07,20.07,218215943,,4390589952.0
2021-10-15,19.0,19.77,18.48,19.49,181062831,,3462115328.0
2021-10-18,19.28,21.44,19.03,21.44,200627179,,4043228416.0
2021-10-19,21.43,22.58,20.46,21.83,208946523,,4459661824.0
2021-10-20,21.88,24.01,21.88,23.79,272985145,,6423648768.0
2021-10-21,23.59,23.99,22.95,23.16,188384507,,4421427712.0
2021-10-22,23.53,25.08,23.53,23.78,183466469,,4429517824.0
2021-10-25,23.78,24.6,23.12,24.3,154167621,,3695218688.0
2021-10-26,24.3,25.15,24.2,24.44,142240990,,3499011840.0
2021-10-27,24.04,25.1,23.9,24.83,140044183,,3428103424.0
2021-10-28,24.7,24.7,22.35,22.35,178759903,,4145789184.0
2021-10-29,22.4,23.68,22.31,23.05,130356624,,3007035392.0
2021-11-01,23.19,23.44,21.4,22.27,129547195,,2888948224.0
2021-11-02,22.51,22.81,20.96,21.39,125170618,,2720255744.0
2021-11-03,21.5,21.79,20.9,21.29,95231430,,2025469696.0
2021-11-04,21.52,21.58,20.8,20.97,90254558,,1906200704.0
2021-11-05,21.05,21.78,20.55,20.55,118456729,,2504291072.0
2021-11-08,20.3,22.48,20.06,21.98,151080209,,3264383232.0
2021-11-09,21.95,22.21,21.45,21.92,105154507,,2296870912.0
2021-11-10,21.5,21.59,19.89,20.53,141485372,,2904966400.0
2021-11-11,20.56,20.67,19.8,20.07,101573914,,2052619648.0
2021-11-12,20.1,20.25,19.92,19.93,87300784,,1748585984.0
2021-11-15,19.71,21.35,19.0,20.85,153147102,,3078671616.0
2021-11-16,20.56,20.59,19.58,19.64,102911157,,2054595328.0
2021-11-17,20.05,21.26,20.0,20.88,155560070,,3242806528.0
2021-11-18,21.0,22.97,20.8,22.45,243557381,,5410383872.0
2021-11-19,22.05,22.99,21.6,22.02,171218073,,3791866880.0
2021-11-22,22.24,23.28,22.1,22.9,135017836,,3083691520.0
2021-11-23,23.41,24.19,22.71,23.49,157826954,,3670473472.0
2021-11-24,23.18,23.66,22.6,22.6,110560935,,2546439424.0
2021-11-25,22.56,23.05,22.01,22.46,84881269,,1906684928.0
2021-11-26,22.68,23.95,22.5,23.0,135930472,,3151012096.0
2021-11-29,22.5,25.0,22.35,24.74,189190105,,4592593920.0
2021-11-30,24.76,25.13,24.29,24.75,129049295,,3178529536.0
2021-12-01,24.83,27.0,24.43,26.3,189559598,,4856120320.0
2021-12-02,25.82,27.59,25.67,26.92,168636755,,4524742144.0
2021-12-03,26.8,27.17,25.9,26.71,115058599,,3071664384.0
2021-12-06,26.7,26.82,24.83,24.89,150107908,,3831147520.0
2021-12-07,25.1,25.2,22.7,23.44,165776271,,3911756032.0
2021-12-08,23.5,24.16,23.11,23.9,111368337,,2634055680.0
2021-12-09,23.9,24.22,23.57,23.94,76207260,,1822644224.0
2021-12-10,21.55,21.55,21.55,21.55,21768900,,469119808.0
2021-12-13,20.0,22.96,19.85,22.06,316365726,,6576450048.0
2021-12-14,21.34,21.52,20.92,21.06,170611668,,3608206080.0
2021-12-15,21.3,21.86,21.0,21.09,113422638,,2423233280.0
2021-12-16,21.2,21.31,20.5,21.1,80146515,,1682886912.0
2021-12-17,21.1,21.69,20.73,21.05,87591484,,1851025280.0
2021-12-20,21.0,21.3,19.63,19.96,101655433,,2064278784.0
2021-12-21,19.96,20.42,19.71,20.1,72502618,,1453636096.0
2021-12-22,20.26,20.38,19.68,19.75,73730166,,1472620544.0
2021-12-23,19.86,20.13,18.68,19.05,103575292,,1989912704.0
2021-12-24,19.18,19.18,17.36,17.63,123668657,,2219650816.0
2021-12-27,17.66,18.65,17.48,18.28,99254182,,1806960640.0
2021-12-28,18.28,20.11,18.28,20.0,133477651,,2577787136.0
2021-12-29,19.79,20.6,19.68,19.98,120355806,,2425470720.0
2021-12-30,20.4,21.35,20.31,20.56,137329339,,2859564800.0
2021-12-31,20.56,21.14,20.35,20.76,108779962,,2264550912.0
2022-01-04,20.95,21.09,19.61,19.66,111424023,,2240962816.0
2022-01-05,19.7,19.8,18.46,19.01,84619015,,1601338752.0
2022-01-06,18.95,19.87,18.66,19.5,80650162,,1556365568.0
2022-01-07,19.3,19.41,18.15,18.18,88723230,,1645519232.0
2022-01-10,17.86,18.9,17.86,18.51,59106519,,1094900992.0
2022-01-11,18.51,18.74,17.93,18.35,49079951,,894403072.0
2022-01-12,18.99,19.2,17.91,18.38,75108752,,1382096768.0
2022-01-13,18.3,18.39,17.69,17.73,62662907,,1124867968.0
2022-01-14,17.5,18.15,17.44,17.8,44774719,,796428608.0
2022-01-17,17.64,17.77,17.1,17.47,55133116,,957721920.0
2022-01-18,17.26,17.66,17.12,17.5,42255651,,737360448.0
2022-01-19,17.36,17.41,16.08,16.65,89290365,,1484289280.0
2022-01-20,16.42,16.63,15.77,15.83,69336866,,1113432320.0
2022-01-21,15.83,17.41,15.68,16.93,145485742,,2466321152.0
2022-01-24,16.29,18.6,16.09,18.11,149710362,,2628487168.0
2022-01-25,17.95,18.09,17.25,17.34,102901571,,1817357696.0
2022-01-26,17.69,17.75,16.75,17.13,61628591,,1058709568.0
2022-01-27,17.58,17.67,16.38,16.46,66406151,,1129297152.0
2022-01-28,16.59,16.69,15.8,16.17,58447193,,948685824.0
2022-02-07,16.7,17.79,16.58,17.19,105959277,,1838105856.0
2022-02-08,17.2,17.2,16.08,17.0,84335370,,1402434304.0
2022-02-09,16.99,18.7,16.65,18.7,157691082,,2827803392.0
2022-02-10,18.88,19.39,18.35,19.3,142173500,,2684699648.0
2022-02-11,18.99,20.82,18.95,19.2,147570149,,2915935488.0
2022-02-14,19.2,20.31,19.0,20.1,118689119,,2352131840.0
2022-02-15,20.01,20.62,19.37,20.34,114569271,,2292919808.0
2022-02-16,20.41,20.98,20.1,20.35,102792183,,2108143488.0
2022-02-17,20.2,22.09,20.06,21.6,162958511,,3470454784.0
2022-02-18,21.0,21.76,20.83,21.1,104092582,,2205120256.0
2022-02-21,21.19,21.85,21.06,21.58,103146211,,2214710016.0
2022-02-22,22.16,23.3,21.72,23.05,164196259,,3679040000.0
2022-02-23,22.71,23.05,22.43,22.88,107739236,,2451423232.0
2022-02-24,22.48,22.6,20.59,21.22,164195438,,3534255616.0
2022-02-25,22.0,23.34,21.9,23.14,221207715,,5074892288.0
2022-02-28,22.73,24.94,22.61,24.1,196754100,,4654427648.0
2022-03-01,23.9,24.03,23.0,23.7,136526220,,3222809344.0
2022-03-02,23.95,24.66,23.23,24.1,129584309,,3112558592.0
2022-03-03,24.11,24.19,22.96,23.14,118376517,,2776907008.0
2022-03-04,22.74,23.6,22.5,23.15,112552543,,2597883392.0
2022-03-07,23.25,24.2,23.22,23.49,110831292,,2618308864.0
2022-03-08,23.21,23.58,21.6,22.09,131298174,,2941816832.0
2022-03-09,22.39,22.41,20.2,21.54,127677425,,2707054592.0
2022-03-10,22.0,22.65,21.1,22.15,116258113,,2544464896.0
2022-03-11,21.6,21.95,20.8,21.8,89069053,,1903107200.0
2022-03-14,21.3,23.73,21.2,22.69,118803907,,2679250176.0
2022-03-15,22.2,23.26,21.88,21.94,115818411,,2617932288.0
2022-03-16,22.5,24.13,22.24,24.13,225445036,,5299853824.0
2022-03-17,24.49,25.11,23.47,23.5,235824289,,5734333440.0
2022-03-18,23.2,23.85,22.7,23.57,122615985,,2860576000.0
2022-03-21,23.0,24.18,22.8,23.11,132198844,,3086959360.0
2022-03-22,22.9,23.85,22.33,23.15,109298058,,2529442304.0
2022-03-23,23.49,24.1,23.15,23.43,122207711,,2889685760.0
2022-03-24,23.01,24.09,22.44,23.78,131307623,,3063671552.0
2022-03-25,23.8,24.39,23.58,24.22,121889857,,2932854016.0
2022-03-28,23.81,23.96,22.22,22.7,114376131,,2622121472.0
2022-03-29,22.74,23.05,20.5,21.57,131809011,,2878162432.0
2022-03-30,21.65,22.39,21.45,21.8,84038680,,1841848960.0
2022-03-31,21.8,21.95,20.05,20.2,129652579,,2678786816.0
2022-04-01,19.9,21.05,19.66,20.56,79542068,,1631083520.0
2022-04-06,20.6,20.83,19.8,20.79,73183338,,1481584768.0
2022-04-07,20.65,21.1,20.38,20.41,74189668,,1538590848.0
2022-04-08,20.82,21.26,20.45,20.48,89914229,,1871953152.0
2022-04-11,20.16,20.16,18.43,18.43,94325472,,1790542592.0
2022-04-12,18.43,18.84,18.3,18.71,57535813,,1071839808.0
2022-04-13,18.55,19.68,18.24,19.18,82963597,,1577852672.0
2022-04-14,19.67,20.62,19.6,19.96,93123218,,1875478528.0
2022-04-15,19.96,20.27,19.25,19.86,73459204,,1457449472.0
2022-04-18,19.51,19.86,18.8,19.74,45161073,,878205440.0
2022-04-19,19.8,20.15,19.48,19.88,63324927,,1254531328.0
2022-04-20,19.89,19.89,19.04,19.09,47133463,,914368512.0
2022-04-21,19.0,19.27,17.99,18.2,55298596,,1028655872.0
2022-04-22,17.91,18.29,17.5,17.69,51154055,,913667136.0
2022-04-25,17.25,17.3,16.2,16.2,68310626,,1147193728.0
2022-04-26,16.4,17.04,16.01,16.53,69298877,,1147058304.0
2022-04-27,16.33,18.18,16.15,18.18,84345933,,1463377152.0
2022-04-28,18.88,20.0,18.63,19.47,147326748,,2849568000.0
2022-04-29,19.49,20.45,19.15,20.31,121534942,,2408055552.0
2022-05-05,20.28,20.65,20.02,20.23,77055959,,1566419200.0
2022-05-06,19.6,20.07,19.5,19.79,59999925,,1184038144.0
2022-05-09,19.6,20.07,19.4,19.88,46370745,,916921792.0
2022-05-10,19.55,20.27,19.45,20.24,68084524,,1360005248.0
2022-05-11,20.12,21.58,20.06,20.64,119946912,,2503237888.0
2022-05-12,20.56,21.05,20.11,20.38,80199867,,1651867904.0
2022-05-13,20.78,21.09,20.46,20.69,71324259,,1482611072.0
2022-05-16,20.79,21.23,20.66,20.66,59467606,,1241560448.0
2022-05-17,20.55,21.61,20.49,21.3,112993876,,2397556480.0
2022-05-18,21.27,21.45,20.76,20.92,81587347,,1723853312.0
2022-05-19,20.58,20.95,20.08,20.88,90453234,,1856995072.0
2022-05-20,21.23,22.79,20.88,22.1,145159449,,3167837696.0
2022-05-23,22.42,23.2,22.16,22.76,120254165,,2724805632.0
2022-05-24,22.76,23.32,21.8,21.88,128911077,,2915619072.0
2022-05-25,22.11,23.66,21.98,22.72,129432123,,2945949952.0
2022-05-26,22.61,22.88,21.88,22.42,94895656,,2129208320.0
2022-05-27,22.88,22.96,21.82,22.1,76225162,,1708963712.0
2022-05-30,22.34,22.7,22.08,22.4,67964926,,1521154944.0
2022-05-31,22.5,22.58,21.0,21.78,103896437,,2245623808.0
2022-06-01,21.53,21.8,20.78,21.28,83725347,,1777171840.0
2022-06-02,20.98,21.48,20.83,20.97,70055517,,1483494656.0
2022-06-06,21.25,23.07,21.14,22.98,188336093,,4241170688.0
2022-06-07,22.95,23.22,22.72,23.0,129364595,,2972465408.0
2022-06-08,23.0,24.21,23.0,23.63,147427490,,3482958592.0
2022-06-09,23.6,24.15,23.42,23.7,102336472,,2436480256.0
2022-06-10,23.31,24.05,23.3,23.82,82797384,,1967209600.0
2022-06-13,23.84,24.63,23.62,24.0,120546652,,2906352896.0
2022-06-14,23.45,23.8,22.84,23.66,92386114,,2158950656.0
2022-06-15,23.85,24.48,23.37,23.89,109272036,,2618113536.0
2022-06-16,24.03,24.43,23.25,23.48,92845648,,2206769152.0
2022-06-17,23.2,25.83,23.16,25.83,218603104,,5541210112.0
2022-06-20,25.83,26.73,25.68,26.28,192956789,,5040686592.0
2022-06-21,26.11,26.47,25.01,25.51,116371337,,2985779456.0
2022-06-22,25.76,25.87,25.03,25.14,87342896,,2225693440.0
2022-06-23,25.3,25.56,24.15,25.46,105390287,,2633771776.0
2022-06-24,25.5,25.8,24.78,25.39,86432848,,2180927744.0
2022-06-27,25.41,27.13,25.16,26.02,150913392,,3952212224.0
2022-06-28,26.1,26.15,25.5,25.87,94551088,,2435905024.0
2022-06-29,25.69,25.7,24.29,24.36,96293136,,2387655424.0
2022-06-30,24.5,25.33,24.36,25.04,89683360,,2231627264.0
2022-07-01,24.97,27.49,24.91,27.05,158103680,,4165351936.0
2022-07-04,26.78,28.55,26.59,28.1,164977514,,4549654528.0
2022-07-05,28.0,29.55,27.63,29.15,127467478,,3643854592.0
2022-07-06,28.88,29.55,28.38,28.75,86535670,,2498125568.0
2022-07-07,28.81,29.97,28.66,29.32,87566337,,2570934528.0
2022-07-08,29.5,30.09,28.9,29.14,80059968,,2356544000.0
2022-07-11,28.6,29.32,26.79,27.7,112791510,,3106708992.0
2022-07-12,27.77,28.2,26.8,27.4,83307425,,2285173760.0
2022-07-13,27.4,27.6,25.9,27.12,93020048,,2482838528.0
2022-07-14,26.98,26.98,25.6,26.39,94052064,,2471926784.0
2022-07-15,26.78,28.16,26.72,26.86,108555087,,2976064768.0
2022-07-18,26.78,27.16,25.97,27.15,94716192,,2525904896.0
2022-07-19,27.15,27.65,26.37,26.46,106438268,,2871065600.0
2022-07-20,26.8,27.36,26.36,26.55,82370376,,2209491968.0
2022-07-21,26.18,26.28,24.67,24.71,127571593,,3211108608.0
2022-07-22,24.97,25.25,24.52,24.88,60626576,,1505113472.0
2022-07-25,24.68,25.3,24.45,24.48,61293312,,1524479360.0
2022-07-26,24.51,25.8,24.51,25.05,95184936,,2402815232.0
2022-07-27,25.06,25.19,24.12,25.01,63303510,,1563193472.0
2022-07-28,25.19,25.3,24.44,24.69,66924004,,1658515968.0
2022-07-29,24.8,25.08,24.41,24.47,49217520,,1214999808.0
2022-08-01,24.34,24.9,23.59,24.55,67815496,,1645485312.0
2022-08-02,23.9,23.93,22.92,23.1,83863984,,1957634688.0
2022-08-03,23.53,23.94,22.86,22.9,66771672,,1562425216.0
2022-08-04,23.13,23.87,23.04,23.46,62651107,,1467520384.0
2022-08-05,23.46,25.48,22.96,24.99,121882568,,2962039552.0
2022-08-08,24.8,26.16,24.48,25.71,117904248,,3015249920.0
2022-08-09,25.7,25.98,25.33,25.62,74399330,,1909914752.0
2022-08-10,25.8,26.16,25.03,25.42,83127952,,2128055168.0
2022-08-11,25.45,25.7,24.67,25.46,81416644,,2046874624.0
2022-08-12,25.3,25.78,24.91,24.98,55451007,,1404450432.0
2022-08-15,25.0,25.87,25.0,25.45,71167480,,1815221120.0
2022-08-16,25.63,25.77,25.16,25.65,63564607,,1621488768.0
2022-08-17,25.5,25.54,24.57,24.84,75292624,,1874188800.0
2022-08-18,24.7,25.3,24.54,24.83,60476856,,1503348864.0
2022-08-19,24.85,24.88,23.97,24.0,73703280,,1788609664.0
2022-08-22,24.0,25.4,23.34,25.29,108153646,,2665768960.0
2022-08-23,25.25,25.75,24.51,24.94,76681824,,1911315584.0
2022-08-24,25.39,25.45,23.89,23.99,74423216,,1836003840.0
2022-08-25,24.13,24.19,22.89,23.28,59608200,,1399187968.0
2022-08-26,23.4,24.4,23.25,23.74,57709672,,1378739584.0
2022-08-29,23.13,23.6,22.96,23.36,41216065,,958163136.0
2022-08-30,23.39,23.75,23.1,23.28,38322483,,896570048.0
2022-08-31,23.12,23.53,22.08,22.19,54864494,,1240612224.0
2022-09-01,22.1,22.34,21.54,21.68,45258844,,990662592.0
2022-09-02,21.79,21.89,21.16,21.38,39539780,,850291968.0
2022-09-05,21.15,21.54,21.0,21.5,33452549,,712412800.0
2022-09-06,21.55,22.25,21.35,22.16,54843853,,1201333120.0
2022-09-07,21.9,22.21,21.75,21.84,40161036,,880800384.0
2022-09-08,21.9,21.94,21.3,21.39,31401462,,678265408.0
2022-09-09,21.5,22.6,21.46,22.24,76165208,,1683004544.0
2022-09-13,22.51,22.6,21.96,22.33,53707822,,1197011200.0
2022-09-14,21.8,22.55,21.7,22.28,50624416,,1118792576.0
2022-09-15,22.8,23.98,22.44,22.54,106026944,,2442891776.0
2022-09-16,22.0,22.0,20.6,21.13,77397576,,1646308224.0
2022-09-19,21.13,21.69,20.96,21.2,39641215,,844880768.0
2022-09-20,21.43,22.7,21.4,22.54,87213714,,1935906816.0
2022-09-21,22.33,22.86,22.33,22.63,59564088,,1347297024.0
2022-09-22,22.3,22.74,21.96,22.08,51335592,,1143955456.0
2022-09-23,22.0,22.08,21.1,21.36,49317688,,1059706496.0
2022-09-26,20.9,21.28,20.62,20.73,43637530,,913974144.0
2022-09-27,20.77,20.93,19.8,20.93,63013064,,1278835200.0
2022-09-28,20.61,20.67,19.44,19.48,51232840,,1025219648.0
2022-09-29,19.9,20.2,19.45,19.54,46711792,,925768512.0
2022-09-30,19.59,20.36,19.2,19.63,50124028,,986526592.0
2022-10-10,19.59,19.86,18.81,18.86,34059879,,655509056.0
2022-10-11,19.35,19.65,19.08,19.37,41148530,,796628800.0
2022-10-12,19.36,19.68,18.54,19.63,55511915,,1058504192.0
2022-10-13,19.23,19.57,19.07,19.1,46166160,,891071488.0
2022-10-14,19.64,19.9,19.21,19.67,78776112,,1541635584.0
2022-10-17,19.37,20.1,19.3,20.0,70303376,,1385828224.0
2022-10-18,20.28,20.45,19.8,19.91,52214789,,1046177984.0
2022-10-19,19.83,20.37,19.77,19.82,46003308,,922863104.0
2022-10-20,19.7,19.95,19.18,19.9,43100560,,842980352.0
2022-10-21,19.85,19.91,19.33,19.35,32172493,,631029824.0
2022-10-24,19.5,20.12,19.14,19.18,43091241,,846178112.0
2022-10-25,19.06,19.54,18.4,19.31,41097799,,781446400.0
2022-10-26,19.52,19.84,19.42,19.5,41993151,,824141248.0
2022-10-27,19.6,19.85,19.35,19.36,34427412,,674005760.0
2022-10-28,19.48,19.53,18.78,18.9,40395692,,772378624.0
2022-10-31,18.8,19.38,18.6,19.08,33158512,,632332736.0
2022-11-01,19.02,19.95,19.02,19.94,61785438,,1217542016.0
2022-11-02,19.79,20.15,19.68,19.98,49461383,,984927360.0
2022-11-03,19.74,21.77,19.58,21.04,115880400,,2435787776.0
2022-11-04,21.1,23.1,20.96,22.8,144060407,,3219264512.0
2022-11-07,23.3,23.34,22.61,23.0,105134511,,2418157824.0
2022-11-08,22.81,23.52,22.81,23.39,88004822,,2041716736.0
2022-11-09,23.78,23.81,23.0,23.18,65100580,,1518838912.0
2022-11-10,23.0,23.23,22.19,22.25,75708299,,1705123840.0
2022-11-11,23.09,23.2,22.31,22.58,67816867,,1543437568.0
2022-11-14,22.35,22.61,21.33,21.5,62426296,,1365330816.0
2022-11-15,21.25,21.69,21.1,21.65,58737193,,1260403200.0
2022-11-16,21.56,21.65,20.88,21.07,55995380,,1189518848.0
2022-11-17,21.07,21.45,20.68,21.06,52069184,,1095248384.0
2022-11-18,20.85,21.06,20.42,20.42,46213382,,956783808.0
2022-11-21,20.27,20.76,20.08,20.68,35872028,,737355072.0
2022-11-22,20.68,20.73,20.04,20.15,37649224,,764144064.0
2022-11-23,20.11,20.36,19.9,20.27,32604365,,657157248.0
2022-11-24,20.31,20.74,20.18,20.32,43375672,,884972416.0
2022-11-25,20.36,20.36,19.91,19.97,27108793,,542994112.0
2022-11-28,19.44,19.65,19.11,19.58,33368338,,650202432.0
2022-11-29,19.6,19.9,19.42,19.75,35059242,,690148736.0
2022-11-30,19.73,20.41,19.68,20.33,56737392,,1139221120.0
2022-12-01,20.4,20.64,20.12,20.16,37675787,,763485120.0
2022-12-02,20.02,20.12,19.8,19.91,30337890,,604872128.0
2022-12-05,19.92,20.13,19.61,19.74,35209567,,696568320.0
2022-12-06,19.5,19.99,19.3,19.84,41146775,,808644032.0
2022-12-07,19.6,20.18,19.58,19.86,41831944,,836114048.0
2022-12-08,19.75,19.96,19.52,19.53,30832876,,605916608.0
2022-12-09,19.53,19.84,19.24,19.6,34305808,,670165376.0
2022-12-12,19.4,19.42,19.03,19.09,33521500,,642040128.0
2022-12-13,19.12,19.28,19.01,19.07,19132588,,366011840.0
2022-12-14,19.0,19.23,19.0,19.06,18003064,,343443200.0
2022-12-15,19.06,19.35,18.81,19.32,29331201,,560615232.0
2022-12-16,19.15,19.15,18.53,18.77,35798656,,673924416.0
2022-12-19,18.77,19.5,18.7,19.07,44783296,,860665088.0
2022-12-20,18.85,18.95,18.6,18.71,24700630,,461783584.0
2022-12-21,18.79,18.88,18.31,18.46,21536671,,399807904.0
2022-12-22,18.59,18.62,17.68,17.71,33646208,,606702208.0
2022-12-23,17.41,17.94,17.38,17.73,21323748,,377713920.0
2022-12-26,17.7,18.16,17.63,18.15,21405766,,385157184.0
2022-12-27,18.15,18.23,17.88,18.17,21172685,,382633184.0
2022-12-28,17.95,18.05,17.71,17.88,19780748,,353448288.0
2022-12-29,17.75,18.08,17.72,17.77,18209416,,326255424.0
2022-12-30,17.89,18.03,17.4,17.45,24373115,,430274592.0
2023-01-03,17.45,17.95,17.23,17.9,30241649,,533678624.0
2023-01-04,17.8,17.97,17.36,17.46,27046473,,475625728.0
2023-01-05,17.66,18.06,17.56,17.98,39846559,,711927296.0
2023-01-06,17.87,18.43,17.86,18.25,45600768,,830836928.0
2023-01-09,18.29,18.58,18.2,18.28,37279128,,685235648.0
2023-01-10,18.2,18.45,17.94,18.29,33696380,,613292736.0
2023-01-11,18.35,18.53,18.07,18.09,26179184,,478272064.0
2023-01-12,18.16,18.63,18.16,18.21,32035794,,587788672.0
2023-01-13,18.18,18.43,18.01,18.15,22738112,,413306912.0
2023-01-16,18.09,18.59,18.01,18.42,35021650,,643714304.0
2023-01-17,18.5,18.62,18.3,18.41,21232196,,391601504.0
2023-01-18,18.5,18.76,18.41,18.57,25236706,,469089632.0
2023-01-19,18.66,18.69,18.42,18.6,21009664,,388935328.0
2023-01-20,18.6,19.36,18.6,19.12,44787510,,850958336.0
2023-01-30,19.63,19.78,19.16,19.18,48442714,,941157632.0
2023-01-31,19.1,19.49,18.81,19.4,43265944,,833326016.0
2023-02-01,19.48,19.66,19.37,19.66,40935425,,801013056.0
2023-02-02,19.7,19.75,19.44,19.54,34015536,,665408064.0
2023-02-03,19.59,19.67,19.03,19.3,35777576,,690154304.0
2023-02-06,19.14,19.25,19.03,19.11,20302948,,388142880.0
2023-02-07,19.1,19.2,19.04,19.16,19003284,,363278400.0
2023-02-08,19.2,19.5,19.09,19.25,33028686,,636869504.0
2023-02-09,19.18,19.3,19.02,19.29,26345003,,504868896.0
2023-02-10,19.28,19.28,18.91,18.98,29441224,,560656384.0
2023-02-13,18.9,19.11,18.88,18.94,22977288,,435453248.0
2023-02-14,18.95,19.02,18.6,18.73,36951824,,692072640.0
2023-02-15,18.71,18.85,18.51,18.53,24686892,,460328064.0
2023-02-16,18.48,18.63,18.05,18.26,35670736,,655996544.0
2023-02-17,18.28,18.34,17.95,18.02,25158024,,455160096.0
2023-02-20,17.67,18.15,17.67,18.11,24571700,,439934944.0
2023-02-21,18.12,18.29,18.02,18.23,21868456,,397792608.0
2023-02-22,18.1,18.24,18.05,18.14,12705554,,230410944.0
2023-02-23,18.18,18.27,18.1,18.21,17061015,,310084608.0
2023-02-24,18.24,18.3,18.06,18.18,15572024,,282681664.0
2023-02-27,18.05,18.3,18.02,18.03,21091316,,382750944.0
2023-02-28,18.03,18.06,17.71,17.9,25785276,,459478368.0
2023-03-01,17.91,17.93,17.72,17.89,18213791,,324653536.0
2023-03-02,17.85,17.87,17.58,17.59,26922620,,476360672.0
2023-03-03,17.59,17.77,17.55,17.68,15597985,,275388672.0
2023-03-06,17.71,17.92,17.63,17.9,21372148,,380348864.0
2023-03-07,17.91,17.92,17.56,17.56,18482972,,326964800.0
2023-03-08,17.52,17.58,17.3,17.49,11283995,,197076528.0
2023-03-09,17.5,17.67,17.44,17.5,12129503,,212832768.0
2023-03-10,17.41,17.45,16.95,16.96,29741984,,508498048.0
2023-03-13,16.87,16.95,16.19,16.49,38065511,,627466368.0
2023-03-14,16.39,16.44,15.76,16.13,40058300,,644380032.0
2023-03-15,16.13,16.36,16.13,16.18,17955370,,291323008.0
2023-03-16,16.0,16.11,15.63,15.66,25849242,,409127808.0
2023-03-17,15.82,16.0,15.7,15.8,25498406,,404322656.0
2023-03-20,15.8,15.83,15.54,15.64,25513404,,399226784.0
2023-03-21,15.7,16.16,15.65,16.15,31034465,,494512960.0
2023-03-22,16.19,16.38,15.98,16.08,24943044,,403120736.0
2023-03-23,15.95,16.19,15.89,16.18,19218564,,308007712.0
2023-03-24,16.11,16.19,15.98,16.0,17929476,,287874912.0
2023-03-27,15.98,15.99,15.8,15.92,20151017,,320161728.0
2023-03-28,15.99,16.03,15.55,15.63,25101540,,394763456.0
2023-03-29,15.63,15.77,15.01,15.18,43044825,,659245248.0
2023-03-30,15.18,15.5,15.06,15.38,37460534,,571445440.0
2023-03-31,15.39,15.65,15.33,15.39,23534896,,363953984.0
2023-04-03,15.33,16.24,15.22,16.08,63268393,,1001227776.0
2023-04-04,16.0,16.03,15.62,15.68,36007864,,567300480.0
2023-04-06,15.6,15.6,15.35,15.44,23448312,,362376736.0
2023-04-07,15.37,15.58,15.33,15.35,24367800,,375238144.0
2023-04-10,15.35,15.46,15.2,15.42,27143976,,416503776.0
2023-04-11,15.36,15.46,15.15,15.42,25703162,,394219232.0
2023-04-12,15.38,15.47,15.1,15.11,33155303,,503554208.0
2023-04-13,15.06,15.08,14.46,14.49,47390568,,692787456.0
2023-04-14,14.35,15.18,14.25,14.96,58582172,,873259584.0
2023-04-17,14.9,15.13,14.83,15.09,33106692,,496815904.0
2023-04-18,15.11,15.49,15.0,15.03,39742415,,604507264.0
2023-04-19,15.03,15.05,14.79,14.8,26148696,,388944128.0
2023-04-20,14.7,14.71,14.35,14.41,28592950,,412652320.0
2023-04-21,14.36,14.65,13.94,14.07,36482876,,519818112.0
2023-04-24,14.07,14.19,13.77,13.85,29523059,,411577056.0
2023-04-25,13.21,13.44,12.47,12.47,67531267,,858175552.0
2023-04-26,12.01,12.94,11.73,12.7,63892513,,795976064.0
2023-04-27,12.64,12.78,12.4,12.51,35143724,,440584640.0
2023-04-28,12.5,12.71,12.38,12.53,27808184,,348109728.0
2023-05-04,12.54,12.8,12.45,12.61,31207864,,393928224.0
2023-05-05,12.59,12.59,12.29,12.35,21063204,,261234560.0
2023-05-08,12.36,12.55,12.36,12.51,22595424,,281812992.0
2023-05-09,12.51,12.61,12.3,12.31,28043724,,348343264.0
2023-05-10,12.33,12.63,12.23,12.51,29177583,,363810816.0
2023-05-11,12.52,12.75,12.44,12.74,29612800,,374047136.0
2023-05-12,12.74,13.03,12.3,12.3,40989194,,512102432.0
2023-05-15,12.31,13.2,12.31,13.2,83506003,,1080401920.0
2023-05-16,13.22,13.22,12.85,12.93,42803796,,554474816.0
2023-05-17,12.86,12.95,12.76,12.88,21992889,,282514368.0
2023-05-18,12.93,12.97,12.6,12.8,27224982,,347696544.0
2023-05-19,12.72,12.86,12.64,12.79,16098099,,205395216.0
2023-05-22,12.75,12.84,12.66,12.8,15392907,,196358144.0
2023-05-23,12.8,12.88,12.61,12.62,19796754,,251813040.0
2023-05-24,12.59,12.73,12.51,12.59,17245444,,217505184.0
2023-05-25,12.58,12.58,12.36,12.48,19701704,,245472000.0
2023-05-26,12.48,12.5,12.1,12.31,24133832,,295360704.0
2023-05-29,12.27,12.3,11.82,11.9,32967283,,394170816.0
2023-05-30,11.87,11.97,11.62,11.87,25656384,,301836096.0
2023-05-31,11.91,11.91,11.58,11.64,19252025,,225097104.0
2023-06-01,11.71,11.97,11.59,11.67,24240415,,285776768.0
2023-06-02,11.74,12.35,11.72,12.26,57245416,,695350656.0
2023-06-05,12.29,12.42,12.09,12.27,28239092,,346327136.0
2023-06-06,12.3,12.3,11.91,11.93,24906434,,300416096.0
2023-06-07,11.95,12.04,11.64,11.7,20127504,,236790448.0
2023-06-08,11.65,12.14,11.65,11.76,33362138,,396547264.0
2023-06-09,11.71,12.0,11.7,11.81,22120854,,261734288.0
2023-06-12,11.73,12.04,11.65,11.96,25434184,,301863200.0
2023-06-13,11.95,12.02,11.83,11.86,17190048,,204269344.0
2023-06-14,11.89,11.94,11.58,11.62,28276364,,331292992.0
2023-06-15,11.63,12.07,11.44,11.98,46726088,,552080000.0
2023-06-16,11.98,12.24,11.93,12.17,39925164,,483326752.0
2023-06-19,12.17,12.22,11.9,11.91,26953511,,323868800.0
2023-06-20,11.91,11.95,11.78,11.8,21796790,,258013824.0
2023-06-21,11.75,12.03,11.45,11.48,39609256,,462447200.0
2023-06-26,11.3,11.58,11.21,11.29,24704448,,280283872.0
2023-06-27,11.28,11.63,11.19,11.58,31197459,,356998144.0
2023-06-28,11.59,11.61,11.26,11.38,24887226,,282863680.0
2023-06-29,11.32,11.99,11.29,11.75,54682343,,641046592.0
2023-06-30,11.68,12.07,11.66,11.92,43037662,,512637440.0
2023-07-03,11.95,12.15,11.9,11.98,33645796,,404059776.0
2023-07-04,12.04,12.25,11.85,12.17,43760908,,531351232.0
2023-07-05,12.11,12.19,11.95,12.07,33987832,,409611360.0
2023-07-06,12.06,12.06,11.81,11.86,29684602,,352667360.0
2023-07-07,11.83,11.83,11.56,11.62,24191034,,282361440.0
2023-07-10,11.69,12.78,11.68,12.58,143693146,,1810112384.0
2023-07-11,12.43,12.58,12.18,12.53,94699888,,1172042112.0
2023-07-12,12.51,13.5,12.35,13.22,146094480,,1911270400.0
2023-07-13,13.22,13.36,13.01,13.2,79672886,,1047335360.0
2023-07-14,13.11,13.11,12.78,12.8,68758240,,886480896.0
2023-07-17,12.32,12.34,12.04,12.19,58414989,,711858752.0
2023-07-18,12.18,12.31,12.0,12.11,37689305,,456808896.0
2023-07-19,12.15,12.16,11.88,11.95,31007412,,371524992.0
2023-07-20,11.95,12.19,11.92,11.98,38642857,,465318112.0
2023-07-21,11.87,12.08,11.66,11.73,32006732,,377785408.0
2023-07-24,11.7,11.7,11.47,11.48,28854344,,333112960.0
2023-07-25,11.6,11.75,11.54,11.68,33591625,,390794656.0
2023-07-26,11.71,11.87,11.67,11.71,30721327,,360531616.0
2023-07-27,11.65,11.71,11.5,11.54,26190192,,303660352.0
2023-07-28,11.54,11.65,11.38,11.6,24427665,,281656032.0
2023-07-31,11.6,11.84,11.6,11.72,31037703,,364217248.0
2023-08-01,11.69,11.71,11.58,11.64,20177228,,234580000.0
2023-08-02,11.6,11.61,11.5,11.51,18760664,,216364528.0
2023-08-03,11.48,11.56,11.44,11.47,17381162,,199905952.0
2023-08-04,11.48,11.58,11.4,11.41,26971826,,310040960.0
2023-08-07,11.41,11.41,11.27,11.37,20491511,,231878752.0
2023-08-08,11.32,11.37,11.23,11.32,16266807,,183724400.0
2023-08-09,11.33,11.34,11.23,11.26,13985420,,157405920.0
2023-08-10,11.3,11.38,11.26,11.28,13586932,,153638704.0
2023-08-11,11.27,11.3,10.98,10.98,30360900,,336910144.0
2023-08-14,10.86,10.87,10.48,10.69,34412973,,365761408.0
2023-08-15,10.7,10.75,10.4,10.43,24124900,,253322976.0
2023-08-16,10.32,10.45,10.1,10.12,30210503,,308937376.0
2023-08-17,10.05,10.2,9.88,10.12,27165428,,273594944.0
2023-08-18,10.15,10.19,9.88,9.88,25492637,,254965680.0
2023-08-21,9.88,9.98,9.72,9.74,22353412,,219877840.0
2023-08-22,9.74,9.85,9.34,9.58,42175795,,402535200.0
2023-08-23,9.55,9.55,9.2,9.2,31893270,,297280608.0
2023-08-24,9.21,9.34,9.11,9.14,30182193,,278680768.0
2023-08-25,9.1,9.15,8.84,8.89,35113298,,315223168.0
2023-08-28,9.32,9.4,8.85,8.89,43126569,,393747936.0
2023-08-29,8.8,9.19,8.76,9.15,39472868,,357993824.0
2023-08-30,9.15,9.36,9.1,9.19,33560796,,309073280.0
2023-08-31,9.19,9.19,9.04,9.08,23664900,,215039056.0
2023-09-01,9.13,9.23,9.07,9.1,22681876,,207213824.0
2023-09-04,9.14,9.47,9.12,9.39,44071888,,410587808.0
2023-09-05,9.33,9.47,9.28,9.38,27484987,,257837536.0
2023-09-06,9.38,9.47,9.27,9.47,23232472,,218195584.0
2023-09-07,9.45,9.46,9.26,9.26,24244600,,226157216.0
2023-09-08,9.23,9.29,9.16,9.23,15434729,,142392880.0
2023-09-11,9.21,9.36,9.16,9.31,20735931,,192526128.0
2023-09-12,9.31,9.65,9.3,9.33,45945900,,433544384.0
2023-09-13,9.28,9.35,9.1,9.17,26582307,,244687008.0
2023-09-14,9.14,9.2,9.0,9.05,22262568,,201901008.0
2023-09-15,9.05,9.16,8.98,9.0,19887102,,179816288.0
2023-09-18,8.95,9.28,8.89,9.15,29772990,,272113728.0
2023-09-19,9.17,9.17,8.96,8.98,20027300,,180592480.0
2023-09-20,8.95,9.01,8.82,8.83,19312838,,171675504.0
2023-09-21,8.83,8.9,8.71,8.75,19787958,,173851680.0
2023-09-22,8.75,8.91,8.72,8.91,23788640,,210151552.0
2023-09-25,8.9,8.93,8.64,8.74,23601275,,206663888.0
2023-09-26,8.73,8.73,8.56,8.56,19084553,,164446144.0
2023-09-27,8.55,8.88,8.52,8.74,36556886,,319376768.0
2023-09-28,8.73,9.05,8.73,8.88,33046126,,293813408.0
2023-10-09,8.88,8.98,8.79,8.92,25196000,,224309968.0
2023-10-10,8.92,9.24,8.92,9.0,39594023,,358523872.0
2023-10-11,9.05,9.2,8.98,9.08,35525908,,323101664.0
2023-10-12,9.12,9.99,9.12,9.99,102310565,,1003652416.0
2023-10-13,10.27,10.97,10.25,10.97,231718704,,2429844736.0
2023-10-16,10.73,11.92,10.66,11.12,226211679,,2542353408.0
2023-10-17,10.91,11.85,10.75,11.41,186208816,,2117575296.0
2023-10-18,11.07,11.24,10.7,10.9,141363232,,1543851136.0
2023-10-19,10.73,11.99,10.73,11.99,288238283,,3379098368.0
2023-10-20,12.09,13.19,11.69,13.19,344003552,,4287542016.0
2023-10-23,13.4,14.4,12.92,12.96,381213728,,5211045888.0
2023-10-24,12.63,13.46,12.26,12.42,302007028,,3865403648.0
2023-10-25,12.0,12.92,11.76,12.22,255888127,,3178992896.0
2023-10-26,11.99,12.69,11.17,12.6,271420613,,3226108928.0
2023-10-27,12.19,13.2,11.86,12.64,271467921,,3394302464.0
2023-10-30,12.39,12.8,12.15,12.31,170923520,,2119971840.0
2023-10-31,12.11,12.46,11.51,11.96,173312266,,2058230528.0
2023-11-01,11.9,12.17,11.61,11.85,118162447,,1402680064.0
2023-11-02,11.78,11.91,11.46,11.48,85742125,,997722688.0
2023-11-03,11.41,11.58,11.41,11.49,67662640,,777630720.0
2023-11-06,11.54,12.48,11.5,12.21,164357584,,1968823552.0
2023-11-07,12.0,12.65,12.0,12.44,160698119,,1991840384.0
2023-11-08,12.37,12.48,12.18,12.28,99388448,,1224676992.0
2023-11-09,12.29,12.64,11.8,12.08,121246961,,1481777792.0
2023-11-10,11.84,12.1,11.63,11.64,86371260,,1018470336.0
2023-11-13,11.6,11.8,11.6,11.77,47546352,,556929088.0
2023-11-14,11.71,11.76,11.51,11.63,61730760,,715676416.0
2023-11-15,11.8,12.54,11.71,12.25,160205108,,1944700160.0
2023-11-16,12.0,12.15,11.76,11.76,96064485,,1144365184.0
2023-11-17,11.65,11.89,11.65,11.88,50067660,,590499968.0
2023-11-20,11.83,12.12,11.69,12.04,67338522,,803144192.0
2023-11-21,12.06,12.27,11.83,11.85,73944529,,889156928.0
2023-11-22,11.7,11.82,11.25,11.25,90298462,,1035906880.0
2023-11-23,11.15,11.35,11.04,11.27,58382172,,652064128.0
2023-11-24,11.27,11.3,10.91,10.94,52710756,,581814336.0
2023-11-27,10.8,10.98,10.55,10.59,52301200,,558326464.0
2023-11-28,10.52,10.82,10.47,10.79,45840664,,490327744.0
2023-11-29,10.7,10.82,10.51,10.52,34590323,,367574080.0
2023-11-30,10.52,10.58,10.31,10.38,35488424,,370209472.0
2023-12-01,10.4,10.85,10.29,10.63,64068536,,677331008.0
2023-12-04,10.6,11.69,10.54,11.69,180578944,,2052802048.0
2023-12-05,11.68,12.28,11.51,11.92,215731552,,2589626112.0
2023-12-06,12.0,12.73,12.0,12.32,226124864,,2800720128.0
2023-12-07,12.0,12.23,11.84,12.01,127457024,,1534561792.0
2023-12-08,12.23,12.36,11.6,11.75,106137039,,1255160832.0
2023-12-11,11.77,11.89,11.31,11.65,77313456,,891070336.0
2023-12-12,11.56,11.73,11.51,11.6,52182460,,605413504.0
2023-12-13,11.6,11.62,11.13,11.16,66898219,,754189568.0
2023-12-14,11.4,11.51,10.96,11.01,57933593,,647202176.0
2023-12-15,11.02,12.11,11.02,12.11,115334070,,1373302784.0
2023-12-18,12.12,12.4,11.86,11.87,159881268,,1937322496.0
2023-12-19,11.76,12.2,11.68,12.2,121832159,,1453787904.0
2023-12-20,12.2,12.68,12.01,12.37,165916433,,2050364032.0
2023-12-21,12.1,12.48,11.92,12.1,142868619,,1744146176.0
2023-12-22,11.88,13.31,11.85,13.05,291553073,,3773676288.0
2023-12-25,13.05,13.26,12.78,12.9,204052998,,2655966976.0
2023-12-26,12.89,13.72,12.83,13.21,216248508,,2863225856.0
2023-12-27,13.01,13.14,12.6,12.69,152468946,,1953684608.0
2023-12-28,12.62,13.9,12.62,13.55,240106158,,3202752512.0
2023-12-29,13.4,13.72,13.31,13.5,158313232,,2136451712.0
2024-01-02,13.39,13.78,13.33,13.55,140201612,,1900508288.0
2024-01-03,13.41,14.22,13.36,13.56,144730378,,1989407744.0
2024-01-04,13.44,13.5,12.57,12.62,154504477,,1996346112.0
2024-01-05,12.53,13.14,12.32,12.53,117851984,,1499649408.0
2024-01-08,12.22,12.96,12.22,12.81,91960006,,1158877824.0
2024-01-09,12.62,12.99,12.45,12.74,89873014,,1145098496.0
2024-01-10,12.69,13.14,12.37,12.92,112945104,,1454524672.0
2024-01-11,12.77,13.9,12.72,13.38,159589310,,2118081280.0
2024-01-12,13.25,13.46,13.0,13.32,111238949,,1471522176.0
2024-01-15,13.18,13.31,13.07,13.23,55467368,,731368256.0
2024-01-16,13.35,13.64,13.08,13.43,95139040,,1273574912.0
2024-01-17,13.33,13.36,12.28,12.3,110909626,,1416491648.0
2024-01-18,12.13,12.63,11.7,12.53,92497543,,1125609472.0
2024-01-19,12.37,12.75,11.75,11.78,83233712,,1015635968.0
2024-01-22,11.67,11.67,10.66,10.7,104807414,,1155351808.0
2024-01-23,10.6,11.18,10.36,10.94,75748880,,826299328.0
2024-01-24,11.05,11.18,10.54,10.85,71337984,,769728128.0
2024-01-25,10.85,11.07,10.55,11.01,74665865,,811229632.0
2024-01-26,10.88,11.21,10.8,10.85,66172910,,727986048.0
2024-01-29,10.78,10.87,10.11,10.11,80886800,,838191296.0
2024-01-30,9.95,10.22,9.78,9.83,54979137,,549139264.0
2024-01-31,9.5,9.8,9.0,9.04,90917264,,846892352.0
2024-02-01,8.98,9.7,8.9,9.36,84131716,,790744768.0
2024-02-02,9.39,9.45,8.55,8.86,74658951,,674332864.0
2024-02-05,8.83,8.85,7.97,7.97,84696875,,699229184.0
2024-02-06,7.8,8.65,7.74,8.5,75176397,,621796928.0
2024-02-07,8.6,9.24,8.53,8.97,84852160,,764453504.0
2024-02-08,9.12,9.48,9.12,9.21,70723953,,658135168.0
2024-02-19,9.39,9.41,9.12,9.3,59623277,,552300416.0
2024-02-20,9.21,9.54,9.06,9.48,62662392,,584509376.0
2024-02-21,9.4,9.98,9.3,9.68,90582801,,879312256.0
2024-02-22,9.53,9.85,9.5,9.7,56566688,,546841728.0
2024-02-23,9.74,9.98,9.62,9.97,74575175,,732302144.0
2024-02-26,10.07,10.25,9.9,9.98,71795608,,721143936.0
2024-02-27,9.85,10.25,9.81,10.24,65784676,,664405696.0
2024-02-28,10.4,10.76,9.8,9.81,117071112,,1216471296.0
2024-02-29,9.71,10.56,9.71,10.44,108742652,,1114012672.0
2024-03-01,10.46,10.55,10.3,10.41,67936830,,706525696.0
2024-03-04,10.49,10.58,10.22,10.35,58565890,,608049344.0
2024-03-05,10.2,10.22,10.0,10.09,55010371,,555680064.0
2024-03-06,9.99,10.29,9.88,10.17,55786063,,562425984.0
2024-03-07,10.22,10.39,9.99,9.99,49644406,,505801760.0
2024-03-08,10.0,10.15,9.9,10.05,35216848,,352589248.0
2024-03-11,10.08,10.59,10.06,10.5,91942956,,955062016.0
2024-03-12,10.6,10.65,10.32,10.39,63935348,,667478592.0
2024-03-13,10.35,10.5,10.31,10.35,39265384,,407162272.0
2024-03-14,10.36,10.53,10.15,10.27,46743951,,483399840.0
2024-03-15,10.2,10.45,10.14,10.39,46571847,,479821248.0
2024-03-18,10.45,10.52,10.34,10.5,45682752,,476769888.0
2024-03-19,10.44,10.63,10.35,10.36,44074492,,461688800.0
2024-03-20,10.32,10.6,10.29,10.51,55317148,,580509120.0
2024-03-21,10.57,10.6,10.32,10.37,38642464,,402570784.0
2024-03-22,10.31,10.37,9.98,10.02,49972432,,504237504.0
2024-03-25,9.92,10.09,9.7,9.71,43712188,,431691424.0
2024-03-26,9.71,9.98,9.58,9.85,39482232,,385941952.0
2024-03-27,9.86,9.91,9.27,9.29,36820928,,351474176.0
2024-03-28,9.22,9.56,9.22,9.43,27628776,,260593472.0
2024-03-29,9.37,9.63,9.37,9.48,22631076,,214841712.0
2024-04-01,9.48,9.85,9.48,9.82,39978468,,390779488.0
2024-04-02,9.95,10.8,9.85,10.8,121545687,,1265140864.0
2024-04-03,11.11,11.76,11.02,11.29,229414464,,2599068416.0
2024-04-08,11.14,11.89,11.08,11.27,162364784,,1857547520.0
2024-04-09,11.28,12.18,11.14,12.0,179243504,,2100145920.0
2024-04-10,11.89,11.89,11.36,11.45,120948192,,1394043008.0
2024-04-11,11.3,11.48,11.04,11.13,99043272,,1107778432.0
2024-04-12,11.06,11.12,10.56,10.59,91021744,,981418048.0
2024-04-15,10.5,10.77,9.8,10.11,86344888,,880552320.0
2024-04-16,10.2,10.27,9.1,9.16,95385920,,902363264.0
2024-04-17,9.25,9.72,9.25,9.71,68472000,,657985920.0
2024-04-18,9.61,10.01,9.46,9.81,60924831,,598192896.0
2024-04-19,9.73,9.78,9.36,9.39,52425048,,498811904.0
2024-04-22,9.27,9.51,9.0,9.12,45520960,,417590464.0
2024-04-23,9.11,9.16,8.95,9.06,37564108,,339977024.0
2024-04-24,8.88,9.09,8.6,9.08,48351452,,431297088.0
2024-04-25,8.96,9.27,8.92,9.04,44119272,,402474272.0
2024-04-26,9.04,9.22,8.96,9.18,45283752,,413087904.0
2024-04-29,9.18,10.1,9.18,10.1,137936432,,1364203648.0
2024-04-30,10.02,10.1,9.72,9.72,83437080,,823199616.0
2024-05-06,9.92,10.17,9.9,10.08,63980880,,641850368.0
2024-05-07,10.06,10.25,9.98,10.05,41305504,,415536352.0
2024-05-08,10.05,10.05,9.76,9.76,37626980,,371444928.0
2024-05-09,9.92,10.22,9.92,10.15,71768544,,725535424.0
2024-05-10,10.07,10.13,9.86,10.02,44015100,,438858592.0
2024-05-13,10.45,10.45,9.93,10.08,63627407,,643257920.0
2024-05-14,10.39,10.63,10.17,10.18,84004792,,869534656.0
2024-05-15,10.19,10.2,9.84,9.85,54888184,,545581376.0
2024-05-16,9.75,9.91,9.74,9.78,35272912,,346509536.0
2024-05-17,9.82,9.95,9.66,9.92,33604172,,330153568.0
2024-05-20,9.84,10.19,9.81,10.08,47128100,,471278656.0
2024-05-21,10.01,10.01,9.79,9.85,35194940,,347025408.0
2024-05-22,9.81,10.18,9.81,10.13,54349864,,544552832.0
2024-05-23,10.01,10.05,9.73,9.77,43072748,,424186752.0
2024-05-24,9.67,9.9,9.55,9.65,38686240,,373471008.0
2024-05-27,9.65,9.75,9.45,9.57,23436808,,223446144.0
2024-05-28,9.52,9.69,9.44,9.46,22342256,,213013600.0
2024-05-29,9.46,9.77,9.46,9.55,30183268,,290840480.0
2024-05-30,9.7,9.75,9.5,9.53,24091068,,231136768.0
2024-05-31,9.5,9.75,9.41,9.41,38904960,,371767360.0
2024-06-03,9.43,9.45,9.04,9.14,43493372,,398021984.0
2024-06-04,9.09,9.2,8.93,9.19,28989076,,263544720.0
2024-06-05,9.17,9.23,9.06,9.06,20131448,,183780256.0
2024-06-06,9.19,9.32,8.78,8.8,43800924,,393383744.0
2024-06-07,8.9,8.92,8.67,8.84,24034500,,211567024.0
2024-06-11,8.8,8.9,8.65,8.87,20104196,,176645456.0
2024-06-12,8.87,8.97,8.82,8.96,20855102,,185785472.0
2024-06-13,8.96,8.99,8.76,8.77,22072884,,195085072.0
2024-06-14,8.73,8.94,8.67,8.88,20417720,,179643408.0
2024-06-17,8.81,8.98,8.79,8.9,20122600,,179263072.0
2024-06-18,8.9,9.04,8.84,9.04,22387940,,201024016.0
2024-06-19,9.04,9.08,8.85,8.87,18813500,,168222000.0
2024-06-20,8.91,8.95,8.5,8.51,30202200,,260837952.0
2024-06-21,8.51,8.58,8.37,8.49,20204796,,171023776.0
2024-06-24,8.4,8.4,8.11,8.12,26087472,,215004688.0
2024-06-25,8.15,8.23,8.01,8.05,19095716,,154658528.0
2024-06-26,8.03,8.44,7.94,8.41,37399404,,307674240.0
2024-06-27,8.33,8.42,8.15,8.16,24431192,,202073264.0
2024-06-28,8.16,8.3,8.13,8.15,19343718,,159169280.0
2024-07-01,8.1,8.29,7.99,8.26,23073868,,187779296.0
2024-07-02,8.26,8.38,8.17,8.21,19515980,,161346176.0
2024-07-03,8.17,8.34,8.16,8.22,17343700,,143122880.0
2024-07-04,8.27,8.29,7.96,7.98,19315574,,156097664.0
2024-07-05,7.95,8.0,7.81,7.92,23437328,,184662720.0
2024-07-08,7.85,7.9,7.48,7.54,32872018,,251305984.0
2024-07-09,7.49,7.54,7.14,7.41,51440984,,377349440.0
2024-07-10,7.38,7.72,7.32,7.35,44551604,,334902208.0
2024-07-11,7.47,7.9,7.47,7.78,52910796,,408095584.0
2024-07-12,7.73,7.81,7.6,7.65,26482484,,203023152.0
2024-07-15,7.65,7.66,7.48,7.5,18588100,,140035952.0
2024-07-16,7.49,7.58,7.42,7.52,18449200,,138428048.0
2024-07-17,7.52,7.55,7.42,7.44,17890952,,133676368.0
2024-07-18,7.43,7.47,7.26,7.41,20956228,,154103392.0
2024-07-19,7.38,7.54,7.26,7.43,22519100,,166399536.0
2024-07-22,7.41,7.49,7.27,7.32,24060742,,176960976.0
2024-07-23,7.3,7.38,7.06,7.07,28330768,,204251168.0
2024-07-24,7.01,7.1,6.84,6.85,33297459,,230809040.0
2024-07-25,6.8,7.12,6.78,7.02,33231736,,232336800.0
2024-07-26,7.02,7.29,6.99,7.22,30472100,,219685088.0
2024-07-29,7.23,7.27,7.05,7.08,22472626,,159331984.0
2024-07-30,7.06,7.14,6.99,7.09,18068948,,127604288.0
2024-07-31,7.11,7.49,7.07,7.49,44195280,,325434304.0
2024-08-01,7.49,7.6,7.35,7.44,31263342,,232818192.0
2024-08-02,7.39,7.49,7.31,7.35,21692328,,160631648.0
2024-08-05,7.3,7.53,7.2,7.2,30303320,,222985008.0
2024-08-06,7.3,7.39,7.22,7.32,21983776,,160666432.0
2024-08-07,7.32,7.32,7.23,7.23,17020410,,123648208.0
2024-08-08,7.21,7.28,7.11,7.21,17583780,,126362928.0
2024-08-09,7.23,7.32,7.08,7.08,18190762,,130111744.0
2024-08-12,7.07,7.12,6.97,7.0,14651740,,102668088.0
2024-08-13,6.99,7.12,6.89,7.07,19188510,,134457104.0
2024-08-14,7.05,7.15,6.95,6.97,14881193,,104302184.0
2024-08-15,6.96,7.11,6.88,7.04,22197264,,155898560.0
2024-08-16,7.04,7.08,6.92,6.92,16816120,,117433176.0
2024-08-19,6.9,7.01,6.82,6.83,18099346,,124957536.0
2024-08-20,6.83,6.93,6.66,6.69,25439600,,172241248.0
2024-08-21,6.67,6.88,6.62,6.81,27040424,,183609728.0
2024-08-22,6.79,6.84,6.56,6.57,22065312,,147055072.0
2024-08-23,6.55,6.61,6.46,6.46,18840420,,122451880.0
2024-08-26,6.5,6.79,6.49,6.64,27615130,,184404272.0
2024-08-27,6.63,6.63,6.43,6.45,21143016,,137083136.0
2024-08-28,6.42,6.5,6.35,6.47,14377942,,92501488.0
2024-08-29,6.4,6.65,6.4,6.6,22689456,,148940592.0
2024-08-30,6.62,6.92,6.6,6.8,34602868,,235117920.0
2024-09-02,6.76,6.86,6.58,6.58,23776724,,158992144.0
2024-09-03,6.58,6.9,6.55,6.78,29696824,,200911440.0
2024-09-04,6.72,6.88,6.7,6.77,22861208,,155285504.0
2024-09-05,6.77,7.04,6.77,6.8,28794364,,197177408.0
2024-09-06,6.75,6.78,6.61,6.62,18416888,,122823680.0
2024-09-09,6.55,6.66,6.54,6.57,14536048,,95728064.0
2024-09-10,6.61,6.63,6.43,6.56,17930180,,116812656.0
2024-09-11,6.56,6.9,6.55,6.84,61272443,,415837408.0
2024-09-12,6.73,6.94,6.72,6.75,42027848,,287030752.0
2024-09-13,6.74,6.8,6.46,6.47,33070656,,216490096.0
2024-09-18,6.47,6.49,6.2,6.26,24453378,,153805264.0
2024-09-19,6.35,6.65,6.22,6.54,38065964,,246650880.0
2024-09-20,6.51,6.51,6.36,6.41,23124420,,148436976.0
2024-09-23,6.41,6.52,6.35,6.44,16152968,,104131792.0
2024-09-24,6.49,6.8,6.46,6.8,55252780,,368631616.0
2024-09-25,6.84,7.12,6.84,6.92,54512000,,381512928.0
2024-09-26,6.86,7.18,6.85,7.17,43576028,,306505792.0
2024-09-27,7.27,7.89,7.27,7.82,96781120,,743387456.0
2024-09-30,8.19,8.6,8.05,8.6,117252920,,982593344.0
2024-10-08,9.46,9.46,8.78,9.35,126400504,,1164535936.0
2024-10-09,9.2,9.2,8.42,8.42,98602904,,854324224.0
2024-10-10,8.26,8.6,8.0,8.07,70809280,,584226368.0
2024-10-11,8.07,8.09,7.42,7.56,60957104,,469580480.0
2024-10-14,7.58,7.8,7.42,7.8,54868116,,418864416.0
2024-10-15,7.76,7.8,7.51,7.51,49704592,,380089472.0
2024-10-16,7.4,7.57,7.33,7.46,35430796,,263999536.0
2024-10-17,7.55,7.62,7.35,7.36,38944652,,291547072.0
2024-10-18,7.35,7.78,7.32,7.6,61041140,,460670144.0
2024-10-21,7.59,7.85,7.59,7.69,61486216,,474656608.0
2024-10-22,7.7,7.88,7.59,7.88,58415543,,453743200.0
2024-10-23,7.86,8.07,7.75,7.91,78856720,,623876224.0
2024-10-24,7.85,7.86,7.68,7.74,43904848,,339996256.0
2024-10-25,7.74,8.23,7.74,8.16,101664096,,822015936.0
2024-10-28,8.16,8.25,8.07,8.22,59575872,,487222720.0
2024-10-29,8.26,8.34,7.95,7.96,63647204,,514179232.0
2024-10-30,7.98,8.03,7.78,7.89,40905784,,322919968.0
2024-10-31,7.89,8.24,7.87,8.19,71316056,,579155200.0
2024-11-01,8.17,8.38,7.88,7.97,83634592,,679122944.0
2024-11-04,8.03,8.4,7.92,8.17,64263343,,526060640.0
2024-11-05,8.18,8.45,8.13,8.39,80765696,,672819712.0
2024-11-06,8.39,8.68,8.35,8.45,89671336,,765909504.0
2024-11-07,8.37,8.58,8.3,8.58,60327584,,511875520.0
2024-11-08,8.72,8.89,8.53,8.57,76085880,,662019328.0
2024-11-11,8.58,8.95,8.5,8.94,84453016,,745191424.0
2024-11-12,9.1,9.43,8.87,8.98,121439576,,1111467776.0
2024-11-13,8.95,9.45,8.7,9.02,101143392,,912821376.0
2024-11-14,9.0,9.13,8.59,8.6,67205952,,592696512.0
2024-11-15,8.56,8.66,8.28,8.28,53216928,,451048224.0
2024-11-18,8.28,8.39,7.92,7.98,50310856,,408714272.0
2024-11-19,8.05,8.78,7.98,8.78,62111852,,519008160.0
2024-11-20,8.95,9.46,8.88,9.19,211249744,,1939690368.0
2024-11-21,9.0,9.28,8.98,9.11,117113760,,1066446208.0
2024-11-22,9.0,9.84,8.95,9.11,168818592,,1588021888.0
2024-11-25,9.08,9.43,8.8,9.01,129490304,,1177709696.0
2024-11-26,8.97,8.99,8.51,8.52,92709392,,808411008.0
2024-11-27,8.48,8.68,8.24,8.66,67616008,,570041280.0
2024-11-28,8.59,8.69,8.45,8.49,52780288,,450681920.0
2024-11-29,8.45,8.82,8.33,8.68,77618312,,668574976.0
2024-12-02,8.67,8.97,8.59,8.93,68852064,,609327936.0
2024-12-03,8.93,8.94,8.73,8.83,47488800,,418464864.0
2024-12-04,8.79,8.86,8.54,8.6,49385464,,428637824.0
2024-12-05,8.51,8.75,8.51,8.64,41159000,,354546944.0
2024-12-06,8.6,8.78,8.4,8.69,57664584,,495942784.0
2024-12-09,8.65,8.72,8.51,8.58,39569920,,340054528.0
2024-12-10,8.85,8.86,8.51,8.53,57703668,,502777664.0
2024-12-11,8.53,8.57,8.45,8.5,38590328,,328479424.0
2024-12-12,8.5,8.54,8.38,8.51,42524520,,359688832.0
2024-12-13,8.47,8.47,8.23,8.24,44212992,,367648928.0
2024-12-16,8.23,8.29,8.07,8.11,33946156,,276396896.0
2024-12-17,8.12,8.23,7.95,8.0,34858920,,281303360.0
2024-12-18,8.01,8.07,7.91,7.92,27420480,,218744416.0
2024-12-19,7.83,7.92,7.76,7.9,28692988,,224905040.0
2024-12-20,7.91,8.05,7.83,7.93,26761744,,212463056.0
2024-12-23,7.95,7.99,7.66,7.7,28582780,,222588688.0
2024-12-24,7.7,7.91,7.7,7.85,25252760,,198008704.0
2024-12-25,7.87,7.88,7.63,7.7,24529912,,188837632.0
2024-12-26,7.68,7.75,7.64,7.69,17577000,,135346784.0
2024-12-27,7.69,7.85,7.65,7.77,22008742,,171211936.0
2024-12-30,7.77,7.78,7.65,7.71,18462374,,142163728.0
2024-12-31,7.7,7.75,7.41,7.41,25633100,,193112816.0
2025-01-02,7.41,7.48,7.14,7.21,28012700,,205152816.0
2025-01-03,7.23,7.3,7.01,7.03,27965803,,199934944.0
2025-01-06,7.1,7.32,7.05,7.13,29383515,,210413088.0
2025-01-07,7.13,7.22,7.05,7.21,23349368,,167011872.0
2025-01-08,7.16,7.18,6.91,7.1,27520600,,194143680.0
2025-01-09,7.06,7.15,7.03,7.09,18144370,,128890680.0
2025-01-10,7.11,7.15,6.9,6.9,20364000,,142824912.0
2025-01-13,6.84,7.07,6.81,7.02,22920500,,159952288.0
2025-01-14,7.01,7.27,6.96,7.23,34796304,,248311952.0
2025-01-15,7.23,7.33,7.12,7.24,35925260,,260172400.0
2025-01-16,7.24,7.42,7.17,7.24,29333080,,213770464.0
2025-01-17,7.24,7.36,7.21,7.27,19853400,,144393136.0
2025-01-20,7.29,7.39,7.21,7.23,20056140,,145740928.0
2025-01-21,7.25,7.27,7.08,7.1,20072446,,143013696.0
2025-01-22,7.06,7.08,6.98,7.05,17445500,,122428000.0
2025-01-23,7.13,7.21,6.96,6.96,23011428,,163221056.0
2025-01-24,6.96,7.08,6.92,7.06,21356572,,150106320.0
2025-01-27,7.08,7.17,6.96,6.96,18967900,,133526560.0
2025-02-05,7.0,7.13,6.99,7.05,23260980,,164484752.0
2025-02-06,7.05,7.26,7.0,7.26,30841624,,220985920.0
2025-02-07,7.26,7.4,7.23,7.31,38221724,,279824192.0
2025-02-10,7.32,7.39,7.24,7.35,27501588,,201187376.0
2025-02-11,7.34,7.36,7.19,7.22,24926776,,180073344.0
2025-02-12,7.21,7.59,7.18,7.41,54587048,,402030560.0
2025-02-13,7.36,7.49,7.33,7.35,38535344,,285483808.0
2025-02-14,7.36,7.52,7.31,7.33,31221380,,230817088.0
2025-02-17,7.33,7.37,7.23,7.26,27230424,,198106912.0
2025-02-18,7.3,7.39,7.21,7.26,42530372,,311358752.0
2025-02-19,7.25,7.5,7.17,7.49,54065031,,399625216.0
2025-02-20,7.48,7.56,7.37,7.51,42234480,,315659552.0
2025-02-21,7.51,8.26,7.5,7.98,125960608,,1001227264.0
2025-02-24,7.88,8.03,7.85,7.91,65228728,,517654240.0
2025-02-25,7.83,8.42,7.78,8.29,115368504,,941463872.0
2025-02-26,8.41,9.12,8.25,9.0,210433824,,1847585920.0
2025-02-27,8.8,9.0,8.7,8.83,137202944,,1210515584.0
2025-02-28,8.85,8.89,8.14,8.14,125160176,,1051852096.0
2025-03-03,8.23,8.44,8.15,8.21,80099216,,665168960.0
2025-03-04,8.09,8.25,8.04,8.15,51135128,,416991104.0
2025-03-05,8.14,8.19,7.93,8.11,59153968,,474949472.0
2025-03-06,8.13,8.24,8.11,8.2,53885888,,441122816.0
2025-03-07,8.17,8.31,8.05,8.11,46203180,,376856480.0
2025-03-10,8.15,8.38,8.13,8.24,57703940,,475567552.0
2025-03-11,8.16,8.44,8.13,8.31,57085828,,474268224.0
2025-03-12,8.35,8.46,8.21,8.3,60289407,,501126464.0
2025-03-13,8.28,8.32,8.08,8.12,46817568,,381779936.0
2025-03-14,8.12,8.18,8.0,8.16,36290984,,294623104.0
2025-03-17,8.16,8.18,8.1,8.14,30119706,,245312944.0
2025-03-18,8.17,8.28,8.08,8.16,41684632,,340744640.0
2025-03-19,8.16,8.18,8.06,8.08,31883136,,258239248.0
2025-03-20,8.09,8.09,7.97,7.98,33156192,,266072848.0
2025-03-21,7.95,8.03,7.79,7.8,35779340,,282512928.0
2025-03-24,7.77,7.81,7.53,7.7,35412656,,271332352.0
2025-03-25,7.73,7.81,7.68,7.75,24369292,,188598672.0
2025-03-26,7.78,8.0,7.75,7.86,32905436,,259797584.0
2025-03-27,7.83,7.86,7.7,7.77,21976820,,170894640.0
2025-03-28,7.72,7.8,7.62,7.64,20714400,,159073056.0
2025-03-31,7.6,7.61,7.37,7.46,24712888,,185025248.0
2025-04-01,7.48,7.54,7.46,7.49,16726250,,125320232.0
2025-04-02,7.46,7.59,7.44,7.54,16029195,,120844728.0
2025-04-03,7.45,7.58,7.4,7.46,16955300,,126813000.0
2025-04-07,6.95,7.14,6.71,6.71,37846692,,257888464.0
2025-04-08,6.7,6.84,6.58,6.74,42191128,,283122720.0
2025-04-09,6.65,6.8,6.28,6.74,36686344,,241684304.0
2025-04-10,6.96,7.0,6.83,6.85,31914320,,220299760.0
2025-04-11,6.79,6.96,6.76,6.88,23060200,,158956832.0
2025-04-14,6.96,7.05,6.95,7.0,21555800,,150814224.0
2025-04-15,7.0,7.02,6.9,6.93,16485000,,114536856.0
2025-04-16,6.89,6.93,6.7,6.82,18055350,,122959136.0
2025-04-17,6.76,6.9,6.76,6.83,14729165,,101119120.0
2025-04-18,6.82,6.87,6.75,6.84,14207100,,96684056.0
2025-04-21,6.84,6.88,6.79,6.87,16089540,,110174768.0
2025-04-22,6.85,6.88,6.76,6.83,17500464,,119426264.0
2025-04-23,6.83,7.01,6.83,6.95,25797440,,178959088.0
2025-04-24,7.03,7.65,7.03,7.38,88609976,,658389056.0
2025-04-25,7.2,7.3,7.18,7.21,42787364,,309792800.0
2025-04-28,7.21,7.23,6.93,6.94,32085620,,225191840.0
2025-04-29,6.79,6.96,6.76,6.88,21012800,,144562432.0
2025-04-30,6.88,7.02,6.88,6.98,21652456,,150329104.0
2025-05-06,7.08,7.14,7.04,7.14,26086072,,185360080.0
2025-05-07,7.23,7.27,7.09,7.14,26177264,,187544864.0
2025-05-08,7.15,7.28,7.12,7.23,23513864,,169787824.0
2025-05-09,7.23,7.23,7.11,7.19,18635258,,133611160.0
2025-05-12,7.24,7.29,7.21,7.29,21408564,,155406064.0
2025-05-13,7.38,7.4,7.2,7.23,21373636,,155391344.0
2025-05-14,7.2,7.28,7.17,7.24,17882012,,129261032.0
2025-05-15,7.24,7.24,7.1,7.11,16152882,,115492832.0
2025-05-16,7.09,7.21,7.08,7.18,15608978,,111870992.0
2025-05-19,7.17,7.18,7.06,7.16,14269957,,101625376.0
2025-05-20,7.15,7.19,7.11,7.18,13674600,,97839816.0
2025-05-21,7.17,7.24,7.14,7.21,20312600,,146329472.0
2025-05-22,7.2,7.24,7.08,7.09,18282000,,130343264.0
2025-05-23,7.09,7.24,7.0,7.0,24232500,,172543184.0
2025-05-26,6.99,7.02,6.93,6.99,16796796,,117165536.0
2025-05-27,7.0,7.03,6.92,7.02,15221600,,106297536.0
2025-05-28,7.02,7.03,6.9,6.91,13540487,,94071344.0
2025-05-29,6.92,7.01,6.9,6.99,13300766,,92789904.0
2025-05-30,6.96,6.97,6.84,6.86,18227728,,125463560.0
2025-06-03,6.86,6.89,6.8,6.84,15202712,,104123240.0
2025-06-04,6.82,6.99,6.82,6.97,17595672,,122027000.0
2025-06-05,6.97,6.98,6.92,6.94,15474507,,107507728.0
2025-06-06,6.97,7.02,6.93,6.96,13684000,,95453136.0
2025-06-09,6.96,7.01,6.95,6.98,14387001,,100510976.0
2025-06-10,7.0,7.2,6.98,7.06,42833180,,303726272.0
2025-06-11,7.05,7.16,7.02,7.1,27526500,,195747360.0
2025-06-12,7.08,7.08,7.0,7.01,18475656,,129680680.0
2025-06-13,6.99,7.0,6.88,6.88,18213616,,126083480.0
2025-06-16,6.84,6.91,6.84,6.9,10807110,,74329784.0
2025-06-17,6.9,6.97,6.88,6.94,13364000,,92581640.0
2025-06-18,6.92,6.92,6.84,6.88,12269004,,84344952.0
2025-06-19,6.91,7.24,6.88,7.06,52471719,,372600832.0
2025-06-20,7.0,7.15,6.95,6.97,33689900,,237784336.0
2025-06-23,6.83,7.05,6.83,7.03,26684868,,186448736.0
2025-06-24,7.08,7.36,7.05,7.31,66179800,,478295712.0
2025-06-25,7.3,7.45,7.25,7.34,51958960,,380494272.0
2025-06-26,7.33,7.5,7.26,7.26,51609116,,379815840.0
2025-06-27,7.31,7.42,7.26,7.27,38025432,,278606592.0
2025-06-30,7.29,7.32,7.2,7.26,28984392,,210111552.0
2025-07-01,7.28,7.29,7.15,7.21,22579908,,162521360.0
2025-07-02,7.22,7.31,7.16,7.29,32711608,,236726320.0
2025-07-03,7.29,7.35,7.21,7.3,30781400,,223889952.0
2025-07-04,7.27,7.28,7.12,7.13,30635384,,219656080.0
2025-07-07,7.11,7.15,7.08,7.11,14491020,,102946808.0
2025-07-08,7.11,7.28,7.11,7.26,32858600,,237223984.0
2025-07-09,7.26,7.3,7.2,7.23,22319984,,161896640.0
2025-07-10,7.24,7.29,7.21,7.24,19153974,,138676832.0
2025-07-11,7.26,7.34,7.21,7.29,32120892,,234181824.0
2025-07-14,7.42,7.65,7.41,7.44,71118200,,533978912.0
2025-07-15,7.32,7.42,7.17,7.23,48672308,,354070688.0
2025-07-16,7.23,7.27,7.18,7.2,22231800,,160459824.0
2025-07-17,7.2,7.45,7.17,7.35,47780304,,349355040.0
2025-07-18,7.35,7.73,7.35,7.65,103874424,,785913472.0
2025-07-21,7.7,7.81,7.58,7.74,83425176,,643106624.0
2025-07-29,8.1,8.5,7.86,8.12,182328064,,1499423232.0
2025-07-30,8.12,8.17,7.75,7.83,102529600,,810283648.0
2025-07-31,7.72,7.78,7.52,7.56,63563368,,483674752.0
2025-08-01,7.52,7.66,7.5,7.59,35600280,,270349344.0
2025-08-04,7.55,7.6,7.48,7.59,28065358,,211392000.0
2025-08-05,7.6,7.61,7.51,7.56,28002068,,211201296.0
2025-08-06,7.54,7.59,7.5,7.57,28646920,,216492016.0
2025-08-07,7.6,8.07,7.47,7.88,92705064,,721932736.0
2025-08-08,7.87,8.0,7.84,7.89,60779919,,480526912.0
2025-08-11,8.68,8.68,8.68,8.68,39261980,,340793984.0
2025-08-12,9.15,9.55,8.97,9.55,385947680,,3586695680.0
2025-08-13,9.5,9.98,9.38,9.74,360523904,,3477019136.0
2025-08-14,9.97,9.97,9.1,9.18,256165552,,2415829760.0
2025-08-15,9.08,9.56,9.05,9.28,187740992,,1754443776.0
2025-08-18,9.57,9.74,9.44,9.48,196212272,,1876798464.0
2025-08-19,9.41,9.44,9.18,9.28,146712448,,1364178944.0
2025-08-20,9.26,9.51,9.09,9.21,129612360,,1197368064.0
2025-08-21,9.15,9.24,8.94,8.99,112412232,,1016442048.0
2025-08-22,8.87,9.07,8.86,9.0,71957256,,646638912.0
2025-08-25,9.0,9.27,9.0,9.15,102255808,,933647104.0
2025-08-26,9.13,9.14,9.0,9.04,71365248,,646786560.0
2025-08-27,9.05,9.14,8.8,8.8,93818984,,844708928.0
2025-08-28,8.71,8.86,8.41,8.78,84546704,,732757760.0
2025-08-29,8.79,9.02,8.73,8.87,77433144,,688033280.0
2025-09-01,8.88,8.9,8.77,8.83,51840496,,457568672.0
2025-09-02,8.88,8.89,8.57,8.64,57708272,,502291040.0
2025-09-03,8.64,8.8,8.49,8.52,48252036,,416666752.0
2025-09-04,8.55,8.83,8.41,8.57,74232192,,642316672.0
2025-09-05,8.52,9.04,8.51,9.01,108912032,,966637696.0
2025-09-08,9.1,9.91,8.91,9.91,227010384,,2146243200.0
2025-09-09,10.06,10.7,9.91,10.21,291861120,,2997497856.0
2025-09-10,9.82,10.1,9.69,9.77,188472512,,1855844608.0
2025-09-11,9.77,9.91,9.65,9.8,116643096,,1140705024.0
2025-09-12,9.82,10.13,9.67,9.84,143702752,,1422969984.0
2025-09-15,9.9,10.3,9.86,10.24,185977392,,1888616704.0
2025-09-16,10.14,10.2,9.77,10.01,161706336,,1612588416.0
2025-09-17,10.02,10.34,9.87,10.14,156278096,,1585856128.0
2025-09-18,10.11,10.39,9.89,10.07,183470640,,1862169344.0
2025-09-19,9.96,10.28,9.83,9.92,123144456,,1237245952.0
2025-09-22,9.9,10.2,9.7,9.79,97750360,,961567296.0
2025-09-23,9.78,9.8,9.4,9.59,91124264,,873411392.0
2025-09-24,9.58,9.87,9.48,9.76,85059096,,823822720.0
2025-09-25,9.84,10.11,9.73,9.76,84071488,,832430336.0
2025-09-26,9.68,9.87,9.6,9.62,62787068,,608715520.0
2025-09-29,9.61,9.83,9.59,9.8,72706192,,708418752.0
2025-09-30,9.82,10.18,9.72,10.02,103834928,,1041017152.0
2025-10-09,10.2,10.35,10.01,10.25,125870063,,1283868032.0
2025-10-10,10.2,10.45,9.91,9.96,103927520,,1050307392.0
2025-10-13,9.36,10.1,9.32,10.01,94626552,,919748160.0
2025-10-14,10.14,10.18,9.61,9.67,78530088,,776964096.0
2025-10-15,9.7,9.95,9.54,9.75,61563064,,598547584.0
2025-10-16,9.71,10.73,9.65,10.39,247120160,,2595831296.0
2025-10-17,10.5,10.65,9.98,9.99,186485296,,1906306944.0
2025-10-20,10.19,10.25,9.85,9.95,97042488,,971474368.0
2025-10-21,10.02,10.39,9.9,10.0,118362615,,1193689984.0
2025-10-22,9.9,10.25,9.55,9.8,125976472,,1240485504.0
2025-10-23,9.67,9.88,9.46,9.82,94622768,,916569536.0
2025-10-24,9.86,10.3,9.81,9.95,123218128,,1242605440.0
2025-10-27,10.13,10.15,9.84,10.03,90587504,,906173312.0
2025-10-28,9.97,10.2,9.91,10.03,76952320,,773395200.0
2025-10-29,9.99,10.35,9.91,10.32,128212408,,1300507776.0
2025-10-30,10.25,11.35,10.22,11.35,339078304,,3763425024.0
2025-10-31,11.59,11.93,11.28,11.31,396238336,,4602279936.0
2025-11-03,11.22,11.3,10.92,11.14,194333552,,2154185472.0
2025-11-04,11.15,11.29,10.75,10.84,147619104,,1621079168.0
2025-11-05,10.82,11.1,10.65,10.95,151039968,,1643292544.0
2025-11-06,10.89,11.25,10.76,11.19,166168160,,1837249408.0
2025-11-07,11.4,12.26,11.28,11.76,307757696,,3596222208.0
2025-11-10,11.98,12.42,11.7,11.81,282597088,,3401579520.0
2025-11-11,11.85,11.97,11.61,11.65,153023856,,1796818176.0
2025-11-12,11.61,11.8,11.26,11.52,131222663,,1514240000.0
2025-11-13,11.57,12.39,11.55,12.18,203812672,,2463438592.0
2025-11-14,11.9,12.1,11.55,11.55,145976928,,1718399104.0
2025-11-17,11.76,12.5,11.75,12.35,223187392,,2733344000.0
2025-11-18,12.5,12.58,11.83,11.92,168783008,,2046501760.0
2025-11-19,12.0,12.58,11.99,12.18,226288592,,2778148352.0
2025-11-20,12.1,12.87,12.0,12.26,217095360,,2711094528.0
2025-11-21,11.5,11.64,11.03,11.03,137313488,,1529712384.0
2025-11-24,10.75,10.9,9.93,10.04,173268816,,1747808768.0
2025-11-25,10.04,10.43,9.93,10.32,126028184,,1279708032.0
2025-11-26,10.37,10.6,10.12,10.23,98863968,,1019584832.0
2025-11-27,10.13,10.31,10.05,10.07,74209888,,753960640.0
2025-11-28,10.08,10.35,10.03,10.34,81925352,,838548096.0
2025-12-01,10.32,10.5,10.18,10.23,70252264,,724352320.0
2025-12-02,10.13,10.15,9.9,9.94,67002692,,668273664.0
2025-12-03,10.01,10.05,9.48,9.52,88564016,,854000960.0
2025-12-04,9.51,9.61,9.38,9.57,56921880,,542345600.0
2025-12-05,9.49,9.61,9.34,9.56,58729536,,558071040.0
2025-12-08,9.56,9.79,9.52,9.65,68257736,,658985920.0
2025-12-09,9.6,9.62,9.43,9.45,50725288,,482030720.0
2025-12-10,9.48,9.62,9.36,9.53,48199424,,457168416.0
2025-12-11,9.59,9.7,9.48,9.49,62973248,,603813184.0
2025-12-12,9.66,9.7,9.33,9.38,62686876,,592033792.0
2025-12-15,9.34,9.45,9.25,9.32,39582992,,369193248.0
2025-12-16,9.35,9.37,9.01,9.1,56638400,,516958464.0
2025-12-17,9.26,9.44,9.16,9.43,77592632,,722805952.0
2025-12-18,9.3,9.46,9.22,9.22,51018184,,475611520.0
2025-12-19,9.24,9.51,9.18,9.44,60059731,,562243008.0
2025-12-22,9.58,9.75,9.5,9.67,77253816,,745892096.0
2025-12-23,9.65,9.83,9.59,9.73,69344864,,673380736.0
2025-12-24,9.77,9.91,9.7,9.8,69443488,,679318400.0
2025-12-25,9.6,9.93,9.56,9.86,70550840,,689818368.0
2025-12-26,10.01,10.15,9.93,10.1,103577416,,1040675904.0
2025-12-29,10.05,10.05,9.75,9.76,76092632,,750121920.0
2025-12-30,9.64,10.05,9.57,9.9,69607920,,684014720.0
2025-12-31,9.9,9.99,9.72,9.74,46148944,,452328576.0
2026-01-05,9.83,9.95,9.66,9.91,65448260,,642858368.0
2026-01-06,10.11,10.23,9.96,10.17,89819352,,909082240.0
2026-01-07,10.17,10.36,10.05,10.1,68093584,,692381056.0
2026-01-08,10.05,10.22,9.95,10.04,63379624,,639256640.0
2026-01-09,9.96,10.2,9.94,10.1,62386192,,630312960.0
2026-01-12,10.3,10.53,10.22,10.39,89624512,,929122304.0
2026-01-13,10.39,10.86,10.27,10.46,144283024,,1518760704.0
2026-01-14,10.38,10.55,10.01,10.16,125174592,,1291538176.0
2026-01-15,10.02,10.28,10.01,10.09,63719068,,647364288.0
2026-01-16,10.15,10.2,9.8,9.89,71458928,,710977792.0
2026-01-19,9.83,10.19,9.81,10.09,67734957,,682119936.0
2026-01-20,10.18,10.21,9.75,9.9,78297168,,776119872.0
2026-01-21,9.9,10.18,9.89,10.12,81108280,,818421056.0
2026-01-22,10.12,10.24,10.07,10.17,62136692,,630668736.0
2026-01-23,10.2,10.78,10.19,10.72,135510988,,
