日期,开盘,最高,最低,收盘,成交量,股票代码,成交额
2015-09-02,37.1,39.86,36.03,39.86,2045795,,78834568.0
2015-09-07,38.96,41.82,38.86,39.9,1343080,,53883728.0
2015-09-08,39.15,41.08,39.0,40.8,1276883,,51233728.0
2015-09-09,41.0,41.76,40.31,41.13,2672745,,109894160.0
2015-09-10,39.5,40.04,38.13,39.4,2947961,,115109680.0
2015-09-11,38.99,39.09,36.72,37.42,2707661,,101825760.0
2015-09-14,36.9,37.3,33.68,33.68,2058300,,71890640.0
2015-09-15,30.71,32.0,30.31,30.31,2163191,,66402772.0
2015-09-16,29.0,33.12,29.0,32.29,3603898,,109942504.0
2015-09-17,30.9,31.97,29.58,29.58,3105610,,95632808.0
2015-09-18,29.5,29.96,27.6,28.86,2157759,,62067436.0
2015-09-21,28.45,29.99,28.4,29.84,2441787,,71834424.0
2015-09-22,29.8,30.66,29.8,30.21,2399496,,72517528.0
2015-09-23,29.5,31.8,29.11,31.2,3608258,,110360096.0
2015-09-24,30.99,31.8,30.6,31.05,2568684,,80028008.0
2015-09-25,31.13,31.13,28.17,28.44,1971300,,58274988.0
2015-09-28,28.3,29.53,28.2,29.38,1257958,,36501004.0
2015-09-29,28.71,29.08,28.25,28.6,1036951,,29772578.0
2015-09-30,28.71,31.0,28.71,29.99,2030074,,61108364.0
2015-10-08,30.82,32.84,30.3,32.74,3028936,,95025000.0
2015-10-09,32.5,34.38,31.38,34.18,3494898,,114028008.0
2015-10-12,33.7,36.11,33.7,35.2,4722551,,166180240.0
2015-10-13,34.45,35.16,34.01,34.48,2117634,,72895280.0
2015-10-14,34.22,34.9,32.95,32.95,2284369,,77267008.0
2015-10-15,33.05,34.2,32.81,34.06,2896329,,97184736.0
2015-10-16,34.28,34.74,33.5,34.69,3006350,,103131128.0
2015-10-19,34.7,36.08,34.7,35.35,3362028,,118930360.0
2015-10-20,35.35,35.37,34.01,35.19,2327013,,81169824.0
2015-10-21,35.25,37.0,34.35,35.87,5556479,,199050640.0
2015-10-22,35.68,39.16,35.0,38.79,7216298,,266298080.0
2015-10-23,38.05,38.57,36.9,38.01,5453900,,205077728.0
2015-10-26,38.0,38.6,37.16,38.55,5103966,,194597216.0
2015-10-27,37.98,38.3,35.3,38.04,4058836,,151258752.0
2015-10-28,37.5,38.36,36.8,37.0,3155864,,118943304.0
2015-10-29,37.46,37.76,36.85,37.32,2362120,,88185008.0
2015-10-30,37.57,37.57,36.11,36.9,2617143,,96699832.0
2015-11-02,36.81,38.5,36.48,37.55,4926775,,185391600.0
2015-11-03,37.5,38.92,37.08,38.9,4532071,,173233568.0
2015-11-04,39.0,42.5,38.33,42.0,6439309,,257503088.0
2015-11-05,41.5,43.43,41.21,42.9,5174742,,219229728.0
2015-11-06,42.66,43.36,42.5,43.01,3924658,,168297952.0
2015-11-09,42.1,44.99,40.68,44.0,6257180,,268680320.0
2015-11-10,43.5,46.32,43.34,45.75,5920255,,266239712.0
2015-11-11,45.97,48.8,45.1,48.2,5300150,,248472864.0
2015-11-12,48.2,51.91,47.5,50.18,4796141,,235104464.0
2015-11-13,48.35,48.82,45.16,45.16,5449432,,253311296.0
2015-11-16,42.5,44.8,42.14,44.3,2347878,,102601056.0
2015-11-17,44.98,45.55,43.13,43.44,3112254,,139100816.0
2015-11-18,43.6,43.95,41.41,41.49,2293092,,97261576.0
2015-11-19,41.99,43.5,41.74,43.45,2110588,,90049784.0
2015-11-20,43.8,44.83,43.31,43.5,3701501,,162426208.0
2015-11-23,43.56,44.2,42.58,42.74,2692875,,116398504.0
2015-11-24,42.74,45.8,42.5,45.5,5045030,,221094144.0
2015-11-25,45.0,46.77,44.59,45.91,3775583,,172545488.0
2015-11-26,45.9,47.98,45.51,45.95,4221561,,198144256.0
2015-11-27,45.0,49.1,44.8,47.58,5340134,,249079936.0
2015-11-30,47.55,52.33,46.88,52.33,7527959,,376376736.0
2015-12-01,51.1,52.36,47.12,48.27,6144532,,306984416.0
2015-12-02,46.8,48.2,43.66,45.7,3412506,,156397984.0
2015-12-03,45.8,48.05,45.78,47.85,2837112,,133916888.0
2015-12-04,47.3,49.5,46.48,46.8,3525962,,169254960.0
2015-12-07,46.5,47.74,46.01,46.93,2183208,,101991672.0
2015-12-08,46.49,48.32,46.2,47.42,2591286,,122466248.0
2015-12-09,46.79,47.43,44.66,45.0,2420201,,110765384.0
2015-12-10,44.98,45.38,43.33,43.39,2420615,,106858208.0
2015-12-11,43.48,43.93,43.05,43.85,1247338,,54277700.0
2015-12-14,43.22,45.1,42.51,44.98,1680030,,73345720.0
2015-12-15,44.9,45.52,44.54,44.66,1488111,,66997480.0
2015-12-16,45.0,46.58,44.99,45.75,2028111,,93007968.0
2015-12-17,46.0,47.68,46.0,47.68,3150609,,147869264.0
2015-12-18,47.6,47.8,46.0,46.4,2551076,,119543328.0
2015-12-21,46.18,47.19,45.86,47.0,1812941,,84495632.0
2015-12-22,47.53,47.79,46.82,47.5,1815686,,86027440.0
2015-12-23,47.58,49.09,47.3,48.3,2990241,,144126400.0
2015-12-24,48.0,49.2,46.69,49.05,2428891,,116657472.0
2015-12-25,49.53,49.89,48.12,49.14,2695536,,131838080.0
2015-12-28,49.12,49.3,45.99,45.99,2632391,,126157696.0
2015-12-29,45.55,46.9,45.19,46.89,2118029,,97623104.0
2015-12-30,46.7,47.38,46.25,47.0,1487417,,69493368.0
2015-12-31,47.4,47.4,45.0,47.18,1772291,,81967792.0
2016-01-04,45.9,46.18,42.46,42.46,1152281,,50724020.0
2016-01-05,39.6,41.85,38.22,40.1,1957178,,78796008.0
2016-01-06,40.5,43.5,40.2,43.15,1774978,,73940144.0
2016-01-07,42.06,42.06,38.84,38.85,350400,,14207202.0
2016-01-08,40.4,40.66,36.6,39.55,1997675,,78370152.0
2016-01-11,39.56,39.56,35.6,37.76,1933566,,71791920.0
2016-01-12,36.96,37.0,35.65,36.6,1713937,,62305888.0
2016-01-13,36.7,37.03,33.94,33.98,1273200,,45705700.0
2016-01-14,32.51,35.59,32.07,35.1,1562925,,52907924.0
2016-01-15,34.93,34.99,31.6,31.85,1477934,,49232628.0
2016-01-18,30.68,33.42,30.5,32.99,1267799,,41385256.0
2016-01-19,32.5,35.2,32.5,34.7,1269084,,42971292.0
2016-01-20,34.88,35.1,34.02,34.5,1101209,,38134140.0
2016-01-21,34.09,35.1,32.61,32.71,1582292,,53851188.0
2016-01-22,33.02,33.99,32.56,33.59,913800,,30344800.0
2016-01-25,33.98,34.95,33.95,34.45,1229311,,42452688.0
2016-01-26,34.3,34.3,31.01,31.01,1215290,,39240756.0
2016-01-27,32.44,32.44,29.01,31.04,1157900,,35006728.0
2016-01-28,30.58,30.95,29.0,29.3,862800,,26125786.0
2016-01-29,29.3,31.48,29.22,30.81,1061500,,32408080.0
2016-02-01,30.65,32.69,30.65,31.45,1567008,,49670252.0
2016-02-02,31.4,32.76,31.4,32.55,958694,,31032920.0
2016-02-03,32.12,32.97,31.88,32.75,703968,,22784628.0
2016-02-04,32.77,35.44,32.76,35.1,1397541,,47261700.0
2016-02-05,35.01,36.48,34.5,35.02,1654650,,58245904.0
2016-02-15,33.05,38.52,32.95,35.34,1631904,,56830616.0
2016-02-16,35.3,37.5,35.3,37.07,1915775,,69916064.0
2016-02-17,36.55,38.48,35.88,37.83,2457402,,90859984.0
2016-02-18,38.1,39.3,37.49,38.18,2156202,,82169312.0
2016-02-19,38.58,38.93,37.6,38.28,1876943,,71751936.0
2016-02-22,38.5,39.58,38.1,39.2,2605446,,101623056.0
2016-02-23,39.3,41.8,38.88,40.25,2892822,,116831352.0
2016-02-24,40.27,41.41,39.32,40.89,2981058,,120738520.0
2016-02-25,41.0,41.0,36.8,36.8,3026462,,116903168.0
2016-02-26,36.7,37.51,34.46,35.18,1975286,,70842560.0
2016-02-29,35.38,35.44,31.66,31.66,2161260,,69898464.0
2016-03-01,31.66,33.0,30.75,32.02,1774343,,56315284.0
2016-03-02,32.02,33.77,32.02,33.77,1993297,,65579464.0
2016-03-03,33.4,34.3,33.1,33.15,1707331,,57456076.0
2016-03-04,32.95,32.95,30.4,30.69,1593521,,50499420.0
2016-03-07,31.31,32.28,31.1,31.77,1028870,,32710686.0
2016-03-08,31.93,32.48,30.1,32.24,1338410,,42070124.0
2016-03-09,31.5,32.2,31.12,31.45,797901,,25355322.0
2016-03-10,31.46,32.36,31.46,31.77,1138155,,36388352.0
2016-03-11,31.7,34.89,30.94,34.1,2085720,,69183056.0
2016-03-14,34.01,37.48,34.01,37.34,3222196,,115307256.0
2016-03-15,37.2,37.2,35.55,36.9,2677929,,97297152.0
2016-03-16,38.5,38.5,35.77,36.18,2696134,,99327256.0
2016-06-30,15.86,15.86,15.86,15.86,125550,,1991223.0
2016-07-01,17.45,17.45,17.45,17.45,79200,,1382040.0
2016-07-04,19.2,19.2,19.2,19.2,82400,,1582080.0
2016-07-05,21.12,21.12,21.12,21.12,160427,,3388218.25
2016-07-06,23.23,23.23,23.23,23.23,216069,,5019283.0
2016-07-07,25.55,25.55,25.55,25.55,185602,,4742131.0
2016-07-08,28.11,28.11,28.11,28.11,286050,,8040865.5
2016-07-11,30.92,30.92,30.92,30.92,395991,,12244042.0
2016-07-14,34.01,34.01,34.01,34.01,3947146,,134242432.0
2016-07-15,37.41,37.41,37.41,37.41,4254670,,159167200.0
2016-07-18,37.42,39.5,34.21,37.44,37125062,,1367152384.0
2016-07-19,36.65,39.28,36.43,37.85,28360928,,1075908480.0
2016-07-20,37.0,37.36,35.76,36.2,21746424,,791589184.0
2016-07-21,35.22,35.48,32.58,32.77,29686665,,999800512.0
2016-07-22,32.6,33.5,32.03,32.81,17982410,,590421312.0
2016-07-25,32.15,32.5,31.2,31.67,13756807,,435122752.0
2016-07-26,31.76,33.0,31.48,31.8,14200164,,457735104.0
2016-07-27,31.0,31.19,28.62,29.76,17652993,,524419264.0
2016-07-28,29.3,30.3,29.01,30.14,14167887,,423660416.0
2016-07-29,29.5,29.79,28.78,29.39,7330889,,215647344.0
2016-08-01,29.34,29.36,27.6,28.71,6492090,,185059648.0
2016-08-02,28.6,30.37,28.13,29.41,10540790,,312322272.0
2016-08-03,29.5,29.6,28.63,29.12,9303692,,270739104.0
2016-08-04,28.4,30.66,28.33,29.98,17787355,,530945888.0
2016-08-05,29.5,29.68,28.15,28.4,13667926,,395384800.0
2016-08-08,28.0,28.16,27.02,28.15,7642534,,212295200.0
2016-08-09,28.07,28.88,27.96,28.75,7606759,,216880560.0
2016-08-10,28.69,29.75,28.55,28.9,9343110,,272495776.0
2016-08-11,28.6,30.47,28.08,29.74,21823598,,645765760.0
2016-08-12,29.6,29.89,29.09,29.86,13813532,,407765184.0
2016-08-15,30.2,31.47,29.74,30.92,17968358,,551775296.0
2016-08-16,30.5,31.87,30.2,31.15,18644165,,578948032.0
2016-08-17,30.59,31.15,30.2,30.25,10844350,,331502720.0
2016-08-18,30.39,30.99,29.69,29.7,8854741,,267455408.0
2016-08-19,29.7,30.52,29.54,30.31,8540468,,257659552.0
2016-08-22,30.0,31.09,28.1,28.1,12248146,,365724960.0
2016-08-23,27.93,28.45,26.85,27.33,12348199,,340015296.0
2016-08-24,27.43,27.54,27.18,27.45,5741509,,157049456.0
2016-08-25,27.23,27.69,26.81,27.58,6690871,,182599584.0
2016-08-26,27.61,28.1,27.03,27.18,6247589,,172686176.0
2016-08-29,26.99,27.93,26.81,27.55,4700567,,128950336.0
2016-08-30,27.5,27.72,27.2,27.28,3217302,,88166688.0
2016-08-31,27.35,27.65,27.19,27.48,3600599,,98648416.0
2016-09-01,27.38,28.24,27.24,27.69,6517262,,180632016.0
2016-09-02,27.56,27.7,27.1,27.12,4656471,,127502152.0
2016-09-05,27.15,27.5,27.12,27.3,2890450,,78971496.0
2016-09-06,27.32,28.4,27.17,28.08,7821924,,217896832.0
2016-09-07,28.09,28.55,27.7,27.76,5419155,,152170768.0
2016-09-08,27.76,28.4,27.59,28.21,5457760,,152892080.0
2016-09-09,28.4,28.79,27.87,27.96,5079150,,143245408.0
2016-09-12,27.01,27.5,26.5,27.33,5705029,,155165296.0
2016-09-13,27.33,27.5,26.85,27.1,3105494,,84089664.0
2016-09-26,27.8,29.81,27.75,28.65,16824339,,488705760.0
2016-09-27,28.08,28.09,27.02,28.07,10008835,,276057344.0
2016-09-28,28.6,30.68,28.15,30.18,16943098,,504213120.0
2016-09-29,30.18,30.54,29.4,30.52,12608333,,379109056.0
2016-09-30,31.0,31.0,29.6,30.0,9510303,,286411360.0
2016-10-10,29.61,30.49,28.81,30.04,8349403,,247104592.0
2016-10-11,29.81,30.08,29.21,29.87,7542600,,223223312.0
2016-10-12,29.66,30.55,29.4,29.55,7428082,,222338672.0
2016-10-13,29.15,29.41,28.62,29.12,6268449,,181594160.0
2016-10-14,28.98,29.0,28.15,28.67,4955257,,141520512.0
2016-10-17,28.6,29.56,28.4,28.76,5492518,,159044784.0
2016-10-18,28.75,31.59,28.53,31.11,16027142,,482736320.0
2016-10-19,31.3,33.85,31.3,33.04,22308641,,724852800.0
2016-10-20,32.65,35.43,31.81,34.85,21444823,,724462592.0
2016-10-21,34.0,34.84,33.1,34.38,10871149,,370652192.0
2016-10-24,34.38,34.38,33.37,33.88,6425237,,216699552.0
2016-10-25,33.88,34.97,32.56,32.8,9955073,,332145152.0
2016-10-26,32.87,32.98,31.6,31.92,7718337,,248095152.0
2016-10-27,32.0,32.42,31.36,32.01,6370277,,204352624.0
2016-10-28,32.02,32.95,30.88,30.9,8552330,,274939968.0
2016-10-31,30.75,31.79,29.96,31.5,5809365,,180481104.0
2016-11-01,31.5,31.69,30.94,31.39,4995848,,156758256.0
2016-11-02,31.44,31.56,30.22,30.44,6654110,,204443232.0
2016-11-03,30.01,30.91,29.65,30.26,5771991,,175474896.0
2016-11-04,30.0,30.57,29.93,30.08,3872493,,116908032.0
2016-11-07,29.78,30.09,29.37,29.57,3754168,,111309152.0
2016-11-08,29.61,32.51,29.61,32.1,9336412,,289587776.0
2016-11-09,32.1,32.3,30.53,31.06,7597759,,238993120.0
2016-11-10,31.27,31.58,30.78,31.1,5241821,,163007872.0
2016-11-11,31.18,31.33,29.96,30.05,6376387,,194326224.0
2016-11-14,29.8,30.36,29.7,29.8,4222530,,126453784.0
2016-11-15,29.93,30.23,29.8,30.11,2838189,,85192720.0
2016-11-16,30.29,30.79,30.05,30.36,4368664,,133501456.0
2016-11-17,30.4,30.98,29.7,29.78,5658943,,171600800.0
2016-11-18,29.7,30.58,28.81,30.42,7398544,,219033376.0
2016-11-21,30.27,30.99,30.08,30.59,5353837,,163921744.0
2016-11-22,30.35,30.75,30.22,30.4,3877342,,117809440.0
2016-11-23,30.58,31.05,30.1,30.24,5525238,,169039856.0
2016-11-24,30.54,30.89,30.19,30.27,3799861,,115831912.0
2016-11-25,29.9,30.35,28.7,29.65,4710474,,138604976.0
2016-11-28,29.5,29.79,29.08,29.11,2536650,,74451192.0
2016-11-29,29.13,29.3,28.25,28.32,3759019,,107588712.0
2016-11-30,28.36,28.9,28.33,28.69,2061309,,59028016.0
2016-12-01,28.7,28.92,28.19,28.4,1900806,,53904496.0
2016-12-02,28.43,28.6,27.5,27.61,3386350,,94128360.0
2016-12-05,27.58,27.89,26.66,27.87,1574662,,43286000.0
2016-12-06,27.91,28.55,27.76,28.32,2137883,,60285880.0
2016-12-07,28.08,28.54,28.08,28.38,1389880,,39325112.0
2016-12-08,28.4,28.45,27.6,27.64,1706639,,47665872.0
2016-12-09,27.5,27.83,27.5,27.66,1546351,,42824504.0
2016-12-12,27.66,27.66,25.08,25.21,2724650,,71547952.0
2016-12-13,25.21,25.35,24.28,24.55,1733250,,42899760.0
2016-12-14,24.5,24.54,23.07,23.33,3690367,,87329648.0
2016-12-15,23.06,24.4,23.06,23.92,3528742,,84384632.0
2016-12-16,23.76,24.33,23.76,23.93,1813950,,43500580.0
2016-12-19,23.93,26.32,23.93,26.32,4984746,,129485272.0
2016-12-20,26.5,28.49,25.69,26.63,8150145,,220474528.0
2016-12-21,27.0,27.0,26.01,26.26,3877511,,102169120.0
2016-12-22,26.5,26.5,25.71,25.86,2556073,,66392572.0
2016-12-23,25.86,26.28,25.5,25.5,2004978,,51820908.0
2016-12-26,25.4,25.65,24.49,25.62,1732446,,43316324.0
2016-12-27,25.62,26.28,25.52,25.53,1811754,,46830728.0
2016-12-28,25.55,26.6,25.55,25.97,2135096,,55700652.0
2016-12-29,25.95,25.95,25.31,25.46,1358034,,34701484.0
2016-12-30,25.46,25.79,24.86,24.93,1678743,,42188412.0
2017-01-03,24.91,25.25,24.86,25.07,938416,,23507322.0
2017-01-04,25.2,26.56,24.8,26.44,4719758,,122989256.0
2017-01-05,26.32,26.32,25.83,25.83,2599540,,67634792.0
2017-01-06,25.6,26.02,25.33,25.4,1350135,,34596928.0
2017-01-09,25.21,25.95,25.21,25.54,1373809,,35190292.0
2017-01-10,25.54,25.64,24.85,25.05,1654472,,41549756.0
2017-01-11,24.9,25.25,24.58,24.59,1163038,,28822946.0
2017-01-12,24.9,24.95,23.65,23.91,1640941,,40100880.0
2017-01-13,24.2,24.3,23.62,23.88,1260240,,30222310.0
2017-01-16,23.72,23.76,21.49,22.09,1882095,,42439452.0
2017-01-17,21.83,23.16,21.83,22.79,2444267,,55886152.0
2017-01-18,22.71,23.04,22.4,22.85,1020585,,23312170.0
2017-01-19,23.0,23.0,22.64,22.68,855094,,19471472.0
2017-01-20,22.68,23.18,22.67,23.08,1057884,,24320796.0
2017-01-23,23.1,24.4,23.08,23.89,1777225,,42155404.0
2017-01-24,23.89,23.98,23.4,23.59,1050813,,24827430.0
2017-01-25,23.41,23.98,23.41,23.59,939920,,22295330.0
2017-01-26,23.59,23.98,23.57,23.82,728874,,17374202.0
2017-02-03,23.99,24.0,23.03,23.82,456500,,10845966.0
2017-02-06,23.85,24.15,23.79,24.15,1045954,,24993256.0
2017-02-07,24.12,24.12,23.68,23.81,733433,,17502784.0
2017-02-08,23.72,23.96,23.32,23.88,937567,,22251820.0
2017-02-09,23.73,25.49,23.73,24.32,2259317,,55481036.0
2017-02-10,24.24,24.41,23.99,24.1,1383223,,33410364.0
2017-02-13,24.1,24.29,23.71,23.96,1522387,,36491792.0
2017-02-14,23.94,24.15,23.82,23.94,866237,,20744804.0
2017-02-15,23.9,24.07,23.6,23.62,970175,,23128962.0
2017-02-16,23.6,24.4,23.4,24.21,1752334,,41856248.0
2017-02-17,24.28,24.28,23.7,23.71,1229122,,29385912.0
2017-02-20,23.59,23.98,23.51,23.77,1149282,,27337760.0
2017-02-21,23.87,24.08,23.67,23.96,979535,,23423480.0
2017-02-22,23.99,24.5,23.89,24.16,1503042,,36397260.0
2017-02-23,24.02,24.45,23.82,24.36,2415600,,58381848.0
2017-02-24,24.21,24.59,24.16,24.27,1338477,,32540840.0
2017-02-27,24.36,25.36,24.22,25.07,4317990,,107815856.0
2017-02-28,25.6,27.49,25.2,26.95,7006709,,185786240.0
2017-03-01,27.43,27.49,26.4,26.75,4770628,,128311176.0
2017-03-02,26.61,27.8,26.4,27.37,4807612,,130837808.0
2017-03-03,27.2,28.43,26.83,27.5,4694027,,130018544.0
2017-03-06,27.2,27.95,27.0,27.79,3580518,,98527856.0
2017-03-07,27.79,27.82,26.64,27.05,3565907,,96977312.0
2017-03-08,26.89,27.09,26.39,26.52,2376687,,63381352.0
2017-03-09,26.52,26.79,25.8,26.26,1836388,,48187784.0
2017-03-10,26.28,26.8,26.21,26.4,1738108,,46113448.0
2017-03-13,26.32,26.8,26.03,26.38,2103391,,55709272.0
2017-03-14,26.5,26.66,26.09,26.09,1639216,,43289392.0
2017-03-15,25.95,26.36,25.8,26.09,1326241,,34669324.0
2017-03-16,26.17,26.66,26.09,26.59,1493349,,39459880.0
2017-03-17,26.65,26.85,26.0,26.07,1784350,,47256024.0
2017-03-20,26.09,26.37,25.85,26.22,1310251,,34146392.0
2017-03-21,26.2,26.2,25.65,25.73,1730363,,44762240.0
2017-03-22,25.69,25.9,25.05,25.41,1351205,,34394912.0
2017-03-23,25.5,25.8,24.85,25.17,1662377,,42104388.0
2017-03-24,25.1,25.51,24.86,25.51,1920177,,48194568.0
2017-03-27,25.57,26.16,25.3,25.79,1596652,,41227628.0
2017-03-28,25.59,25.94,25.58,25.8,1044160,,26923108.0
2017-03-29,28.37,28.38,26.8,26.8,11888016,,329714624.0
2017-03-30,26.01,26.8,25.15,26.3,6846313,,179123984.0
2017-03-31,25.87,26.85,25.8,26.51,3593522,,94466808.0
2017-04-05,26.09,27.0,26.08,26.83,3855250,,102725744.0
2017-04-06,26.71,27.4,26.62,26.95,4798168,,129893512.0
2017-04-07,26.69,27.21,26.66,26.72,2267679,,60925540.0
2017-04-10,26.61,26.9,25.5,25.6,2363200,,62087548.0
2017-04-11,25.53,25.97,25.3,25.8,2063224,,52831360.0
2017-04-12,25.61,25.88,25.4,25.4,1049600,,26860652.0
2017-04-13,25.41,25.75,25.39,25.48,722150,,18424312.0
2017-04-14,25.4,25.6,24.86,25.48,1330659,,33547848.0
2017-04-17,25.26,25.6,25.05,25.23,677950,,17147084.0
2017-04-18,25.2,25.58,25.0,25.1,928450,,23520420.0
2017-04-19,25.19,25.19,24.02,24.38,1034700,,25372056.0
2017-04-20,24.38,24.56,24.0,24.02,676453,,16381202.0
2017-04-21,24.21,24.21,23.85,24.02,564850,,13553925.0
2017-04-24,24.19,24.7,23.62,23.74,1154950,,27910040.0
2017-04-25,23.65,24.61,23.13,24.6,1608550,,38682288.0
2017-04-26,24.43,24.96,24.28,24.95,824212,,20281260.0
2017-04-27,24.61,25.14,23.75,25.07,1621252,,39728720.0
2017-04-28,24.91,25.94,24.86,25.72,1860400,,47535732.0
2017-05-02,25.79,25.95,25.6,25.79,900379,,23179514.0
2017-05-03,25.69,25.69,25.2,25.33,562501,,14298366.0
2017-05-04,25.16,25.59,25.08,25.28,618952,,15698076.0
2017-05-05,25.28,25.45,25.1,25.3,471850,,11940155.0
2017-05-08,25.06,25.96,24.59,25.81,1309087,,33089576.0
2017-05-09,25.8,26.09,25.39,26.05,1161300,,29970424.0
2017-05-10,26.05,26.15,25.4,26.0,1185900,,30532576.0
2017-05-11,26.06,26.06,24.8,25.95,1323764,,33813396.0
2017-05-12,25.93,26.25,25.31,26.23,1432371,,37112424.0
2017-05-15,26.29,26.4,25.86,26.0,797583,,20768634.0
2017-05-16,25.94,26.57,25.65,26.4,1337820,,34971532.0
2017-05-17,26.27,26.5,25.95,26.28,1240366,,32417166.0
2017-05-18,25.99,26.26,25.85,26.25,996617,,26014800.0
2017-05-19,26.38,26.39,25.9,25.9,569400,,14839987.0
2017-05-22,25.76,25.95,24.78,25.7,1125238,,28452604.0
2017-05-23,25.2,25.91,25.15,25.68,1003814,,25650868.0
2017-05-24,25.89,26.78,25.72,26.7,2872788,,75841632.0
2017-05-25,26.65,26.78,26.1,26.68,2421205,,64166416.0
2017-05-26,26.75,28.49,26.42,27.53,5298402,,146775520.0
2017-05-31,27.49,27.97,26.9,27.29,3257167,,89043944.0
2017-06-01,27.58,27.88,25.51,26.64,4153137,,112411112.0
2017-06-02,25.92,26.65,25.51,26.52,1825768,,47737596.0
2017-06-05,26.41,26.63,26.03,26.5,1193704,,31429568.0
2017-06-06,26.4,26.45,25.96,26.2,1147200,,30030134.0
2017-06-07,26.2,26.65,26.01,26.44,1606260,,42455708.0
2017-06-08,26.45,26.82,26.05,26.8,2165007,,57335784.0
2017-06-09,26.8,27.3,26.0,26.77,3703344,,98335760.0
2017-06-12,26.78,26.78,26.05,26.29,1623891,,42644852.0
2017-06-13,26.1,26.69,26.1,26.43,1272453,,33601336.0
2017-06-14,26.38,26.95,26.22,26.66,1623754,,43304644.0
2017-06-15,26.66,26.8,26.35,26.62,1286000,,34135048.0
2017-06-16,26.66,26.85,26.01,26.03,2031000,,53550660.0
2017-06-19,25.88,26.09,25.08,25.2,2563029,,65211080.0
2017-06-20,25.2,25.5,24.98,24.98,1922741,,48463044.0
2017-06-21,25.07,25.15,24.76,24.97,1055328,,26308052.0
2017-06-22,24.97,25.24,24.8,24.9,1322850,,33072300.0
2017-06-23,24.82,25.32,24.71,25.32,1232850,,30880036.0
2017-06-26,25.34,25.7,24.88,25.69,1558779,,39432260.0
2017-06-27,25.7,25.92,25.31,25.79,1314999,,33728280.0
2017-06-28,25.52,25.76,25.38,25.6,1028529,,26269816.0
2017-06-29,25.55,25.64,25.39,25.49,625150,,15945283.0
2017-06-30,25.28,25.65,25.28,25.57,620500,,15831564.0
2017-07-03,25.53,25.96,25.36,25.91,691586,,17734788.0
2017-07-04,25.96,25.96,25.62,25.8,608676,,15664998.0
2017-07-05,25.66,27.1,25.64,26.87,6148932,,161295552.0
2017-07-06,26.68,27.55,26.28,27.22,6584259,,178322192.0
2017-07-07,27.4,28.09,26.72,27.98,5773442,,158255088.0
2017-07-10,28.08,28.15,27.21,27.6,3699610,,102039888.0
2017-07-11,27.36,27.68,26.86,27.5,2555410,,69668464.0
2017-07-12,27.4,27.4,26.4,27.11,3165682,,85305768.0
2017-07-13,27.18,29.81,27.0,28.05,10707672,,304307296.0
2017-07-14,27.76,28.89,27.41,28.48,6917534,,194624480.0
2017-07-17,28.17,28.17,25.63,27.04,6893000,,183961312.0
2017-07-18,26.18,26.97,26.18,26.81,3422430,,90930440.0
2017-07-19,26.88,27.19,26.63,26.92,2999550,,80754088.0
2017-07-20,26.84,27.28,26.43,26.66,4488700,,121030928.0
2017-07-21,26.42,26.57,25.77,26.4,4776943,,124490816.0
2017-07-24,26.05,26.12,25.57,25.78,4875850,,126112496.0
2017-07-25,25.78,25.95,25.1,25.25,3360521,,85646408.0
2017-07-26,25.24,26.32,25.23,26.19,3287781,,84840952.0
2017-07-27,26.02,26.59,25.74,26.5,4495409,,117195576.0
2017-07-28,26.53,27.19,26.38,26.99,4484900,,120735224.0
2017-07-31,26.99,27.38,26.66,26.82,1701562,,45672420.0
2017-08-01,27.0,27.6,26.83,27.11,3372349,,91826640.0
2017-08-02,27.19,27.3,26.55,26.93,2022049,,54247536.0
2017-08-03,26.93,27.2,26.72,27.01,1819250,,49028600.0
2017-08-04,27.07,27.19,26.47,27.05,2125200,,56965216.0
2017-08-07,26.8,27.09,26.68,27.06,1167679,,31432348.0
2017-08-08,27.0,27.02,26.54,26.91,1847695,,49548752.0
2017-08-09,26.98,26.98,26.66,26.98,2762171,,74185528.0
2017-08-10,26.95,26.95,26.7,26.7,679600,,18194328.0
2017-08-11,26.6,26.74,26.14,26.64,1515147,,40130220.0
2017-08-14,26.64,27.4,26.52,27.15,1587649,,42990960.0
2017-08-15,27.16,27.45,26.96,27.26,1348924,,36621660.0
2017-08-16,27.9,28.5,27.15,27.17,5836658,,161642944.0
2017-08-17,27.0,27.0,26.2,26.77,3233480,,86133176.0
2017-08-18,26.52,27.09,26.5,26.77,1851203,,49637800.0
2017-08-21,26.65,26.89,26.5,26.6,1238482,,32964042.0
2017-08-22,26.59,27.04,26.52,26.75,1294845,,34723592.0
2017-08-23,26.85,27.45,26.6,26.94,2386603,,64616288.0
2017-08-24,26.88,27.0,26.61,26.93,1480824,,39658732.0
2017-08-25,26.75,27.1,26.73,26.93,1243089,,33395902.0
2017-08-28,26.9,27.45,26.84,27.37,2046786,,55712328.0
2017-08-29,27.37,27.5,27.13,27.2,1254041,,34222924.0
2017-08-30,27.4,28.0,27.13,27.38,1501064,,41304184.0
2017-08-31,27.38,28.0,27.3,27.89,2765361,,76965472.0
2017-09-01,27.89,28.17,27.45,27.55,1898189,,52496940.0
2017-09-04,27.5,27.5,27.0,27.17,1502357,,40792796.0
2017-09-05,27.17,27.83,26.9,27.72,2601935,,71713328.0
2017-09-06,27.5,28.8,27.3,28.7,7310442,,207875072.0
2017-09-07,28.72,28.78,28.3,28.34,4355519,,123971520.0
2017-09-08,28.2,29.43,28.2,29.1,5494501,,158784896.0
2017-09-11,29.6,29.85,28.88,29.45,9448857,,278572640.0
2017-09-12,29.9,31.6,28.44,28.64,14617826,,438512736.0
2017-09-13,28.15,28.48,27.68,28.28,6000914,,168347824.0
2017-09-14,28.34,29.2,27.4,29.2,7334720,,207795616.0
2017-09-15,28.9,28.96,28.4,28.63,3428811,,98355936.0
2017-09-18,28.34,28.96,28.15,28.39,3124883,,89062496.0
2017-09-19,28.49,28.61,27.79,27.99,2695394,,75557824.0
2017-09-20,27.86,28.13,27.66,27.94,1803779,,50325048.0
2017-09-21,28.0,28.41,27.82,28.0,1826193,,51222132.0
2017-09-22,28.0,28.01,27.11,27.19,2719061,,74569624.0
2017-09-25,27.02,27.33,26.71,27.31,2404828,,64892028.0
2017-09-26,27.07,27.46,26.91,27.29,979150,,26682078.0
2017-09-27,27.4,27.66,27.18,27.66,1153300,,31639860.0
2017-09-28,27.5,27.8,27.16,27.64,1394600,,38346920.0
2017-09-29,27.44,28.69,27.32,28.49,2545195,,71397616.0
2017-10-09,28.92,29.2,28.24,28.58,2187441,,62432368.0
2017-10-10,28.26,29.0,28.13,28.86,2289400,,65604648.0
2017-10-11,28.88,29.0,28.53,28.76,1223250,,35141516.0
2017-10-12,28.7,28.89,28.3,28.59,862300,,24530864.0
2017-10-13,28.4,28.5,28.13,28.16,1110688,,31357636.0
2017-10-16,28.2,28.2,27.0,27.65,1934240,,53259032.0
2017-10-17,27.5,27.7,27.35,27.69,579850,,15962150.0
2017-10-18,27.6,27.79,27.34,27.65,738150,,20391344.0
2017-10-19,27.65,27.65,27.08,27.28,622959,,17027110.0
2017-10-20,27.26,27.8,27.0,27.71,690900,,18994220.0
2017-10-23,27.71,27.76,27.31,27.75,665257,,18302996.0
2017-10-24,27.6,27.6,27.05,27.56,817458,,22383206.0
2017-10-25,27.31,27.42,27.01,27.25,958900,,26138026.0
2017-10-26,27.2,27.5,27.05,27.39,903000,,24653280.0
2017-10-27,27.34,27.75,26.46,27.52,3020982,,81662416.0
2017-10-30,28.21,28.36,27.61,28.0,7020011,,196833056.0
2017-10-31,27.97,28.65,27.6,28.55,3148817,,88869688.0
2017-11-01,28.49,28.57,27.9,28.48,2246781,,63286604.0
2017-11-02,28.3,28.33,27.46,27.79,1571705,,43832752.0
2017-11-03,27.57,27.79,27.08,27.51,1207824,,33008918.0
2017-11-06,27.45,27.6,27.2,27.6,675371,,18493762.0
2017-11-07,27.59,27.59,26.83,27.0,1579854,,42815508.0
2017-11-08,26.9,27.7,26.82,27.3,3360528,,91888432.0
2017-11-09,27.21,27.49,27.1,27.3,592226,,16160060.0
2017-11-10,27.22,27.45,27.06,27.06,796968,,21685926.0
2017-11-13,27.06,27.42,26.64,27.4,2474184,,67075408.0
2017-11-14,27.3,27.63,27.11,27.37,1459539,,40011136.0
2017-11-15,27.01,27.44,26.77,27.35,1704900,,46229712.0
2017-11-16,27.32,27.35,27.07,27.14,538400,,14637454.0
2017-11-17,27.08,27.37,26.66,27.37,2018566,,54535928.0
2017-11-20,27.25,27.6,26.88,27.51,1317236,,35925272.0
2017-11-21,27.5,27.69,27.04,27.51,3227000,,88682000.0
2017-11-22,27.47,27.54,27.01,27.38,1666050,,45414532.0
2017-11-23,27.27,27.46,26.88,27.45,1529600,,41601608.0
2017-11-24,27.14,27.23,26.5,26.9,1340530,,36094716.0
2017-11-27,26.86,27.09,25.01,27.0,2118894,,56333552.0
2017-11-28,27.0,27.58,26.66,27.54,2343900,,63965532.0
2017-11-29,27.48,27.64,27.13,27.53,3203000,,87655440.0
2017-11-30,27.6,28.12,27.3,27.98,2257512,,62673628.0
2017-12-01,27.98,28.28,27.73,28.2,2043200,,57274884.0
2017-12-04,28.2,29.0,27.49,29.0,2792535,,78409488.0
2017-12-05,28.26,29.0,27.6,29.0,5480564,,154514096.0
2017-12-06,28.7,28.7,28.01,28.4,4507293,,127743768.0
2017-12-07,28.2,28.5,26.92,28.5,4633837,,129310032.0
2017-12-08,27.96,28.39,27.58,28.39,4372151,,122137176.0
2017-12-11,28.45,28.45,27.38,28.3,6347539,,176816080.0
2017-12-12,27.8,27.81,27.34,27.65,2872402,,79143912.0
2017-12-13,27.4,27.6,26.95,27.5,2821400,,76835888.0
2017-12-14,27.09,27.2,26.5,27.09,4311962,,115554184.0
2017-12-15,26.98,26.98,24.38,24.38,6454751,,161792704.0
2017-12-18,23.5,23.99,21.94,21.94,9409200,,210568000.0
2017-12-19,22.23,22.23,19.75,19.75,8105525,,163432928.0
2017-12-20,18.39,20.67,17.82,20.07,21489339,,397262816.0
2017-12-21,18.85,19.24,18.5,18.86,11769238,,221921408.0
2017-12-22,18.8,18.95,18.24,18.61,4904675,,91239776.0
2017-12-25,18.59,18.59,17.7,17.72,4707850,,84707520.0
2017-12-26,17.81,17.95,17.21,17.62,3952689,,69611344.0
2017-12-27,17.68,17.77,17.49,17.51,2725089,,47955448.0
2017-12-28,17.48,17.63,17.22,17.48,2566125,,44807208.0
2017-12-29,17.42,17.81,17.33,17.69,2845161,,50093520.0
2018-01-02,17.81,18.08,17.71,17.86,2847917,,51005652.0
2018-01-03,17.82,18.03,17.68,17.94,2674972,,47771596.0
2018-01-04,18.0,18.27,17.91,18.07,3148711,,56815528.0
2018-01-05,18.08,18.18,17.82,17.85,2195639,,39356732.0
2018-01-08,17.83,17.83,17.46,17.5,2346951,,41178680.0
2018-01-09,17.58,18.18,17.33,18.15,4710418,,83468616.0
2018-01-10,18.14,18.15,17.6,17.75,2635600,,47045284.0
2018-01-11,17.59,17.69,17.24,17.54,1992150,,34832836.0
2018-01-12,17.42,17.64,17.4,17.41,1376100,,24068416.0
2018-01-15,17.48,17.49,16.41,16.42,3054800,,51359052.0
2018-01-16,16.48,16.48,15.74,16.0,4387561,,70324272.0
2018-01-17,15.96,16.2,15.25,16.09,4364511,,68562752.0
2018-01-18,15.98,16.2,15.83,15.98,2365111,,37805112.0
2018-01-19,15.91,16.12,15.9,15.93,1971550,,31531374.0
2018-01-22,15.99,16.48,15.75,16.4,2912750,,47112456.0
2018-01-23,16.35,18.04,16.35,17.44,8385516,,146624720.0
2018-01-24,17.4,17.4,16.6,16.72,5985389,,100618232.0
2018-01-25,16.7,16.94,16.4,16.56,3336089,,55411064.0
2018-01-26,16.45,16.65,16.1,16.19,2260950,,37140468.0
2018-01-29,16.17,16.27,15.1,15.24,5875401,,91503152.0
2018-01-30,15.2,15.38,14.91,15.0,3792853,,57219144.0
2018-01-31,13.81,13.97,13.5,13.5,3290600,,44715488.0
2018-02-01,12.85,13.4,12.17,12.23,6154811,,78392128.0
2018-02-02,12.3,12.59,11.71,12.37,3481100,,42808892.0
2018-02-05,12.01,12.56,11.86,12.44,2991050,,36962544.0
2018-02-06,12.05,12.99,12.01,12.37,6153625,,77301544.0
2018-02-07,12.53,12.94,12.2,12.7,4388661,,55551880.0
2018-02-08,12.7,13.3,12.53,13.08,4221750,,54834208.0
2018-02-09,12.6,12.78,11.8,12.11,4333050,,53249208.0
2018-02-12,12.23,12.74,12.14,12.74,3294262,,41474180.0
2018-02-13,12.8,12.98,12.36,12.42,2836713,,35929460.0
2018-02-14,12.43,12.59,12.35,12.4,1352808,,16818252.0
2018-02-22,12.43,12.73,12.4,12.73,2127989,,26866668.0
2018-02-23,12.67,12.78,12.59,12.71,1745700,,22129580.0
2018-02-26,12.79,13.35,12.73,13.18,3711487,,48353536.0
2018-02-27,13.12,13.38,13.0,13.17,3066300,,40379004.0
2018-02-28,13.03,13.34,12.85,13.3,3636801,,47690004.0
2018-03-01,13.23,13.96,13.12,13.41,4912560,,66438344.0
2018-03-02,13.49,13.9,13.28,13.62,4025000,,54752136.0
2018-03-05,13.45,13.6,13.2,13.4,2855350,,38229648.0
2018-03-06,13.39,13.52,13.2,13.42,2554000,,34064760.0
2018-03-07,13.37,13.41,13.14,13.15,2013850,,26730278.0
2018-03-08,13.14,13.41,13.09,13.3,2028275,,26935844.0
2018-03-09,13.43,13.8,13.27,13.77,4780700,,65039008.0
2018-03-12,13.91,14.4,13.81,13.99,4845900,,68094032.0
2018-03-13,14.05,14.66,14.05,14.47,6738450,,96788704.0
2018-03-14,14.32,14.68,14.01,14.08,4996251,,71412768.0
2018-03-15,13.98,13.98,13.5,13.87,3657200,,49960440.0
2018-03-16,14.0,14.16,13.65,13.65,2705000,,37515544.0
2018-03-19,13.52,13.84,13.37,13.75,2244500,,30609260.0
2018-03-20,13.67,13.67,13.42,13.58,2331000,,31509064.0
2018-03-21,13.62,13.93,13.55,13.64,3305350,,45452072.0
2018-03-22,13.74,13.95,13.67,13.9,3634450,,50263116.0
2018-03-23,13.5,13.53,12.51,12.51,4984500,,63914696.0
2018-03-26,12.13,12.29,11.35,12.25,3965200,,47561664.0
2018-03-27,12.35,12.6,12.35,12.58,2657082,,33171692.0
2018-03-28,12.29,12.39,11.96,12.2,3908200,,47507944.0
2018-03-29,12.2,12.23,12.08,12.14,3004900,,36562872.0
2018-03-30,12.17,12.26,12.08,12.2,4582221,,55772896.0
2018-04-02,12.02,12.14,11.79,11.94,4137537,,49313184.0
2018-04-03,11.77,11.77,11.43,11.54,4133066,,47847120.0
2018-04-04,11.7,11.77,11.5,11.5,2873900,,33503186.0
2018-04-09,11.15,11.4,11.12,11.3,2805900,,31577622.0
2018-04-10,11.34,11.5,11.24,11.46,2266638,,25847308.0
2018-04-11,11.63,11.72,11.42,11.5,4441000,,51240888.0
2018-04-12,11.5,11.67,11.41,11.5,4939850,,56997132.0
2018-04-13,11.56,12.15,11.52,12.15,8216100,,97600112.0
2018-04-16,12.14,12.35,11.88,12.1,6143861,,74129504.0
2018-04-17,12.08,12.34,11.84,12.11,4362888,,52659080.0
2018-04-18,12.11,12.63,12.0,12.58,7838906,,96953080.0
2018-04-19,12.45,12.75,12.3,12.57,8327245,,103994560.0
2018-04-20,12.5,13.45,12.35,13.35,13405660,,171943024.0
2018-04-23,13.4,13.72,13.01,13.72,9507387,,127651384.0
2018-04-24,13.89,14.22,13.5,13.88,9116238,,125558640.0
2018-04-25,14.22,14.28,13.57,13.97,6451625,,89067008.0
2018-04-26,13.98,14.38,13.7,14.27,7632458,,107023984.0
2018-04-27,14.5,14.99,13.23,13.4,27066995,,379326496.0
2018-05-02,12.5,12.5,12.06,12.06,2001500,,24303708.0
2018-05-03,10.85,11.79,10.85,11.27,11933506,,132572464.0
2018-05-04,10.9,11.12,10.73,10.75,8134350,,88855136.0
2018-05-07,10.79,11.05,10.75,10.93,4794308,,52162596.0
2018-05-08,10.86,11.12,10.78,11.11,5433850,,59204712.0
2018-05-09,11.09,11.24,10.93,11.1,4895400,,54062064.0
2018-05-10,11.03,11.3,11.03,11.25,4579650,,51373468.0
2018-05-11,11.28,11.3,10.95,10.97,3782800,,42038388.0
2018-05-14,10.86,11.07,10.75,10.83,2775550,,30213828.0
2018-05-15,10.76,10.95,10.75,10.91,2773500,,30103468.0
2018-05-16,10.89,10.91,10.7,10.71,2795800,,30167868.0
2018-05-17,10.7,11.05,10.47,11.05,5174149,,55562928.0
2018-05-18,10.91,10.98,10.76,10.83,3515450,,38200788.0
2018-05-21,10.91,10.99,10.84,10.89,2625100,,28606598.0
2018-05-22,10.9,10.91,10.75,10.88,2403800,,26029350.0
2018-05-23,10.9,10.92,10.66,10.8,2434600,,26245184.0
2018-05-24,10.79,10.8,10.64,10.8,2828050,,30320228.0
2018-05-25,10.76,10.8,10.61,10.75,3211250,,34309372.0
2018-05-28,10.7,10.75,10.21,10.75,4174450,,43935556.0
2018-05-29,10.66,10.66,10.33,10.64,4325700,,45338652.0
2018-05-30,10.37,10.37,10.1,10.19,3698000,,37736024.0
2018-05-31,10.18,10.29,10.06,10.17,1775000,,18087010.0
2018-06-01,10.17,10.22,9.7,9.75,3351750,,33230548.0
2018-06-04,9.65,9.74,9.12,9.12,3868999,,35956320.0
2018-06-05,9.0,9.35,8.9,9.33,2698863,,24774820.0
2018-06-06,9.32,9.33,9.21,9.33,1527300,,14160207.0
2018-06-07,9.33,9.87,9.3,9.65,3687250,,35309976.0
2018-06-08,9.56,9.56,9.38,9.38,2302713,,21793276.0
2018-06-11,9.4,9.45,9.29,9.32,1422250,,13319634.0
2018-06-12,9.25,9.39,9.2,9.32,1687750,,15691793.0
2018-06-13,9.29,9.37,9.23,9.24,1640431,,15263600.0
2018-06-14,9.23,9.31,8.94,8.94,1830600,,16703117.0
2018-06-15,9.0,9.0,8.22,8.79,4392800,,37556028.0
2018-06-19,8.03,8.89,8.03,8.89,4774808,,40562276.0
2018-06-20,8.85,9.39,8.62,9.38,4129010,,37124344.0
2018-06-21,9.26,9.78,9.16,9.71,5503681,,51965340.0
2018-06-22,9.97,10.28,9.45,9.69,5255410,,51617204.0
2018-06-25,9.56,9.77,9.26,9.45,4246550,,39994252.0
2018-06-26,9.33,9.5,9.12,9.44,2506508,,23368062.0
2018-06-27,9.43,9.43,8.99,8.99,2235800,,20597470.0
2018-06-28,9.0,9.89,8.82,9.61,12973153,,124530296.0
2018-06-29,9.49,9.82,8.69,9.6,10517190,,97433760.0
2018-07-02,9.42,9.87,9.26,9.44,6492299,,61750052.0
2018-07-03,9.37,9.87,9.22,9.8,7907853,,76170240.0
2018-07-04,9.65,10.11,9.4,9.85,10096405,,98477272.0
2018-07-05,9.76,9.87,8.87,8.9,7847110,,73941664.0
2018-07-06,8.85,8.95,8.4,8.75,5274646,,46009732.0
2018-07-09,8.8,8.89,8.7,8.77,2667550,,23431980.0
2018-07-10,8.77,8.77,8.56,8.65,2604800,,22512436.0
2018-07-11,8.53,8.54,8.06,8.13,3414961,,28344330.0
2018-07-12,8.14,8.42,8.1,8.39,2493750,,20731244.0
2018-07-13,8.36,8.44,8.29,8.38,1860796,,15582386.0
2018-07-16,8.45,8.45,8.34,8.39,1179096,,9904066.0
2018-07-17,8.48,8.48,8.25,8.35,2048400,,17069112.0
2018-07-18,8.33,8.79,8.31,8.35,4299550,,36361496.0
2018-07-19,8.19,8.37,8.05,8.08,4082062,,33319754.0
2018-07-20,8.11,8.18,7.81,8.05,3982850,,31933126.0
2018-07-23,8.05,8.18,8.04,8.13,2115653,,17129312.0
2018-07-24,8.14,8.3,8.07,8.27,4868750,,39886900.0
2018-07-25,8.8,9.1,8.8,9.1,8770063,,79391608.0
2018-07-26,9.27,9.8,9.12,9.51,21851537,,206990464.0
2018-07-27,9.1,9.32,8.65,8.94,11671325,,104554032.0
2018-07-30,8.72,8.84,8.51,8.62,5948200,,51449540.0
2018-07-31,8.62,8.77,8.44,8.48,3847112,,33003560.0
2018-08-01,8.53,8.79,8.35,8.38,3541362,,30325694.0
2018-08-02,8.25,8.6,7.9,8.45,6295700,,51328820.0
2018-08-03,8.35,8.8,8.25,8.52,5439814,,46332912.0
2018-08-06,8.4,8.49,8.04,8.22,3676000,,30266462.0
2018-08-07,8.1,8.35,8.05,8.35,3321622,,27390450.0
2018-08-08,8.37,8.37,8.12,8.22,2883310,,23735710.0
2018-08-09,8.25,8.37,8.12,8.32,3442850,,28577108.0
2018-08-10,8.32,8.34,8.23,8.32,2195300,,18191468.0
2018-08-13,8.22,8.34,8.1,8.3,2411300,,19795840.0
2018-08-14,8.23,8.37,8.21,8.25,2357000,,19505524.0
2018-08-15,8.23,8.28,8.03,8.2,2628600,,21436040.0
2018-08-16,8.17,8.32,8.02,8.23,2163950,,17754004.0
2018-08-17,8.28,8.36,8.07,8.22,1951550,,15992014.0
2018-08-20,8.22,8.32,8.1,8.31,1855100,,15284956.0
2018-08-21,8.2,8.27,8.12,8.21,2170950,,17822866.0
2018-08-22,8.17,8.3,8.07,8.22,2578200,,21044634.0
2018-08-23,8.15,8.2,8.11,8.2,1464000,,11949809.0
2018-08-24,8.16,8.2,8.11,8.18,1331400,,10855765.0
2018-08-27,8.18,8.24,8.13,8.22,1838750,,15063886.0
2018-08-28,8.19,8.23,8.17,8.2,1240500,,10161999.0
2018-08-29,8.22,8.53,8.2,8.4,5646752,,47212256.0
2018-08-30,8.38,8.39,8.1,8.19,3731300,,30653024.0
2018-08-31,8.2,8.28,8.01,8.2,2512052,,20417238.0
2018-09-03,8.18,8.2,8.08,8.2,1171900,,9543632.0
2018-09-04,8.11,8.36,8.11,8.28,2421702,,20024412.0
2018-09-05,8.28,8.37,8.16,8.19,2636300,,21846868.0
2018-09-06,8.12,8.23,8.12,8.19,1545200,,12607960.0
2018-09-07,8.15,8.29,8.14,8.19,1481300,,12152292.0
2018-09-10,8.15,8.19,8.01,8.13,1761400,,14239071.0
2018-09-11,8.09,8.13,8.06,8.11,927000,,7498424.0
2018-09-12,8.12,8.13,8.06,8.09,875000,,7090019.0
2018-09-13,8.09,8.14,8.08,8.09,921000,,7457143.0
2018-09-14,8.09,8.14,8.03,8.04,943552,,7618111.0
2018-09-17,8.01,8.07,7.64,8.05,3410151,,26787314.0
2018-09-18,7.96,8.07,7.9,8.0,1621000,,12954556.0
2018-09-19,8.0,8.08,7.94,8.05,1522100,,12218890.0
2018-09-20,8.0,8.14,8.0,8.05,1875700,,15144028.0
2018-09-21,8.1,8.1,7.92,8.05,1929250,,15493505.0
2018-09-25,8.0,8.08,7.96,8.03,918050,,7360236.0
2018-09-26,7.99,8.06,7.96,8.0,1319500,,10569794.0
2018-09-27,8.05,8.05,7.85,8.03,2233151,,17741266.0
2018-09-28,8.0,8.02,7.93,7.98,989850,,7895907.5
2018-10-08,7.91,7.91,7.75,7.76,1362900,,10652960.0
2018-10-09,7.75,7.89,7.75,7.8,600073,,4675029.0
2018-10-10,7.82,7.93,7.76,7.86,1006100,,7896402.0
2018-10-11,7.68,8.08,7.21,7.88,5821600,,43944968.0
2018-10-12,7.8,7.93,7.39,7.85,3461200,,26647116.0
2018-10-15,7.72,7.84,7.7,7.75,822700,,6373578.0
2018-10-16,7.75,7.79,7.64,7.74,1008550,,7762981.5
2018-10-17,7.43,7.78,7.43,7.73,912450,,7034261.0
2018-10-18,7.65,7.76,7.56,7.74,1358699,,10407595.0
2018-10-19,7.61,7.85,7.4,7.76,1565500,,12036858.0
2018-10-22,7.8,8.23,7.69,8.01,3209950,,25733346.0
2018-10-23,7.99,8.03,7.84,7.87,1975650,,15642160.0
2018-10-24,7.81,7.9,7.68,7.71,1655500,,12839556.0
2018-10-25,7.53,7.74,7.5,7.72,1368100,,10410479.0
2018-10-26,7.7,7.91,7.69,7.76,2032900,,15813028.0
2018-10-29,7.75,7.9,7.61,7.71,965250,,7476695.0
2018-10-30,7.71,7.76,7.59,7.71,1142861,,8770234.0
2018-10-31,7.66,7.77,7.56,7.74,1950161,,14967307.0
2018-11-01,7.77,8.02,7.71,7.81,3593850,,28255116.0
2018-11-02,7.76,7.9,7.76,7.88,3120211,,24489092.0
2018-11-05,7.86,7.97,7.83,7.97,2658450,,21072582.0
2018-11-06,7.95,7.98,7.81,7.89,1856900,,14612016.0
2018-11-07,7.82,7.94,7.81,7.81,2101550,,16527276.0
2018-11-08,7.91,7.93,7.81,7.81,2006200,,15764992.0
2018-11-09,7.72,7.79,7.65,7.72,2138300,,16487505.0
2018-11-12,7.68,8.05,7.67,7.94,6616453,,51835400.0
2018-11-13,7.83,8.1,7.78,8.09,8988153,,71884480.0
2018-11-14,8.09,8.88,8.09,8.29,10277453,,86112048.0
2018-11-15,8.31,8.47,8.17,8.34,7273050,,60424244.0
2018-11-16,8.33,8.49,8.27,8.3,6171058,,51695388.0
2018-11-19,8.14,8.18,7.94,8.08,7935955,,63940900.0
2018-11-20,8.05,8.19,7.97,8.03,4481500,,36200928.0
2018-11-21,7.97,8.07,7.86,8.06,3808800,,30376916.0
2018-11-22,8.04,8.25,8.01,8.25,4761311,,38762400.0
2018-11-23,8.25,8.33,7.76,7.83,6102819,,49339604.0
2018-11-26,7.71,7.83,7.66,7.76,3576471,,27694126.0
2018-11-27,7.77,7.91,7.77,7.83,2489774,,19502958.0
2018-11-28,8.0,8.16,7.79,8.14,4902587,,39328524.0
2018-11-29,8.15,8.19,7.84,7.84,3949880,,31677378.0
2018-11-30,7.82,8.05,7.78,7.98,3209582,,25294566.0
2018-12-03,8.14,8.24,8.05,8.17,4273621,,34829620.0
2018-12-04,8.14,8.22,8.08,8.17,3901455,,31745618.0
2018-12-05,7.97,8.1,7.9,8.02,2914750,,23334298.0
2018-12-06,8.0,8.12,7.94,8.0,2306495,,18511868.0
2018-12-07,7.99,8.08,7.95,8.0,1520376,,12161849.0
2018-12-10,7.92,8.02,7.82,7.88,2636727,,20821712.0
2018-12-11,7.9,7.97,7.83,7.94,1527700,,12052697.0
2018-12-12,7.94,7.97,7.83,7.92,1366200,,10787536.0
2018-12-13,7.93,8.04,7.82,8.0,2792152,,22217890.0
2018-12-14,8.04,8.05,7.73,7.75,2542942,,19970882.0
2018-12-17,7.73,7.84,7.68,7.74,1606913,,12440541.0
2018-12-18,7.74,7.79,7.69,7.73,1261250,,9748132.0
2018-12-19,7.7,7.91,7.62,7.85,2990144,,23258874.0
2018-12-20,7.8,7.96,7.79,7.82,2307687,,18085846.0
2018-12-21,7.8,7.86,7.5,7.72,2925388,,22350902.0
2018-12-24,7.68,7.74,7.6,7.74,1865200,,14311167.0
2018-12-25,7.63,7.72,7.36,7.7,3172500,,23965580.0
2018-12-26,7.65,7.7,7.61,7.69,1943945,,14882735.0
2018-12-27,7.74,7.89,7.67,7.85,5018450,,39053488.0
2018-12-28,7.81,8.15,7.76,7.94,6766963,,53929352.0
2019-01-02,7.96,7.98,7.53,7.57,3657637,,28320142.0
2019-01-03,7.64,7.71,7.49,7.71,2482776,,18858204.0
2019-01-04,7.63,7.73,7.59,7.72,2219300,,17053836.0
2019-01-07,7.74,7.84,7.68,7.79,2420600,,18829280.0
2019-01-08,7.75,7.78,7.67,7.7,1841250,,14196562.0
2019-01-09,7.73,7.94,7.72,7.78,4134887,,32375440.0
2019-01-10,7.73,7.76,7.55,7.7,2985806,,22841316.0
2019-01-11,7.66,7.85,7.61,7.76,3585550,,27632986.0
2019-01-14,7.75,7.78,7.64,7.7,1963637,,15096109.0
2019-01-15,7.7,7.73,7.64,7.71,1896723,,14587278.0
2019-01-16,7.7,7.7,7.59,7.67,3388900,,25876408.0
2019-01-17,7.65,7.7,7.51,7.65,3025686,,23015056.0
2019-01-18,7.61,7.62,7.53,7.54,2129500,,16119498.0
2019-01-21,7.53,7.6,7.51,7.56,1651250,,12488693.0
2019-01-22,7.56,7.6,7.49,7.51,1499759,,11321248.0
2019-01-23,7.51,7.63,7.46,7.62,1920200,,14536240.0
2019-01-24,7.6,7.64,7.56,7.61,1387750,,10561947.0
2019-01-25,7.57,7.63,7.55,7.58,1310200,,9939471.0
2019-01-28,7.55,7.59,7.51,7.51,1066650,,8044453.5
2019-01-29,7.51,7.51,6.86,7.14,2851959,,20435192.0
2019-01-30,7.01,7.06,6.8,6.94,2770100,,19215438.0
2019-01-31,6.7,6.84,6.63,6.63,2057100,,13825852.0
2019-02-01,6.26,6.94,6.26,6.94,4109021,,27207660.0
2019-02-11,6.79,6.98,6.79,6.95,1565650,,10825892.0
2019-02-12,6.94,7.08,6.9,6.99,1810821,,12667794.0
2019-02-13,7.02,7.16,6.97,7.15,3291621,,23305486.0
2019-02-14,7.1,7.13,7.05,7.07,1883921,,13361204.0
2019-02-15,7.07,7.14,7.03,7.09,1926600,,13655824.0
2019-02-18,7.14,7.32,7.1,7.27,2966580,,21484220.0
2019-02-19,7.33,7.46,7.23,7.26,4296130,,31595362.0
2019-02-20,7.24,7.71,7.23,7.63,8343613,,62933060.0
2019-02-21,7.61,7.7,7.52,7.56,5388853,,41020048.0
2019-02-22,7.55,7.78,7.51,7.67,4007875,,30789008.0
2019-02-25,7.64,7.95,7.62,7.95,5653959,,44247460.0
2019-02-26,7.92,8.16,7.88,7.96,8292653,,66693268.0
2019-02-27,7.96,8.15,7.92,8.13,8544477,,68769224.0
2019-02-28,8.18,8.19,7.99,8.08,4739434,,38272596.0
2019-03-01,8.08,8.66,8.06,8.58,14262687,,119694104.0
2019-03-04,8.69,9.28,8.41,8.97,23112311,,203931712.0
2019-03-05,8.81,9.08,8.67,8.98,9470127,,84257880.0
2019-03-06,9.08,9.09,8.83,9.0,8785961,,78631008.0
2019-03-07,8.98,9.0,8.74,8.9,8857339,,78549448.0
2019-03-08,8.72,8.84,8.6,8.65,7820822,,68102160.0
2019-03-11,8.64,9.25,8.58,9.24,12298862,,110027776.0
2019-03-12,9.31,9.78,9.3,9.45,13473067,,129274752.0
2019-03-13,9.46,9.73,9.31,9.56,11536395,,110032736.0
2019-03-14,9.51,9.8,9.15,9.68,12561130,,120332616.0
2019-03-15,9.74,9.77,9.53,9.59,8225053,,79453080.0
2019-03-18,9.52,9.69,9.19,9.32,9097769,,85124264.0
2019-03-19,9.3,9.52,9.25,9.37,5612519,,52703936.0
2019-03-20,9.45,9.48,9.08,9.36,7610573,,70227040.0
2019-03-21,9.41,9.75,9.4,9.65,11108397,,106716584.0
2019-03-22,9.75,10.62,9.75,10.62,20812604,,214744816.0
2019-03-25,10.42,11.61,10.32,10.64,24210040,,265253280.0
2019-03-26,10.49,10.65,9.72,9.82,13551666,,136449952.0
2019-03-27,9.68,10.17,9.52,9.93,8965759,,88307328.0
2019-03-28,9.7,9.97,9.5,9.5,7453007,,72287472.0
2019-03-29,9.51,9.7,9.17,9.62,6300894,,59512188.0
2019-04-01,9.72,9.95,9.57,9.92,6708450,,65682620.0
2019-04-02,10.02,10.04,9.44,9.62,9741158,,95027256.0
2019-04-03,9.66,10.37,9.49,10.36,13295498,,132669240.0
2019-04-04,10.4,10.4,9.93,10.12,10083648,,101955744.0
2019-04-08,10.13,10.22,9.95,10.0,6657781,,66910972.0
2019-04-09,10.01,10.19,9.88,10.08,4805600,,48182184.0
2019-04-10,10.08,10.17,9.94,10.14,5683228,,57172528.0
2019-04-11,10.14,10.17,9.96,10.0,4820600,,48333532.0
2019-04-12,10.05,10.1,9.92,10.07,3482250,,34922616.0
2019-04-15,10.17,11.05,10.09,10.66,13939197,,147044848.0
2019-04-16,10.48,10.98,10.31,10.75,10273363,,109552808.0
2019-04-17,10.73,11.27,10.56,11.05,12952032,,142241312.0
2019-04-18,10.61,12.16,10.61,11.13,15379134,,174808208.0
2019-04-19,11.07,11.49,11.06,11.38,9542300,,107801120.0
2019-04-22,11.2,11.55,10.86,11.05,11463058,,126842128.0
2019-04-23,11.0,11.1,10.68,10.79,5636821,,61279668.0
2019-04-24,11.05,11.05,10.63,10.8,4262050,,46133148.0
2019-04-25,10.8,10.92,10.22,10.22,5716950,,59943400.0
2019-04-26,9.78,11.05,9.78,10.73,7129546,,75588960.0
2019-04-29,11.0,11.5,10.75,11.38,10863961,,121965824.0
2019-04-30,11.5,11.59,11.09,11.38,8649295,,98089376.0
2019-05-06,11.18,11.18,10.66,11.0,7801407,,84739408.0
2019-05-07,11.01,11.48,10.68,10.96,6334480,,69432272.0
2019-05-08,10.82,11.13,10.46,11.13,5480323,,59203456.0
2019-05-09,10.99,11.05,10.7,10.79,4225400,,45757260.0
2019-05-10,10.75,11.45,10.7,11.29,8674555,,97261456.0
2019-05-13,11.3,11.61,11.12,11.47,7727148,,88210128.0
2019-05-14,11.3,12.36,11.21,12.08,15912154,,186629088.0
2019-05-15,12.16,12.92,11.75,12.81,20788644,,255779216.0
2019-05-16,12.35,12.95,12.17,12.4,13618188,,171871312.0
2019-05-17,12.37,12.38,11.64,12.08,7919938,,95089064.0
2019-05-20,11.87,12.16,11.48,12.13,7901488,,94662480.0
2019-05-21,11.96,12.59,11.92,12.25,8454238,,104513960.0
2019-05-22,12.3,12.39,11.8,11.9,4734800,,56742448.0
2019-05-23,11.84,12.25,11.62,11.86,7086021,,85233104.0
2019-05-24,11.77,11.92,11.62,11.82,4124648,,48416616.0
2019-05-27,11.65,12.44,11.65,12.3,6627098,,80658152.0
2019-05-28,12.3,12.47,12.07,12.37,6612200,,81180824.0
2019-05-29,12.37,12.95,12.28,12.48,6621800,,83274448.0
2019-05-30,12.15,12.37,11.93,12.3,3852150,,46925104.0
2019-05-31,12.27,12.29,12.03,12.13,3015400,,36601448.0
2019-06-03,12.18,12.18,11.74,11.74,3138100,,37448580.0
2019-06-04,11.73,11.98,11.2,11.95,6480150,,74978384.0
2019-06-05,12.07,12.13,11.82,11.9,3545400,,42500264.0
2019-06-06,11.85,11.93,11.33,11.8,3250850,,38151524.0
2019-06-10,11.7,11.8,11.44,11.49,2411700,,27993304.0
2019-06-11,11.16,12.09,11.16,12.08,4141300,,48578500.0
2019-06-12,12.3,12.5,12.09,12.15,3961700,,48466208.0
2019-06-13,12.2,12.6,12.13,12.54,4719700,,58677536.0
2019-06-14,12.64,12.77,12.5,12.6,4902200,,62010796.0
2019-06-17,12.75,12.99,12.59,12.72,4401650,,56089656.0
2019-06-18,12.72,13.32,12.6,13.26,7145725,,93307544.0
2019-06-19,13.39,13.53,13.16,13.52,7023175,,94316024.0
2019-06-20,13.6,13.6,13.29,13.34,5933150,,79518080.0
2019-06-21,13.4,13.42,13.01,13.21,4576451,,60318224.0
2019-06-24,13.27,13.58,13.21,13.47,5720800,,76791672.0
2019-06-25,13.5,13.75,13.35,13.5,5453000,,73452304.0
2019-06-26,13.55,13.75,13.32,13.51,7758450,,105125736.0
2019-06-27,13.7,13.7,13.23,13.34,7971800,,106946960.0
2019-06-28,13.32,13.55,13.12,13.45,5743350,,76970616.0
2019-07-01,13.55,13.74,13.38,13.69,5648250,,76790920.0
2019-07-02,13.76,14.35,13.56,14.25,9639050,,135171072.0
2019-07-03,14.29,14.55,14.1,14.49,6822312,,97767136.0
2019-07-04,14.49,14.55,14.19,14.53,6214400,,89431576.0
2019-07-05,14.35,14.79,14.3,14.69,5778620,,84164088.0
2019-07-08,14.66,14.87,14.23,14.37,3939950,,56999680.0
2019-07-09,14.32,14.61,14.05,14.46,4609700,,66195372.0
2019-07-10,14.59,14.93,14.4,14.87,7459950,,110276328.0
2019-07-11,14.55,14.96,14.53,14.93,7645506,,112885344.0
2019-07-12,14.9,14.94,14.67,14.85,5962300,,88188552.0
2019-07-15,15.8,15.8,13.37,13.37,13386462,,195804032.0
2019-07-16,12.1,12.93,12.1,12.33,13054366,,162922768.0
2019-07-17,12.13,12.48,11.87,12.34,10970162,,133595592.0
2019-07-18,12.22,12.51,12.06,12.34,7128524,,87584304.0
2019-07-19,12.37,12.53,12.24,12.33,4614150,,57110456.0
2019-07-22,12.3,12.3,11.88,11.98,5556212,,67173480.0
2019-07-23,11.83,12.25,11.79,12.19,4927100,,59654028.0
2019-07-24,12.3,12.47,12.18,12.3,4243249,,52413468.0
2019-07-25,12.32,12.44,12.25,12.34,3169350,,39179160.0
2019-07-26,12.34,12.38,12.23,12.36,2412000,,29707920.0
2019-07-29,12.5,12.5,12.33,12.44,1708549,,21230678.0
2019-07-30,12.42,12.56,12.4,12.4,3454500,,43074908.0
2019-07-31,12.41,12.47,12.29,12.38,1697300,,20977092.0
2019-08-01,12.15,12.41,12.15,12.3,3837250,,47318608.0
2019-08-02,11.91,12.95,11.91,12.9,6168201,,78068664.0
2019-08-05,12.88,13.67,12.75,13.4,5162824,,68818248.0
2019-08-06,13.48,13.8,12.83,13.71,4776200,,64370472.0
2019-08-07,13.61,14.98,13.61,14.73,9079874,,130164240.0
2019-08-08,14.63,14.85,13.26,14.1,14102413,,201081120.0
2019-08-09,13.95,14.75,13.75,14.67,8630288,,122328920.0
2019-08-12,14.58,15.23,14.4,15.23,8583838,,126240920.0
2019-08-13,14.95,16.0,13.71,13.71,32491207,,474180224.0
2019-08-14,12.34,12.34,12.34,12.34,2565200,,31654568.0
2019-08-15,11.11,11.11,11.11,11.11,6220200,,69106424.0
2019-08-16,10.31,11.0,10.08,10.27,35900164,,372493184.0
2019-08-19,9.93,10.3,9.87,10.27,21492560,,216375008.0
2019-08-20,10.19,10.24,10.07,10.15,13331320,,135402992.0
2019-08-21,10.2,10.9,10.11,10.65,26130710,,275408384.0
2019-08-22,10.64,10.64,10.28,10.34,17033300,,176971616.0
2019-08-23,10.25,10.46,10.11,10.13,13124607,,134366064.0
2019-08-26,9.9,10.08,9.75,9.93,8448210,,83759664.0
2019-08-27,9.98,10.18,9.96,10.18,10616889,,107290040.0
2019-08-28,10.25,10.41,10.16,10.31,11349850,,116943512.0
2019-08-29,10.35,10.35,10.08,10.1,9002463,,91364856.0
2019-08-30,10.14,10.14,9.86,9.9,7604505,,76040392.0
2019-09-02,9.89,10.24,9.89,10.2,7748971,,78188392.0
2019-09-03,10.2,10.22,10.05,10.09,7162500,,72423480.0
2019-09-04,10.11,10.19,10.03,10.16,7037375,,71113368.0
2019-09-05,10.16,10.45,10.12,10.25,15823671,,162703120.0
2019-09-06,10.26,10.34,10.09,10.17,9021704,,92077840.0
2019-09-09,10.29,10.4,10.18,10.38,11260874,,115897968.0
2019-09-10,10.38,10.38,10.24,10.33,9592753,,98971248.0
2019-09-11,10.34,10.38,10.19,10.2,9050936,,92913504.0
2019-09-12,10.15,10.3,10.13,10.3,7193231,,73460296.0
2019-09-16,10.35,10.67,10.3,10.6,16654341,,175222320.0
2019-09-17,10.62,10.62,10.26,10.36,11326296,,117725656.0
2019-09-18,10.3,10.41,10.27,10.28,6408300,,66151040.0
2019-09-19,10.34,10.35,10.16,10.28,6191947,,63283976.0
2019-09-20,10.3,10.3,10.22,10.23,4571259,,46827984.0
2019-09-23,10.11,10.23,9.93,9.99,6876686,,68873152.0
2019-09-24,10.02,10.12,9.93,10.04,4037604,,40501336.0
2019-09-25,10.02,10.02,9.72,9.73,6039508,,59300496.0
2019-09-26,9.73,9.79,9.2,9.28,6696562,,63305200.0
2019-09-27,9.2,9.47,9.2,9.39,4165336,,39076640.0
2019-09-30,9.4,9.86,9.4,9.77,6751450,,65688192.0
2019-10-08,9.88,10.55,9.88,10.25,13024481,,133653592.0
2019-10-09,10.15,10.35,9.92,10.32,8804284,,89587240.0
2019-10-10,10.41,10.65,10.4,10.44,13235834,,139018928.0
2019-10-11,10.45,10.49,10.26,10.3,8346496,,86230240.0
2019-10-14,10.34,10.56,10.34,10.42,9485987,,99187472.0
2019-10-15,10.4,11.43,10.25,10.99,22773614,,247474768.0
2019-10-16,10.89,11.26,10.82,11.09,16118193,,178576032.0
2019-10-17,11.08,11.09,10.66,10.79,11621478,,126015136.0
2019-10-18,10.79,10.88,10.29,10.31,10947980,,115079952.0
2019-10-21,10.25,10.26,9.9,10.03,7763750,,77914328.0
2019-10-22,10.09,10.44,10.06,10.44,8276411,,84921008.0
2019-10-23,10.36,10.84,10.33,10.63,10881435,,115957896.0
2019-10-24,10.54,10.82,10.52,10.79,9832602,,104934152.0
2019-10-25,10.68,10.68,10.02,10.23,13895532,,142561616.0
2019-10-28,10.1,10.29,9.98,10.18,9361389,,95133256.0
2019-10-29,10.1,10.19,9.9,9.9,9267400,,92776896.0
2019-10-30,9.81,9.82,9.43,9.55,6344800,,60909660.0
2019-10-31,9.54,9.65,9.31,9.32,5679795,,53433148.0
2019-11-01,9.35,9.65,9.26,9.65,6085646,,58002336.0
2019-11-04,9.67,9.89,9.65,9.68,5565100,,54272496.0
2019-11-05,9.72,9.72,9.48,9.55,4325441,,41348652.0
2019-11-06,9.6,9.78,9.45,9.51,4749951,,45496896.0
2019-11-07,9.51,9.54,9.39,9.44,3428883,,32384560.0
2019-11-08,9.46,9.55,9.33,9.34,4180797,,39287020.0
2019-11-11,9.32,9.32,8.91,8.94,5090583,,45950328.0
2019-11-12,8.97,9.01,8.66,9.0,4448258,,39315960.0
2019-11-13,8.96,8.99,8.71,8.79,2622412,,23209742.0
2019-11-14,8.81,8.85,8.71,8.78,2361141,,20730842.0
2019-11-15,8.79,8.81,8.67,8.67,2381080,,20805410.0
2019-11-18,8.67,8.68,8.57,8.63,2117190,,18250600.0
2019-11-19,8.59,8.76,8.59,8.75,2692239,,23466698.0
2019-11-20,8.78,8.78,8.58,8.59,3010739,,26109750.0
2019-11-21,8.6,8.68,8.54,8.6,2187886,,18851668.0
2019-11-22,8.63,8.71,8.59,8.7,3394974,,29393400.0
2019-11-25,8.64,8.71,8.53,8.63,2851498,,24546902.0
2019-11-26,8.68,9.25,8.63,9.12,8048745,,71973312.0
2019-11-27,9.1,9.1,8.81,8.82,5460698,,48682640.0
2019-11-28,8.83,8.92,8.73,8.75,2685957,,23625918.0
2019-11-29,8.76,8.81,8.6,8.61,2619019,,22628798.0
2019-12-02,8.61,8.69,8.6,8.63,1709814,,14752579.0
2019-12-03,8.58,8.58,8.41,8.55,2488463,,21109224.0
2019-12-04,8.5,8.86,8.46,8.81,5423457,,47324020.0
2019-12-05,8.74,8.85,8.73,8.78,3222602,,28320300.0
2019-12-06,8.81,8.82,8.7,8.75,2795400,,24461782.0
2019-12-09,8.78,8.82,8.74,8.79,2285900,,20085936.0
2019-12-10,8.82,8.95,8.75,8.95,5226380,,46452064.0
2019-12-11,8.86,8.88,8.45,8.59,8099367,,70035264.0
2019-12-12,8.52,8.56,8.47,8.49,3342946,,28398376.0
2019-12-13,8.53,8.62,8.5,8.6,2920517,,24985092.0
2019-12-16,8.61,8.68,8.55,8.67,3687176,,31774538.0
2019-12-17,8.7,8.84,8.66,8.83,6295708,,55216388.0
2019-12-18,8.83,9.19,8.79,9.07,11354300,,102419104.0
2019-12-19,9.07,9.16,8.99,9.07,5721840,,51875200.0
2019-12-20,9.1,9.26,8.87,8.88,7371498,,67003072.0
2019-12-23,8.8,8.97,8.69,8.8,5423141,,47963824.0
2019-12-24,8.78,8.92,8.74,8.91,3953250,,34945016.0
2019-12-25,8.91,9.23,8.91,9.13,7394744,,67419056.0
2019-12-26,9.14,9.17,8.97,9.11,5197050,,46995196.0
2019-12-27,9.14,9.14,8.98,9.0,4761649,,43211188.0
2019-12-30,8.94,9.17,8.8,9.15,6589149,,59202364.0
2019-12-31,9.12,9.19,9.05,9.1,4176400,,38017000.0
2020-01-02,9.12,9.35,9.12,9.29,7232164,,66705492.0
2020-01-03,9.35,9.44,9.19,9.29,5690649,,52872008.0
2020-01-06,9.24,10.22,9.16,9.98,18325665,,179406736.0
2020-01-07,9.82,9.93,9.77,9.84,10102955,,99423416.0
2020-01-08,9.84,10.82,9.7,10.82,29578106,,308037792.0
2020-01-09,10.85,11.77,10.6,11.02,26346634,,291373344.0
2020-01-10,10.88,10.97,10.5,10.58,15154674,,161503696.0
2020-01-13,10.42,11.47,10.33,10.82,17500571,,187648576.0
2020-01-14,10.85,11.81,10.85,11.13,22209029,,252749168.0
2020-01-15,10.94,10.96,10.4,10.69,15341472,,163210992.0
2020-01-16,10.67,10.79,10.4,10.49,9433948,,99444560.0
2020-01-17,10.49,10.53,10.07,10.1,10605100,,107867280.0
2020-01-20,10.09,10.17,9.93,10.08,7388299,,74173808.0
2020-01-21,9.66,9.66,9.07,9.07,16068703,,146537088.0
2020-01-22,8.69,8.95,8.59,8.82,9546964,,83769608.0
2020-01-23,8.68,9.0,8.62,8.68,7680842,,67486528.0
2020-02-03,7.81,7.81,7.81,7.81,725400,,5665374.0
2020-02-04,7.03,7.46,7.03,7.31,9967299,,72429784.0
2020-02-05,7.33,7.77,7.33,7.67,9086498,,69150880.0
2020-02-06,7.75,7.9,7.56,7.81,7102257,,55286892.0
2020-02-07,7.8,7.95,7.7,7.88,5721500,,44850660.0
2020-02-10,7.85,8.08,7.78,8.05,6482353,,51565932.0
2020-02-11,8.05,8.1,7.95,7.98,5117494,,41029172.0
2020-02-12,7.92,8.68,7.89,8.42,10421043,,86541552.0
2020-02-13,8.33,8.44,8.1,8.22,8651947,,71184816.0
2020-02-14,8.2,8.3,8.11,8.17,5558350,,45505360.0
2020-02-17,8.15,8.37,8.11,8.33,6136257,,50721856.0
2020-02-18,8.37,8.64,8.29,8.59,8314281,,70384072.0
2020-02-19,8.95,9.45,8.92,9.45,8063400,,75229672.0
2020-02-20,10.02,10.25,9.65,9.82,33422871,,330878336.0
2020-02-21,9.53,9.76,9.26,9.5,17663305,,168074336.0
2020-02-24,9.41,9.47,9.16,9.34,12476982,,116169056.0
2020-02-25,9.01,9.17,8.71,9.11,12464745,,112518176.0
2020-02-26,8.95,9.38,8.85,9.2,9690386,,89166784.0
2020-02-27,9.19,9.29,8.95,9.05,5193850,,47102964.0
2020-02-28,8.64,8.79,8.16,8.18,8667880,,73678792.0
2020-03-02,8.2,8.6,8.2,8.54,5984329,,50524236.0
2020-03-03,8.56,8.85,8.43,8.52,5897900,,50838348.0
2020-03-04,8.5,8.54,8.35,8.49,5154991,,43571884.0
2020-03-05,8.57,8.75,8.55,8.74,7233720,,62553724.0
2020-03-06,8.62,8.86,8.58,8.74,6049402,,53002504.0
2020-03-09,8.74,8.74,8.36,8.41,5933900,,50523384.0
2020-03-10,8.26,8.55,8.12,8.55,5282529,,44058576.0
2020-03-11,8.49,8.75,8.43,8.46,5028596,,43263856.0
2020-03-12,8.45,8.45,8.15,8.21,4023391,,33290302.0
2020-03-13,7.87,8.09,7.6,7.99,5994225,,47045540.0
2020-03-16,8.12,8.19,7.71,7.75,4401137,,35072264.0
2020-03-17,7.66,7.85,7.33,7.56,4310087,,32473200.0
2020-03-18,7.59,7.75,7.42,7.45,3051900,,23204816.0
2020-03-19,7.4,7.65,7.34,7.59,3187350,,23826396.0
2020-03-20,7.69,7.74,7.56,7.72,2391414,,18283588.0
2020-03-23,7.64,7.64,7.33,7.37,2166561,,16193024.0
2020-03-24,7.4,7.65,7.33,7.54,2276781,,16998660.0
2020-03-25,7.68,7.8,7.62,7.78,3685247,,28408994.0
2020-03-26,7.76,7.76,7.63,7.67,1941347,,14939451.0
2020-03-27,7.74,7.87,7.64,7.66,2697140,,20893966.0
2020-03-30,7.53,7.63,7.38,7.56,2514147,,18854470.0
2020-03-31,7.56,7.62,7.25,7.29,3891447,,28731618.0
2020-04-01,7.16,7.31,7.14,7.2,2605520,,18840806.0
2020-04-02,7.1,7.29,7.07,7.28,3289750,,23552976.0
2020-04-03,7.35,7.35,7.14,7.17,1982900,,14344832.0
2020-04-07,7.28,7.45,7.23,7.37,3396366,,24905956.0
2020-04-08,7.39,7.51,7.27,7.45,2548868,,18919522.0
2020-04-09,7.51,7.71,7.47,7.52,3586350,,27187472.0
2020-04-10,7.58,7.59,7.31,7.31,2982750,,22093508.0
2020-04-13,7.33,7.34,7.19,7.23,1660049,,12028541.0
2020-04-14,7.16,7.28,7.15,7.27,2994748,,21607404.0
2020-04-15,7.27,7.31,7.12,7.15,2394832,,17256196.0
2020-04-16,7.1,7.16,7.08,7.11,2554243,,18169188.0
2020-04-17,7.11,7.2,7.07,7.09,2187500,,15612946.0
2020-04-20,7.16,7.16,7.05,7.15,1880300,,13364440.0
2020-04-21,7.15,7.15,7.04,7.06,2381850,,16855408.0
2020-04-22,7.04,7.12,6.95,7.1,1776550,,12531860.0
2020-04-23,7.1,7.13,7.02,7.02,1723293,,12180561.0
2020-04-24,7.03,7.05,6.76,6.78,3199850,,22066854.0
2020-04-27,6.78,6.85,6.66,6.72,2025400,,13651530.0
2020-04-28,6.72,6.75,6.22,6.36,2918693,,18760998.0
2020-04-29,6.32,6.57,6.32,6.48,2151087,,13984379.0
2020-04-30,6.45,6.67,6.45,6.64,1783668,,11793643.0
2020-05-06,6.59,6.87,6.59,6.85,2765841,,18724728.0
2020-05-07,6.87,6.92,6.81,6.86,2225419,,15283798.0
2020-05-08,6.96,6.96,6.78,6.86,1654800,,11325575.0
2020-05-11,6.8,6.91,6.75,6.82,1982431,,13530141.0
2020-05-12,6.78,6.89,6.76,6.8,1321404,,9008877.0
2020-05-13,6.73,6.92,6.73,6.89,1878790,,12869426.0
2020-05-14,6.89,6.97,6.83,6.83,2696122,,18567884.0
2020-05-15,6.86,6.92,6.85,6.88,1591741,,10960764.0
2020-05-18,6.88,7.36,6.88,7.29,6539535,,46958564.0
2020-05-19,7.32,7.89,7.32,7.81,10193027,,77790184.0
2020-05-20,7.75,7.98,7.66,7.86,6961185,,54435784.0
2020-05-21,7.94,8.14,7.76,8.08,7127806,,56771728.0
2020-05-22,8.1,8.14,7.65,7.85,8973890,,70706856.0
2020-05-25,7.68,7.68,7.07,7.07,8144736,,58993612.0
2020-05-26,6.89,6.89,6.36,6.63,17786956,,115806232.0
2020-05-27,6.51,6.54,6.37,6.45,9664950,,62410776.0
2020-05-28,6.39,6.56,6.3,6.56,8212734,,52781508.0
2020-05-29,6.49,6.52,6.38,6.39,4384710,,28275310.0
2020-06-01,6.4,6.57,6.4,6.54,5586720,,36365444.0
2020-06-02,6.6,6.8,6.57,6.72,6426476,,43077140.0
2020-06-03,6.73,6.81,6.66,6.71,5666254,,38231936.0
2020-06-04,6.74,6.78,6.62,6.76,4620740,,30984374.0
2020-06-05,6.79,6.86,6.7,6.73,3316800,,22414184.0
2020-06-08,6.77,6.79,6.64,6.69,3057000,,20536052.0
2020-06-09,6.68,6.76,6.65,6.74,3155490,,21178558.0
2020-06-10,6.74,6.74,6.66,6.67,1820500,,12168300.0
2020-06-11,6.68,6.69,6.54,6.61,3298500,,21798892.0
2020-06-12,6.45,6.62,6.43,6.57,2209590,,14471248.0
2020-06-15,6.57,6.63,6.51,6.53,2037000,,13394252.0
2020-06-16,6.6,6.6,6.51,6.57,1913700,,12546821.0
2020-06-17,6.6,6.6,6.49,6.53,2161100,,14099881.0
2020-06-18,6.52,6.62,6.47,6.56,2764504,,18021414.0
2020-06-19,6.56,6.61,6.52,6.58,1765550,,11594090.0
2020-06-22,6.6,6.62,6.55,6.59,1874975,,12334448.0
2020-06-23,6.56,6.58,6.47,6.49,1791300,,11656961.0
2020-06-24,6.48,6.52,6.38,6.41,1466300,,9444617.0
2020-06-29,6.39,6.42,6.31,6.31,1419600,,9030608.0
2020-06-30,6.34,6.39,6.31,6.39,1481269,,9418902.0
2020-07-01,6.36,6.46,6.36,6.42,1344800,,8626059.0
2020-07-02,6.39,6.55,6.39,6.55,1974718,,12851821.0
2020-07-03,6.53,6.6,6.49,6.52,4567000,,29856076.0
2020-07-06,6.54,6.79,6.52,6.77,7871750,,52500952.0
2020-07-07,6.81,6.9,6.73,6.86,7643450,,52089476.0
2020-07-08,6.87,6.94,6.75,6.91,5897490,,40419404.0
2020-07-09,6.91,7.18,6.9,7.17,7282419,,51369928.0
2020-07-10,7.12,7.3,7.03,7.08,6358818,,45438252.0
2020-07-13,7.08,7.24,7.06,7.2,5983168,,42855876.0
2020-07-14,7.23,7.25,6.97,7.12,5570152,,39582148.0
2020-07-15,7.14,7.17,6.81,6.84,6235487,,43341288.0
2020-07-16,6.88,6.93,6.58,6.59,4829300,,32648256.0
2020-07-17,6.48,6.6,6.37,6.4,5974169,,38415764.0
2020-07-20,6.45,6.6,6.38,6.6,5179465,,33546928.0
2020-07-21,6.59,6.69,6.55,6.66,3933294,,26063338.0
2020-07-22,6.66,6.7,6.58,6.6,4193514,,27824736.0
2020-07-23,6.62,6.62,6.4,6.51,4281950,,27807120.0
2020-07-24,6.47,6.56,6.21,6.21,6681867,,42417580.0
2020-07-27,6.24,6.25,6.06,6.11,3676269,,22553872.0
2020-07-28,6.12,6.28,6.11,6.22,3433666,,21248684.0
2020-07-29,6.21,6.34,6.12,6.33,4735518,,29595450.0
2020-07-30,6.32,6.39,6.28,6.3,3449200,,21839132.0
2020-07-31,6.3,6.36,6.24,6.33,3365369,,21215190.0
2020-08-03,6.78,6.96,6.78,6.96,5041454,,34974788.0
2020-08-04,7.15,7.15,6.56,6.62,15856456,,107186096.0
2020-08-05,6.51,6.78,6.51,6.68,6286238,,41764412.0
2020-08-06,6.64,6.72,6.48,6.6,4784820,,31540042.0
2020-08-07,6.6,6.65,6.47,6.52,3510076,,22939036.0
2020-08-10,6.53,6.68,6.46,6.62,4617976,,30539380.0
2020-08-11,6.63,6.75,6.52,6.52,5202676,,34676000.0
2020-08-12,6.48,6.57,6.35,6.51,4316633,,27716214.0
2020-08-13,6.49,6.68,6.49,6.68,4699745,,31087134.0
2020-08-14,6.7,6.73,6.53,6.63,3034900,,20054858.0
2020-08-17,6.65,6.73,6.6,6.72,5640100,,37607768.0
2020-08-18,6.69,6.73,6.63,6.71,5800000,,38674108.0
2020-08-19,6.69,6.78,6.6,6.66,6233800,,41685856.0
2020-08-20,6.62,6.71,6.58,6.67,5033250,,33498096.0
2020-08-21,6.66,6.77,6.66,6.76,5561037,,37362392.0
2020-08-24,6.75,6.88,6.66,6.87,7063198,,47856476.0
2020-08-25,6.86,6.94,6.76,6.9,7935155,,54433932.0
2020-08-26,6.89,7.29,6.71,6.79,9649915,,66915352.0
2020-08-27,6.75,6.88,6.65,6.87,6183523,,41730864.0
2020-08-28,6.84,7.1,6.84,6.94,6832803,,47297468.0
2020-08-31,6.93,6.97,6.71,6.73,8235557,,56357428.0
2020-09-01,6.73,6.75,6.62,6.68,3907800,,26070296.0
2020-09-02,6.7,7.35,6.59,7.35,21922224,,156099264.0
2020-09-03,8.09,8.09,8.09,8.09,5629750,,45544676.0
2020-09-04,8.69,8.9,8.21,8.9,58445652,,510126880.0
2020-09-07,8.8,9.6,8.44,9.35,64365490,,578752512.0
2020-09-08,8.79,9.0,8.42,8.44,42811102,,370197056.0
2020-09-09,8.1,8.7,7.99,8.35,31049920,,259755664.0
2020-09-10,8.35,8.66,7.53,7.56,26312763,,213465408.0
2020-09-11,7.66,8.32,7.66,8.32,13764976,,112394656.0
2020-09-14,8.51,9.15,8.33,8.89,48798782,,429707808.0
2020-09-15,8.84,9.51,8.5,8.89,35055902,,314857120.0
2020-09-16,8.99,9.6,8.92,9.35,38688113,,355749888.0
2020-09-17,9.11,10.29,8.95,10.29,33091127,,323505760.0
2020-09-18,11.0,11.32,10.8,11.32,14694516,,164187312.0
2020-09-21,12.16,12.16,10.4,11.7,45728476,,522927584.0
2020-09-22,11.17,11.57,10.7,11.14,25648584,,286729184.0
2020-09-23,11.17,11.19,10.25,10.5,29470140,,312987776.0
2020-09-24,10.58,10.92,9.9,9.9,22461375,,230786544.0
2020-09-25,10.06,10.67,10.04,10.58,25718550,,267010544.0
2020-09-28,10.56,11.55,10.3,11.23,25466951,,280693504.0
2020-09-29,11.54,11.71,10.79,11.05,21718612,,243491872.0
2020-09-30,11.14,11.28,10.4,10.63,17585916,,188918816.0
2020-10-09,11.0,11.69,10.74,11.69,8716000,,99786536.0
2020-10-12,12.59,12.86,12.32,12.86,7918482,,100031072.0
2020-10-13,13.5,14.15,12.8,13.61,47379484,,649674816.0
2020-10-14,13.45,14.97,13.44,14.97,21502300,,309498816.0
2020-10-15,15.0,15.4,13.47,14.0,38291745,,540886592.0
2020-10-16,14.01,15.13,13.69,14.25,22758860,,327083136.0
2020-10-19,14.23,15.06,14.15,14.38,18749590,,273513376.0
2020-10-20,14.3,15.82,13.59,15.82,29323400,,431141696.0
2020-10-21,15.91,16.87,15.5,15.6,33661151,,545430912.0
2020-10-22,15.6,16.23,14.72,15.78,21043094,,323366496.0
2020-10-23,15.54,15.65,14.45,14.7,20345689,,305384224.0
2020-10-26,14.76,15.09,14.0,14.43,17320852,,252858256.0
2020-10-27,14.4,15.87,14.03,15.87,28303668,,424523040.0
2020-10-28,15.8,17.46,15.25,17.46,28456640,,465441184.0
2020-10-29,16.83,18.21,16.71,17.54,30233171,,528169216.0
2020-10-30,17.29,17.49,16.25,16.28,20812291,,350299680.0
2020-11-02,16.05,17.8,15.98,17.42,22404598,,375140832.0
2020-11-03,17.16,17.28,15.68,15.78,25183583,,411066112.0
2020-11-04,15.7,16.5,15.31,15.99,16146550,,257307296.0
2020-11-05,16.0,17.59,15.72,17.59,28634499,,486238368.0
2020-11-06,18.14,18.5,16.61,17.1,25643556,,449926688.0
2020-11-09,17.32,18.0,16.21,17.11,25592921,,435306624.0
2020-11-10,17.27,17.78,16.01,16.78,22136116,,370458240.0
2020-11-11,16.59,17.48,16.18,16.41,18317616,,305446720.0
2020-11-12,16.2,16.47,15.72,16.0,14127570,,226019520.0
2020-11-13,16.05,16.68,15.6,16.12,19448626,,315431232.0
2020-11-16,15.89,15.89,14.51,14.51,23440299,,346352960.0
2020-11-17,14.09,14.11,13.06,13.06,26736837,,360779552.0
2020-11-18,12.69,13.15,12.42,12.79,21131367,,270470496.0
2020-11-19,12.82,13.18,12.56,12.79,15328593,,197415888.0
2020-11-20,12.74,13.3,12.56,13.03,14621967,,189399120.0
2020-11-23,13.03,14.2,12.73,14.18,20504067,,279173728.0
2020-11-24,14.0,14.97,13.44,14.3,25648818,,363903936.0
2020-11-25,14.48,14.79,13.59,13.6,22205301,,314876256.0
2020-11-26,13.7,13.85,12.9,13.69,18176517,,243613680.0
2020-11-27,13.39,13.56,12.96,13.1,12453600,,164508144.0
2020-11-30,13.03,13.31,12.66,12.67,11834400,,153603664.0
2020-12-01,12.67,13.9,12.55,13.62,22549000,,301319456.0
2020-12-02,13.85,13.89,13.0,13.36,15572799,,207380800.0
2020-12-03,13.4,13.55,12.9,13.04,10490000,,137249008.0
2020-12-04,13.0,13.46,12.86,13.19,9251300,,121982504.0
2020-12-07,13.11,13.42,12.88,12.89,8804100,,115119128.0
2020-12-08,13.0,14.18,12.91,14.18,25737499,,358135104.0
2020-12-09,14.32,15.59,14.3,15.0,36565450,,546111296.0
2020-12-10,14.79,14.98,14.26,14.46,18953200,,276188480.0
2020-12-11,14.4,14.59,13.81,14.02,12896613,,182207984.0
2020-12-14,14.02,15.1,13.67,14.93,18945380,,276046528.0
2020-12-15,14.61,14.91,14.33,14.52,12846715,,187393120.0
2020-12-16,14.6,15.35,14.4,15.16,18687600,,278314880.0
2020-12-17,15.05,15.66,14.7,15.45,15033613,,228783408.0
2020-12-18,15.33,16.59,15.2,16.17,15543751,,248139968.0
2020-12-21,16.18,17.19,15.99,16.67,18688900,,310475392.0
2020-12-22,16.31,18.08,16.14,16.47,16912825,,285472832.0
2020-12-23,16.61,17.8,16.16,16.7,18454544,,312271680.0
2020-12-24,16.7,16.89,15.03,15.6,22581874,,355019648.0
2020-12-25,15.51,17.16,15.35,17.16,25787103,,422148992.0
2020-12-28,17.14,18.88,16.75,18.52,31827465,,564140288.0
2020-12-29,18.33,18.72,16.67,16.67,23533206,,406759296.0
2020-12-30,16.64,17.75,16.6,16.92,16628179,,287044384.0
2020-12-31,17.03,17.15,16.35,16.62,14677897,,245554528.0
2021-01-04,16.72,17.68,16.5,17.01,14384131,,246568608.0
2021-01-05,17.38,18.71,17.36,18.71,23654640,,430856384.0
2021-01-06,19.28,20.0,17.96,19.51,26923675,,515289568.0
2021-01-07,19.51,19.6,18.37,18.97,16790713,,318998560.0
2021-01-08,19.17,20.87,18.78,20.87,19812928,,392145792.0
2021-01-11,20.0,20.88,18.78,18.93,23598418,,460904896.0
2021-01-12,19.05,20.42,17.39,19.75,23165699,,448941312.0
2021-01-13,20.09,21.73,19.8,20.6,30786409,,653573056.0
2021-01-14,20.3,22.66,20.25,21.59,23355667,,501455360.0
2021-01-15,21.0,23.72,19.63,23.1,23935087,,510097568.0
2021-01-18,22.55,25.41,22.55,25.41,25121340,,611293888.0
2021-01-19,25.41,27.89,25.0,25.28,26680636,,701697024.0
2021-01-20,25.67,26.18,22.88,24.6,29594889,,719474368.0
2021-01-21,24.52,24.56,23.18,23.51,25995281,,618311232.0
2021-01-22,23.01,24.46,22.63,23.93,23480899,,554051136.0
2021-01-25,23.54,26.32,23.54,25.26,26337345,,669001984.0
2021-01-26,24.89,25.99,22.73,22.73,27799586,,656033792.0
2021-01-27,22.49,22.96,21.01,21.66,16230026,,354856000.0
2021-01-28,21.3,21.59,19.77,20.03,18756432,,383943136.0
2021-01-29,20.78,21.2,19.6,20.73,18009844,,367981184.0
2021-02-01,20.59,20.6,19.08,19.2,15081697,,296407616.0
2021-02-02,19.5,20.49,19.01,20.41,13996247,,279488448.0
2021-02-03,20.35,22.45,19.82,22.45,21942847,,477941568.0
2021-02-04,22.47,23.0,20.21,20.21,24182246,,516122624.0
2021-02-05,19.9,20.81,18.8,19.26,17962952,,352612640.0
2021-02-08,19.18,19.9,17.81,19.8,15447250,,290638528.0
2021-02-09,19.64,21.0,19.54,20.53,12387700,,253041200.0
2021-02-10,20.53,20.65,19.4,19.59,11229263,,222372992.0
2021-02-18,20.29,20.51,18.5,19.01,15272832,,294168832.0
2021-02-19,19.0,19.36,17.75,18.5,16154725,,297028384.0
2021-02-22,18.8,19.78,17.38,19.23,25726536,,477322528.0
2021-02-23,18.5,18.55,17.31,17.43,20049400,,355343744.0
2021-02-24,17.55,18.1,17.1,17.95,16270304,,285670016.0
2021-02-25,18.58,19.4,18.35,18.78,18981080,,357372672.0
2021-02-26,18.0,19.99,17.78,19.49,18503506,,357650624.0
2021-03-01,19.78,21.08,19.5,20.23,16962999,,346481728.0
2021-03-02,20.4,20.8,19.8,20.02,13588615,,275103552.0
2021-03-03,19.73,21.45,19.61,20.7,18397050,,381348224.0
2021-03-04,21.5,21.5,19.96,20.29,14414854,,294843584.0
2021-03-05,19.7,20.25,19.09,19.12,13975970,,272680224.0
2021-03-08,19.52,20.2,18.2,18.42,14837610,,286640064.0
2021-03-09,18.43,18.75,17.25,18.15,12435928,,224124752.0
2021-03-10,18.64,18.98,18.08,18.29,9475770,,174704464.0
2021-03-11,18.13,18.73,17.92,18.4,9647520,,176690992.0
2021-03-12,17.5,17.87,16.56,16.56,24924202,,421250752.0
2021-03-15,16.39,16.79,15.68,16.51,15574363,,252558512.0
2021-03-16,16.61,16.74,15.14,15.57,18377994,,288269984.0
2021-03-17,15.59,16.82,15.4,16.59,20711580,,335423712.0
2021-03-18,16.69,16.75,15.69,16.15,16055553,,258063184.0
2021-03-19,15.69,15.99,15.2,15.26,11047554,,171401792.0
2021-03-22,15.38,15.64,15.0,15.41,8189200,,125754912.0
2021-03-23,15.39,15.41,14.5,14.88,12157599,,180297696.0
2021-03-24,14.88,15.36,14.47,14.64,9782152,,145285760.0
2021-03-25,14.64,15.57,14.4,14.74,14567300,,219001952.0
2021-03-26,14.0,14.62,13.7,14.36,24112344,,340681536.0
2021-03-29,14.07,14.23,13.58,13.74,17793800,,247129088.0
2021-03-30,13.76,13.83,13.18,13.4,11595700,,156448128.0
2021-03-31,13.65,14.05,13.41,13.74,17974599,,246531824.0
2021-04-01,13.6,13.75,13.29,13.57,14478132,,195874032.0
2021-04-02,13.63,13.83,13.2,13.38,13187243,,177848032.0
2021-04-06,13.43,13.93,13.4,13.79,15634507,,214072992.0
2021-04-07,13.8,13.87,13.24,13.36,13222047,,177956816.0
2021-04-08,13.28,13.28,12.95,13.13,10202450,,133856696.0
2021-04-09,13.26,13.66,12.91,13.15,15123889,,200979728.0
2021-04-12,12.95,12.98,12.25,12.3,16635216,,207162528.0
2021-04-13,12.2,12.43,12.0,12.08,11107620,,135240256.0
2021-04-14,12.24,12.59,12.08,12.51,13065900,,161582320.0
2021-04-15,12.4,12.49,12.11,12.35,9774952,,119995928.0
2021-04-16,12.48,12.77,12.33,12.61,10478152,,131693128.0
2021-04-19,12.91,13.87,12.91,13.87,16095938,,216352928.0
2021-04-20,14.5,15.26,14.03,14.31,45427753,,659592768.0
2021-04-21,13.96,14.58,13.9,14.24,22271065,,315747616.0
2021-04-22,14.24,14.46,13.98,14.14,14997000,,212631504.0
2021-04-23,14.09,15.47,13.99,15.34,39538584,,589940032.0
2021-04-26,15.34,16.54,14.84,16.25,38609597,,613934272.0
2021-04-27,15.98,17.26,15.89,16.99,28864817,,481139744.0
2021-04-28,17.37,18.6,15.98,18.14,36443892,,638457856.0
2021-04-29,18.01,19.3,17.49,18.87,32508034,,596642752.0
2021-04-30,18.34,19.3,18.28,18.59,24155401,,451213632.0
2021-05-06,18.15,18.75,17.9,18.2,25016201,,456837280.0
2021-05-07,18.33,19.08,18.06,18.18,22222935,,412296192.0
2021-05-10,17.98,19.82,17.98,19.68,30340333,,573323136.0
2021-05-11,19.15,19.32,18.5,18.53,21989000,,414824704.0
2021-05-12,18.79,19.49,18.45,19.33,17174453,,328001856.0
2021-05-13,18.89,19.86,18.62,19.31,15206165,,292260224.0
2021-05-14,19.6,19.76,18.41,19.2,18275650,,350746432.0
2021-05-17,19.07,20.18,19.06,19.42,21555930,,421039296.0
2021-05-18,19.17,21.36,19.17,21.36,25288850,,521090592.0
2021-05-19,22.0,23.5,21.59,23.5,25187200,,571973440.0
2021-05-20,24.14,24.68,22.9,23.5,33177400,,790138368.0
2021-05-21,23.36,23.46,21.47,22.29,38056435,,846792704.0
2021-05-24,22.06,22.95,21.41,22.3,28155150,,624389248.0
2021-05-25,22.0,22.54,20.67,21.41,28863388,,621596032.0
2021-05-26,21.51,23.1,21.23,22.28,25726270,,570710848.0
2021-05-27,22.5,23.65,22.26,22.55,21614750,,495215008.0
2021-05-28,23.16,24.81,23.12,24.81,16668300,,405116352.0
2021-05-31,26.11,27.29,25.18,27.29,15338350,,407576384.0
2021-06-01,28.5,29.2,26.69,28.68,43451850,,1220742528.0
2021-06-02,28.09,31.55,27.05,27.6,44025356,,1281632512.0
2021-06-03,27.79,30.36,26.11,29.9,56131129,,1617438336.0
2021-06-04,29.73,32.89,29.71,32.89,33559557,,1061255552.0
2021-06-07,35.39,35.53,33.1,35.15,45139297,,1552917888.0
2021-06-08,34.38,35.93,31.64,33.0,44783907,,1483530240.0
2021-06-09,32.0,32.83,30.4,32.2,26276845,,839661504.0
2021-06-10,32.05,35.42,31.5,35.42,40512400,,1391728384.0
2021-06-11,34.7,35.8,33.0,33.85,29434300,,1009397632.0
2021-06-15,33.8,34.49,32.61,33.35,24009169,,806032256.0
2021-06-16,32.78,32.9,30.02,30.02,13423700,,416613952.0
2021-06-17,27.8,29.54,27.23,28.11,51210774,,1441284224.0
2021-06-18,27.71,29.63,26.57,29.47,53031704,,1475167104.0
2021-06-21,28.66,32.28,28.5,30.78,45362693,,1389062016.0
2021-06-22,30.78,32.88,30.13,32.23,35264132,,1116688640.0
2021-06-23,31.59,35.22,31.59,34.35,36850218,,1223231616.0
2021-06-24,35.46,35.46,32.0,33.04,28476711,,949014656.0
2021-06-25,33.3,33.65,31.76,32.45,21652797,,704266880.0
2021-06-28,32.23,34.33,32.16,33.3,22161140,,740531904.0
2021-06-29,33.36,36.63,31.78,36.63,40258729,,1400827520.0
2021-06-30,36.6,38.46,34.63,37.15,41048754,,1503081472.0
2021-07-01,37.88,38.33,35.5,35.6,23048188,,840305728.0
2021-07-02,36.01,38.05,35.5,36.84,33312220,,1225932672.0
2021-07-05,36.49,39.55,35.56,39.42,35458067,,1328981248.0
2021-07-06,38.27,40.15,36.1,38.1,32466733,,1236971008.0
2021-07-07,36.51,39.0,35.99,38.09,22226278,,838581440.0
2021-07-08,38.28,41.01,37.76,39.92,28999564,,1144947584.0
2021-07-09,39.09,43.91,37.7,42.96,31376653,,1276983552.0
2021-07-12,43.0,46.6,43.0,45.45,28443561,,1284027264.0
2021-07-13,45.0,50.0,43.66,50.0,29009871,,1351751552.0
2021-07-14,48.0,54.8,45.0,45.05,33372859,,1595583872.0
2021-07-15,45.05,47.48,43.0,46.77,24114417,,1093263488.0
2021-07-16,45.61,47.25,43.63,44.25,27286121,,1241558400.0
2021-07-19,43.61,44.25,39.83,40.65,36975200,,1539042944.0
2021-07-20,39.96,41.48,39.59,40.9,20810820,,845258368.0
2021-07-21,41.61,43.72,41.05,42.19,30690569,,1307584128.0
2021-07-22,42.61,45.56,40.17,44.82,37534261,,1612857472.0
2021-07-23,44.0,46.8,43.4,45.53,35080102,,1585653120.0
2021-07-26,46.5,47.4,42.33,45.01,29948332,,1352029184.0
2021-07-27,44.39,44.98,40.51,40.51,34355528,,1447542400.0
2021-07-28,37.9,39.05,36.46,36.86,28862251,,1084003072.0
2021-07-29,37.63,40.47,37.63,39.95,31937355,,1253250304.0
2021-07-30,39.29,40.4,36.88,37.45,28403500,,1083875840.0
2021-08-02,38.41,39.39,36.0,37.56,30323723,,1140804992.0
2021-08-03,37.62,39.0,36.49,37.81,26461614,,1001652928.0
2021-08-04,37.1,41.18,36.78,40.35,36136080,,1428930432.0
2021-08-05,39.78,39.78,37.8,37.94,30728153,,1182723072.0
2021-08-06,39.79,41.73,39.5,41.73,31924246,,1308522752.0
2021-08-09,42.0,42.0,38.01,39.83,35180646,,1397214592.0
2021-08-10,39.28,40.72,37.56,38.58,25076634,,979378752.0
2021-08-11,38.38,41.0,37.6,39.85,26554202,,1052010624.0
2021-08-12,39.58,43.0,38.6,42.47,31750024,,1305989120.0
2021-08-13,42.61,44.17,41.29,41.57,27814421,,1189141120.0
2021-08-16,41.57,41.73,37.62,37.98,25133155,,981794944.0
2021-08-17,37.91,38.85,36.63,37.18,16922063,,637893888.0
2021-08-18,37.49,38.67,36.72,37.33,15779050,,593794560.0
2021-08-19,36.67,39.88,36.5,39.2,23566088,,910863744.0
2021-08-20,38.62,40.42,38.28,39.78,17406421,,686895872.0
2021-08-23,40.8,41.47,37.94,39.67,26656590,,1049733568.0
2021-08-24,40.0,43.24,39.9,41.51,36398508,,1521976320.0
2021-08-25,41.29,41.5,39.21,40.52,28559123,,1149154560.0
2021-08-26,39.77,40.4,38.0,38.17,29072414,,1135111296.0
2021-08-27,38.74,41.99,37.61,41.99,45281660,,1839123712.0
2021-08-30,42.54,44.16,41.2,42.15,42900095,,1831965312.0
2021-08-31,42.16,43.43,40.16,42.3,32455467,,1355450496.0
2021-09-01,43.36,43.89,38.1,38.53,42093052,,1698626816.0
2021-09-02,37.97,39.12,37.01,38.36,25834463,,984809152.0
2021-09-03,37.31,39.11,35.25,35.99,32282905,,1194426880.0
2021-09-06,35.5,36.61,34.0,35.53,20420150,,717548800.0
2021-09-07,35.65,38.79,35.2,37.77,31522790,,1178272512.0
2021-09-08,37.08,38.15,36.47,37.02,22717973,,845309312.0
2021-09-09,37.5,38.74,36.73,37.51,21991018,,828749184.0
2021-09-10,37.38,41.26,37.02,41.26,39576437,,1574177024.0
2021-09-13,42.08,44.58,41.31,43.6,51844603,,2224295936.0
2021-09-14,43.79,47.96,42.95,46.34,49390252,,2288209152.0
2021-09-15,49.0,50.97,48.66,50.97,22823149,,1143209216.0
2021-09-16,51.5,53.01,47.16,48.56,60681893,,3035924736.0
2021-09-17,49.61,52.7,46.67,51.63,46930606,,2323994368.0
2021-09-22,50.11,52.88,49.51,50.36,34967971,,1777868288.0
2021-09-23,51.35,51.5,47.23,47.3,34988986,,1712517632.0
2021-09-24,47.63,50.37,46.38,47.77,27224513,,1316479616.0
2021-09-27,48.5,49.38,43.66,45.03,28728470,,1319458048.0
2021-09-28,46.52,47.49,43.88,44.2,21849167,,988128896.0
2021-09-29,43.99,44.78,41.79,42.15,23422481,,1008409664.0
2021-09-30,42.98,45.6,42.24,44.14,20610232,,907410944.0
2021-10-08,45.49,46.25,39.88,41.53,37675486,,1604592384.0
2021-10-11,41.48,41.48,38.5,39.45,18539006,,738937472.0
2021-10-12,40.04,40.04,36.6,37.56,20484517,,776323200.0
2021-10-13,37.73,38.78,36.58,38.25,20654085,,776889536.0
2021-10-14,37.51,38.98,37.08,38.26,17178300,,657067328.0
2021-10-15,37.98,39.79,37.8,38.77,25992700,,1009857984.0
2021-10-18,39.18,39.83,37.01,39.75,40894978,,1574828416.0
2021-10-19,39.22,40.5,38.8,39.32,29827519,,1176759040.0
2021-10-20,38.6,42.27,38.38,40.54,39018938,,1584944896.0
2021-10-21,40.47,41.75,40.11,40.66,29975492,,1225334784.0
2021-10-22,40.8,42.42,39.67,40.3,32423152,,1333163136.0
2021-10-25,39.99,42.3,39.74,42.3,34177341,,1413684352.0
2021-10-26,43.0,43.4,40.4,40.54,41598527,,1742037632.0
2021-10-27,40.05,41.5,39.75,40.23,28483074,,1156138624.0
2021-10-28,39.0,39.8,36.66,36.72,33523694,,1272515840.0
2021-10-29,37.0,38.39,37.0,38.2,22789853,,862425792.0
2021-11-01,38.2,38.83,37.1,37.26,19603359,,739435648.0
2021-11-02,37.0,37.53,34.82,35.39,25614841,,922658112.0
2021-11-03,34.88,35.28,34.16,34.59,16686469,,577529024.0
2021-11-04,34.71,35.2,34.4,34.88,14399001,,500627424.0
2021-11-05,34.78,35.2,32.97,33.08,22549095,,765721088.0
2021-11-08,32.25,34.66,32.21,34.38,18288748,,620180672.0
2021-11-09,34.2,34.63,33.81,34.27,11630441,,397859936.0
2021-11-10,34.01,34.08,31.89,33.0,18139715,,594632064.0
2021-11-11,32.8,33.26,31.95,32.35,12394238,,403389664.0
2021-11-12,32.5,32.62,31.78,32.09,14448190,,464424864.0
2021-11-15,31.9,31.98,30.75,31.01,15676829,,488543392.0
2021-11-16,31.24,31.31,29.57,29.7,15480100,,469736992.0
2021-11-17,29.71,30.79,29.68,30.49,17220853,,523436640.0
2021-11-18,30.6,31.55,29.59,30.82,21964488,,673359488.0
2021-11-19,30.7,31.03,29.94,30.26,15253056,,463855104.0
2021-11-22,30.2,33.29,30.03,33.29,23423817,,746802112.0
2021-11-23,33.65,33.75,32.29,32.34,26588500,,874723840.0
2021-11-24,30.62,31.49,30.33,30.52,28876007,,885889792.0
2021-11-25,30.5,30.78,29.81,29.99,15946229,,481383968.0
2021-11-26,30.0,31.3,30.0,30.48,16636550,,508632640.0
2021-11-29,29.7,32.3,29.53,31.53,20494314,,640794176.0
2021-11-30,31.85,32.65,31.27,31.81,19244500,,613655168.0
2021-12-01,31.45,31.92,31.07,31.84,13278566,,418586496.0
2021-12-02,31.83,32.62,31.62,32.14,15339985,,491589632.0
2021-12-03,32.1,32.13,31.0,31.49,12320390,,388274624.0
2021-12-06,31.49,31.68,30.5,30.65,12506593,,388230624.0
2021-12-07,31.43,31.68,29.86,30.27,13943957,,425323616.0
2021-12-08,30.03,31.7,30.02,31.5,18340454,,573777216.0
2021-12-09,31.34,31.68,30.84,30.92,12576941,,391113376.0
2021-12-10,30.59,31.86,30.58,31.44,16363582,,513362816.0
2021-12-13,31.75,31.95,31.15,31.46,10611000,,333395616.0
2021-12-14,31.32,31.43,30.55,30.72,10183500,,314135808.0
2021-12-15,30.47,31.12,30.41,30.44,7780552,,238736272.0
2021-12-16,30.5,30.72,30.0,30.51,8495844,,256669440.0
2021-12-17,30.04,30.42,28.81,28.9,18260800,,535566880.0
2021-12-20,28.55,28.93,27.6,27.66,11934600,,335389888.0
2021-12-21,27.56,28.3,27.56,28.18,7097400,,198712016.0
2021-12-22,28.18,29.1,28.17,29.01,9471900,,272279456.0
2021-12-23,29.0,29.3,28.44,28.7,6733900,,193650656.0
2021-12-24,28.68,28.68,26.76,26.86,16248121,,444075264.0
2021-12-27,26.81,27.38,26.4,26.99,8108072,,218726656.0
2021-12-28,27.01,28.35,26.93,28.28,13245600,,369755776.0
2021-12-29,27.87,29.4,27.85,28.91,14963900,,431438272.0
2021-12-30,28.73,29.19,28.33,28.8,11021400,,315939040.0
2021-12-31,28.81,29.84,28.71,29.3,12513160,,366379200.0
2022-01-04,29.99,30.08,28.55,29.17,9872200,,286333344.0
2022-01-05,28.68,28.78,27.25,27.9,12312400,,343154272.0
2022-01-06,27.74,29.08,27.32,28.65,10212499,,288993248.0
2022-01-07,28.46,29.68,27.94,28.47,13342960,,384164544.0
2022-01-10,28.42,29.13,28.07,28.6,8994424,,257765808.0
2022-01-11,28.09,28.67,25.74,25.74,23955600,,640855488.0
2022-01-12,25.57,26.18,24.83,26.12,20892314,,532829440.0
2022-01-13,25.86,26.39,25.4,25.65,11924000,,307750624.0
2022-01-14,25.3,26.0,25.22,25.74,7604203,,195534272.0
2022-01-17,25.62,26.34,25.4,26.23,10636200,,276175648.0
2022-01-18,26.24,26.44,25.59,25.76,7108130,,184610224.0
2022-01-19,27.0,27.15,24.92,25.36,18108000,,470528032.0
2022-01-20,25.29,25.8,24.38,24.45,10845400,,270649280.0
2022-01-21,24.6,25.45,24.11,24.7,8452489,,209996192.0
2022-01-24,24.59,26.39,24.36,25.89,16546300,,424792992.0
2022-01-25,25.54,26.5,24.79,24.89,13062600,,335542176.0
2022-01-26,25.22,25.35,24.38,25.02,9563825,,237535936.0
2022-01-27,24.98,25.25,23.68,23.72,10272600,,249952528.0
2022-01-28,24.03,24.9,23.73,24.37,11784240,,287164864.0
2022-02-07,25.15,25.37,24.8,25.16,10484561,,262749280.0
2022-02-08,25.09,25.76,24.7,25.66,10464267,,264858624.0
2022-02-09,25.7,25.9,25.23,25.86,8361369,,214620448.0
2022-02-10,25.86,26.26,25.68,26.08,8984785,,233231104.0
2022-02-11,25.88,26.68,25.68,26.09,11541500,,303666176.0
2022-02-14,25.79,26.55,25.5,26.26,8271200,,216442704.0
2022-02-15,26.3,27.5,26.3,27.5,15806696,,428260192.0
2022-02-16,27.59,27.62,26.96,27.03,12688695,,345603008.0
2022-02-17,26.89,28.2,26.87,27.83,16964601,,470347776.0
2022-02-18,27.51,27.97,27.36,27.73,9646528,,266719344.0
2022-02-21,27.79,28.04,27.29,27.57,10909900,,301122560.0
2022-02-22,27.36,27.97,27.11,27.66,17129803,,473533024.0
2022-02-23,27.56,28.91,27.42,28.7,18750553,,532930368.0
2022-02-24,28.55,30.57,28.03,29.06,32845488,,962807232.0
2022-02-25,29.4,29.65,28.5,28.56,17291000,,500642208.0
2022-02-28,27.59,27.95,26.18,27.8,23169184,,628782080.0
2022-03-01,28.06,29.5,27.32,29.27,26281700,,748082368.0
2022-03-02,29.25,29.26,28.61,28.66,14318600,,412950720.0
2022-03-03,28.75,28.85,27.6,27.62,11597300,,325226784.0
2022-03-04,27.23,27.5,26.09,26.37,15565082,,415987168.0
2022-03-07,25.88,26.43,25.22,25.36,10493000,,269932448.0
2022-03-08,25.18,25.6,23.5,24.19,13390929,,328068448.0
2022-03-09,24.22,24.69,22.86,24.12,11264789,,268917472.0
2022-03-10,25.2,26.53,24.78,25.89,25306550,,656863168.0
2022-03-11,25.7,27.1,25.24,27.08,21938350,,574544640.0
2022-03-14,26.5,28.15,26.42,27.38,20448237,,560526272.0
2022-03-15,27.3,27.65,26.3,26.41,16743750,,453553184.0
2022-03-16,26.95,27.98,25.8,27.98,21777030,,589037440.0
2022-03-17,28.84,29.35,28.0,28.45,26271318,,750528768.0
2022-03-18,28.2,31.0,28.1,30.07,36627010,,1097047552.0
2022-03-21,30.99,32.29,29.94,31.49,50206740,,1560075776.0
2022-03-22,31.04,31.18,30.09,30.15,25266959,,773073792.0
2022-03-23,30.35,30.42,29.11,29.3,19678895,,583040768.0
2022-03-24,29.02,30.66,28.8,30.08,22776866,,678640704.0
2022-03-25,29.59,29.88,28.41,28.41,20688900,,600986368.0
2022-03-28,28.0,28.6,27.4,27.92,14937900,,418095072.0
2022-03-29,27.65,28.58,27.29,27.92,12296995,,343426496.0
2022-03-30,28.12,29.18,27.7,28.73,15386557,,441269792.0
2022-03-31,28.59,28.59,27.27,27.36,15251671,,422333760.0
2022-04-01,26.8,28.12,26.76,27.59,10851060,,299355904.0
2022-04-06,27.65,27.73,26.32,26.5,11583857,,308772352.0
2022-04-07,26.41,27.0,26.14,26.22,9393400,,248998864.0
2022-04-08,26.25,26.35,25.22,25.6,11458181,,293474496.0
2022-04-11,25.5,25.5,23.95,24.05,12729605,,311424032.0
2022-04-12,24.0,24.42,23.66,24.4,9393571,,226677776.0
2022-04-13,24.11,24.93,23.71,24.4,10526100,,256574144.0
2022-04-14,24.61,25.08,24.36,24.78,9607716,,237637168.0
2022-04-15,24.56,24.65,23.9,24.19,8660500,,210076416.0
2022-04-18,24.1,24.85,23.05,24.62,10114100,,243752352.0
2022-04-19,24.4,24.95,24.32,24.53,7790200,,192213296.0
2022-04-20,24.66,25.0,23.81,24.1,8354642,,203898848.0
2022-04-21,23.8,24.08,22.7,22.79,9635550,,224774208.0
2022-04-22,22.5,23.32,22.18,23.05,7774527,,178566736.0
2022-04-25,22.5,22.5,20.75,20.75,11425313,,245918624.0
2022-04-26,20.75,20.99,19.22,19.5,10962743,,219671232.0
2022-04-27,18.93,21.21,18.9,21.16,18440903,,373262560.0
2022-04-28,20.86,21.8,20.7,21.04,13255269,,280867360.0
2022-04-29,21.4,22.86,21.12,22.8,15712544,,346334176.0
2022-05-05,22.8,23.26,22.33,22.72,15353200,,349825184.0
2022-05-06,22.09,22.54,21.73,21.9,11382500,,251037248.0
2022-05-09,21.7,22.38,21.65,22.14,6221005,,137399152.0
2022-05-10,21.7,22.64,21.55,22.52,9774482,,217573984.0
2022-05-11,22.52,23.58,22.11,22.7,16439173,,379232832.0
2022-05-12,22.41,22.62,21.88,22.26,11739117,,261467136.0
2022-05-13,22.27,22.48,21.75,21.93,8721100,,192207200.0
2022-05-16,21.99,22.53,21.5,21.71,10102019,,221661072.0
2022-05-17,21.63,22.35,21.5,22.13,12445294,,273730048.0
2022-05-18,22.05,22.65,21.8,22.1,12671778,,280985056.0
2022-05-19,21.67,22.67,21.6,22.51,14273876,,317124768.0
2022-05-20,22.51,23.44,22.36,23.31,17751200,,406773728.0
2022-05-23,23.31,23.8,23.05,23.77,17239078,,403046912.0
2022-05-24,23.52,24.09,22.39,22.39,19698878,,460303328.0
2022-05-25,22.8,22.82,21.9,22.41,11458498,,255309984.0
2022-05-26,22.35,22.43,21.32,22.0,11749958,,257114928.0
2022-05-27,22.3,22.62,21.7,21.88,9957111,,220847584.0
2022-05-30,22.24,22.24,21.62,21.97,7162500,,156976288.0
2022-05-31,21.97,22.27,21.46,22.18,9133000,,199707584.0
2022-06-01,22.1,22.74,21.91,22.6,11222400,,251936496.0
2022-06-02,22.41,23.2,22.27,22.96,11590294,,265121168.0
2022-06-06,22.96,24.91,22.9,24.55,25211771,,609480512.0
2022-06-07,24.51,24.73,23.68,23.83,17294894,,415553760.0
2022-06-08,24.08,24.48,23.36,24.19,18770619,,450590528.0
2022-06-09,23.88,24.09,23.41,23.57,13041500,,308808416.0
2022-06-10,23.34,24.37,23.27,24.24,16359350,,392793952.0
2022-06-13,23.98,25.39,23.84,25.15,23664561,,590645184.0
2022-06-14,24.8,26.34,24.67,26.34,29978169,,769999296.0
2022-06-15,26.5,26.9,25.43,25.43,24177754,,629667456.0
2022-06-16,25.4,25.87,25.13,25.48,14728132,,376083168.0
2022-06-17,25.26,27.16,25.08,27.04,26819276,,706816000.0
2022-06-20,27.36,27.99,26.91,26.97,26118467,,715063936.0
2022-06-21,26.83,26.97,26.05,26.47,18212917,,483466720.0
2022-06-22,26.55,26.99,26.0,26.1,14678378,,389773568.0
2022-06-23,26.1,26.6,25.19,26.56,20129800,,521953440.0
2022-06-24,26.5,27.4,26.35,27.04,20173984,,542669120.0
2022-06-27,27.44,27.59,26.8,26.91,20896440,,567239296.0
2022-06-28,26.74,28.58,26.74,28.28,24793616,,692976832.0
2022-06-29,28.1,28.1,26.38,26.48,22229372,,606628096.0
2022-06-30,26.88,27.94,26.7,27.18,16588601,,453427264.0
2022-07-01,27.01,28.28,26.71,28.04,21239260,,588833216.0
2022-07-04,28.2,29.91,27.97,29.61,35097878,,1017967552.0
2022-07-05,29.33,29.66,28.87,29.62,25410706,,744744896.0
2022-07-06,29.33,29.45,28.37,28.72,18345008,,531120672.0
2022-07-07,28.73,29.8,28.23,29.78,23975533,,702484608.0
2022-07-08,29.99,30.07,28.78,28.81,19508700,,570465024.0
2022-07-11,28.7,28.7,26.58,26.71,20688701,,562143360.0
2022-07-12,26.71,27.19,26.15,26.34,12225314,,325105824.0
2022-07-13,26.4,26.98,25.88,26.85,11854492,,313998688.0
2022-07-14,26.59,27.45,26.51,27.38,15004325,,406735456.0
2022-07-15,25.0,26.06,24.8,25.5,30461590,,775567424.0
2022-07-18,25.24,25.73,25.02,25.59,15299395,,388094400.0
2022-07-19,25.58,25.95,25.3,25.42,11982168,,306121952.0
2022-07-20,25.67,25.73,25.05,25.27,13279554,,336201664.0
2022-07-21,25.25,25.27,24.4,24.4,13625290,,337652000.0
2022-07-22,24.37,24.55,23.6,23.88,13493235,,323408160.0
2022-07-25,23.86,24.37,23.75,23.95,8656158,,208080880.0
2022-07-26,23.95,24.38,23.5,24.09,9263600,,222802768.0
2022-07-27,24.07,24.1,23.6,23.86,7358075,,175500016.0
2022-07-28,24.07,24.54,23.81,24.26,10139220,,245534416.0
2022-07-29,24.1,24.3,23.65,23.75,9403734,,224659024.0
2022-08-01,23.59,23.97,22.92,23.93,9460810,,222017936.0
2022-08-02,23.55,23.59,22.31,22.61,10486806,,239865696.0
2022-08-03,23.5,24.14,22.85,22.96,13146676,,309220128.0
2022-08-04,22.91,23.88,22.91,23.48,9371820,,219463232.0
2022-08-05,23.35,23.87,23.08,23.83,9125107,,215112496.0
2022-08-08,24.27,24.4,23.85,24.13,9417930,,227064848.0
2022-08-09,24.0,24.38,23.85,24.27,9267022,,224183824.0
2022-08-10,24.18,24.24,23.73,23.88,7905664,,189176048.0
2022-08-11,24.0,24.33,23.8,24.27,8473508,,204252576.0
2022-08-12,24.28,24.8,24.17,24.22,10878000,,266608288.0
2022-08-15,24.0,24.5,23.89,24.17,7989463,,193692416.0
2022-08-16,24.16,24.32,24.0,24.18,6899597,,166684576.0
2022-08-17,24.3,24.3,23.5,24.09,9045100,,216195152.0
2022-08-18,24.07,24.14,23.82,23.86,6043900,,144525456.0
2022-08-19,23.8,23.83,23.33,23.38,6296456,,148547216.0
2022-08-22,23.36,23.83,22.9,23.77,8619081,,201673536.0
2022-08-23,23.65,23.78,23.11,23.16,7738424,,180337872.0
2022-08-24,23.55,23.82,23.06,23.21,10948365,,256212368.0
2022-08-25,23.04,23.07,22.3,22.54,8722800,,196807680.0
2022-08-26,22.58,23.05,22.43,22.66,6025825,,137249280.0
2022-08-29,22.31,22.31,21.86,22.1,6392959,,141064032.0
2022-08-30,22.07,22.18,21.67,21.93,5863250,,128319744.0
2022-08-31,21.86,22.04,21.21,21.33,6058740,,130045744.0
2022-09-01,21.2,21.6,21.13,21.34,3920400,,83970696.0
2022-09-02,21.32,21.48,20.67,20.8,7128700,,150355168.0
2022-09-05,20.79,21.07,20.47,21.06,4926294,,102419144.0
2022-09-06,21.18,21.54,20.96,21.5,5936783,,126449744.0
2022-09-07,21.3,21.78,21.19,21.58,5022100,,108246880.0
2022-09-08,21.55,21.69,21.14,21.19,3901896,,83395328.0
2022-09-09,21.1,21.43,21.05,21.35,2680469,,57111160.0
2022-09-13,21.5,21.59,21.23,21.3,3254930,,69609400.0
2022-09-14,21.0,21.17,20.8,20.98,3608119,,75589848.0
2022-09-15,21.02,21.19,20.07,20.32,5820850,,119434936.0
2022-09-16,20.18,20.27,19.63,19.66,4531110,,90194520.0
2022-09-19,19.51,19.93,19.4,19.51,3104990,,61044404.0
2022-09-20,19.7,20.05,19.68,19.76,3845926,,76352168.0
2022-09-21,19.66,20.23,19.46,20.1,4959650,,98696880.0
2022-09-22,20.0,20.22,19.8,19.83,3521510,,70269616.0
2022-09-23,19.78,19.89,19.03,19.27,4634220,,89989664.0
2022-09-26,19.19,19.36,18.87,18.87,3691066,,70370344.0
2022-09-27,19.0,19.41,18.78,19.38,4634156,,88381192.0
2022-09-28,19.3,19.37,18.45,18.45,4593381,,86732552.0
2022-09-29,18.68,18.88,18.34,18.42,3614079,,67248720.0
2022-09-30,18.45,18.68,18.03,18.11,3071729,,56063268.0
2022-10-10,18.1,18.24,17.42,17.51,3527278,,62987576.0
2022-10-11,17.66,18.67,17.66,18.46,7734200,,140829920.0
2022-10-12,18.47,18.87,17.86,18.86,6697260,,122927640.0
2022-10-13,18.58,19.03,18.5,18.76,4767390,,89763360.0
2022-10-14,18.94,19.09,18.76,18.99,6479376,,122604904.0
2022-10-17,18.84,19.05,18.77,19.04,4023033,,76181792.0
2022-10-18,19.11,19.31,18.94,19.05,4310493,,82397216.0
2022-10-19,19.07,19.77,18.91,18.95,8473861,,164236528.0
2022-10-20,18.8,18.96,18.29,18.76,6425300,,119621552.0
2022-10-21,18.88,18.88,18.45,18.45,3486900,,64887784.0
2022-10-24,18.57,18.98,18.03,18.19,4892461,,90891944.0
2022-10-25,18.01,18.42,17.73,18.32,3964271,,71872048.0
2022-10-26,18.39,18.92,18.21,18.76,5670833,,105853576.0
2022-10-27,18.68,19.24,18.61,18.85,5574314,,105717232.0
2022-10-28,18.0,18.0,16.97,17.05,12366080,,215089840.0
2022-10-31,16.54,17.43,16.54,17.14,5225334,,89129392.0
2022-11-01,17.03,17.9,17.03,17.9,6949606,,122722368.0
2022-11-02,17.89,18.22,17.85,18.06,4943518,,89325872.0
2022-11-03,17.98,18.28,17.83,17.83,5724485,,102996312.0
2022-11-04,17.9,18.78,17.9,18.66,9712302,,179309024.0
2022-11-07,18.8,19.24,18.73,18.93,7279524,,138247488.0
2022-11-08,19.09,19.3,18.68,18.8,6049283,,114491408.0
2022-11-09,18.85,18.94,18.7,18.8,3471862,,65373476.0
2022-11-10,18.6,18.72,18.42,18.52,4853225,,90036816.0
2022-11-11,18.98,19.1,18.65,18.79,5310703,,99951288.0
2022-11-14,18.77,18.98,18.45,18.52,4777500,,89297840.0
2022-11-15,18.59,18.93,18.39,18.92,5589715,,104885504.0
2022-11-16,18.97,19.06,18.76,18.8,5034236,,95210448.0
2022-11-17,18.71,18.78,18.4,18.6,5599088,,103614640.0
2022-11-18,18.59,18.75,18.28,18.29,4856403,,89807304.0
2022-11-21,18.15,18.55,17.9,18.51,4157560,,76173288.0
2022-11-22,18.52,18.6,18.09,18.12,3715924,,68109208.0
2022-11-23,18.12,18.38,17.77,18.05,3849833,,69462872.0
2022-11-24,18.1,19.33,18.1,18.98,13520565,,254743216.0
2022-11-25,18.82,18.87,18.43,18.48,7326909,,136214336.0
2022-11-28,18.11,18.29,17.79,18.06,5415501,,97617384.0
2022-11-29,18.13,18.46,18.0,18.37,4966739,,90772072.0
2022-11-30,18.49,18.81,18.39,18.54,6135072,,114022240.0
2022-12-01,18.66,18.95,18.65,18.77,6612984,,124458240.0
2022-12-02,18.76,18.94,18.61,18.84,5495495,,103371752.0
2022-12-05,18.96,18.98,18.71,18.87,5055778,,95121280.0
2022-12-06,18.78,19.15,18.62,18.95,6762556,,127703920.0
2022-12-07,18.82,19.37,18.76,19.35,11657547,,224239104.0
2022-12-08,19.39,19.4,19.02,19.08,8222200,,157563168.0
2022-12-09,19.08,19.24,18.81,19.24,8885246,,168991632.0
2022-12-12,19.16,19.16,18.52,18.56,9104113,,170278496.0
2022-12-13,18.51,18.7,18.17,18.19,5781412,,106195128.0
2022-12-14,18.19,18.42,18.01,18.05,4706622,,85534008.0
2022-12-15,17.96,18.23,17.96,18.19,4365099,,79027568.0
2022-12-16,18.11,18.12,17.32,17.45,9439152,,166037200.0
2022-12-19,17.4,17.79,17.36,17.49,5848078,,102902624.0
2022-12-20,17.38,17.48,17.25,17.38,3322110,,57650376.0
2022-12-21,17.38,17.5,17.08,17.12,3891212,,66993984.0
2022-12-22,17.24,17.35,16.59,16.68,5051079,,85295032.0
2022-12-23,16.6,16.73,16.28,16.37,4407860,,72780208.0
2022-12-26,16.39,16.73,16.37,16.71,3415069,,56682108.0
2022-12-27,16.72,16.96,16.53,16.78,3470112,,58018436.0
2022-12-28,16.72,16.72,16.41,16.46,3144906,,51869896.0
2022-12-29,16.45,16.55,16.38,16.49,2442388,,40220892.0
2022-12-30,16.6,16.65,16.19,16.23,4050733,,66361596.0
2023-01-03,16.25,16.58,16.0,16.55,4391685,,71931800.0
2023-01-04,16.56,16.62,16.28,16.36,4054733,,66641088.0
2023-01-05,16.33,16.8,16.33,16.75,5762135,,95838792.0
2023-01-06,16.76,17.06,16.72,16.93,6211237,,105096288.0
2023-01-09,17.04,17.25,16.93,16.97,5252054,,89745560.0
2023-01-10,16.96,17.09,16.72,16.98,4349994,,73456424.0
2023-01-11,16.97,16.98,16.66,16.68,3280833,,55125124.0
2023-01-12,16.7,17.14,16.7,17.08,6233345,,106039200.0
2023-01-13,17.09,17.29,16.84,16.97,4582343,,78000048.0
2023-01-16,16.97,17.29,16.86,17.13,6106156,,104511040.0
2023-01-17,17.15,17.23,16.95,17.08,3248429,,55427308.0
2023-01-18,17.15,17.24,17.05,17.1,3227123,,55259256.0
2023-01-19,17.07,17.12,16.94,17.09,3104513,,52874312.0
2023-01-20,17.19,17.44,17.13,17.44,5496923,,95190128.0
2023-01-30,17.58,17.76,17.49,17.53,7682900,,135559424.0
2023-01-31,17.43,17.76,17.38,17.76,6300270,,110691176.0
2023-02-01,17.74,18.12,17.72,18.09,6928580,,124115416.0
2023-02-02,18.09,18.1,17.85,17.89,5572396,,100098296.0
2023-02-03,17.84,17.87,17.4,17.7,6499350,,114488696.0
2023-02-06,17.7,17.77,17.5,17.58,3959462,,69781048.0
2023-02-07,17.58,17.73,17.55,17.72,3273937,,57755008.0
2023-02-08,17.72,18.1,17.66,17.85,6551290,,117422096.0
2023-02-09,17.89,18.05,17.61,17.99,5600000,,100304288.0
2023-02-10,18.04,18.08,17.81,17.86,4962900,,89039648.0
2023-02-13,17.87,18.04,17.87,17.99,3861700,,69324608.0
2023-02-14,17.98,18.07,17.78,17.95,5376373,,96096784.0
2023-02-15,17.94,17.99,17.77,17.81,4289700,,76630008.0
2023-02-16,17.83,17.89,17.0,17.14,8632919,,150859248.0
2023-02-17,17.18,17.35,17.03,17.07,4677430,,80324536.0
2023-02-20,17.03,17.28,16.86,17.28,4088022,,69935912.0
2023-02-21,17.28,19.01,17.25,19.01,18174952,,337422912.0
2023-02-22,19.48,19.48,19.0,19.2,39222040,,752227840.0
2023-02-23,19.3,20.88,19.0,20.16,46047016,,912458624.0
2023-02-24,19.91,20.15,19.61,19.96,21500072,,427893280.0
2023-02-27,19.8,20.14,19.48,19.58,16137575,,319410016.0
2023-02-28,19.68,19.72,19.04,19.27,15649090,,301056352.0
2023-03-01,19.27,19.41,19.06,19.41,11666656,,224906272.0
2023-03-02,19.42,19.51,19.21,19.24,10749214,,207923216.0
2023-03-03,19.3,19.36,18.75,18.86,12525357,,237303344.0
2023-03-06,18.89,19.1,18.67,18.97,9641392,,182314928.0
2023-03-07,18.85,19.64,18.78,19.43,21343394,,413029472.0
2023-03-08,19.2,19.28,18.89,19.15,10449541,,199131184.0
2023-03-09,19.17,19.19,18.7,18.71,8542292,,161124752.0
2023-03-10,18.54,18.6,17.98,18.04,9953206,,180896240.0
2023-03-13,17.97,18.1,17.62,18.02,8127007,,144794784.0
2023-03-14,18.01,18.01,17.36,17.46,7520220,,132162824.0
2023-03-15,17.6,17.92,17.53,17.75,6457370,,114276976.0
2023-03-16,17.55,17.73,17.26,17.29,5381626,,94042248.0
2023-03-17,17.5,17.55,17.2,17.34,5111622,,88763040.0
2023-03-20,17.26,17.71,17.08,17.71,6700127,,116927328.0
2023-03-21,17.78,17.91,17.55,17.88,6241661,,110796456.0
2023-03-22,17.92,18.1,17.75,17.88,5798317,,104040520.0
2023-03-23,17.75,18.08,17.75,17.92,4596003,,82402552.0
2023-03-24,18.0,18.0,17.78,17.78,4409797,,78777784.0
2023-03-27,17.6,18.08,17.5,18.0,8342624,,148422160.0
2023-03-28,17.95,17.98,17.51,17.61,5383451,,95147112.0
2023-03-29,17.59,17.75,17.55,17.6,3203400,,56482212.0
2023-03-30,17.2,17.39,16.5,16.93,10442718,,176561264.0
2023-03-31,16.94,17.05,16.67,16.72,5504270,,92619680.0
2023-04-03,16.8,16.81,16.55,16.75,5222900,,87318624.0
2023-04-04,16.79,16.79,16.23,16.3,7782677,,127696096.0
2023-04-06,16.21,16.65,16.14,16.47,6381217,,104401392.0
2023-04-07,16.55,16.65,16.41,16.45,3683001,,60837096.0
2023-04-10,16.43,16.8,16.26,16.72,6736756,,111512872.0
2023-04-11,16.7,16.76,16.51,16.58,4067193,,67584936.0
2023-04-12,16.68,16.68,16.35,16.36,4106049,,67451536.0
2023-04-13,16.32,16.34,16.01,16.13,4277327,,69182928.0
2023-04-14,16.13,16.58,16.13,16.4,5155566,,84687464.0
2023-04-17,16.37,16.63,16.33,16.45,3541696,,58374992.0
2023-04-18,16.45,16.74,16.42,16.52,5298155,,87884112.0
2023-04-19,16.55,16.59,16.14,16.17,4987018,,81016552.0
2023-04-20,16.17,16.17,15.32,15.33,9955731,,155238192.0
2023-04-21,15.27,15.56,15.04,15.08,4768871,,72996584.0
2023-04-24,15.08,15.23,14.94,14.98,3716701,,55898268.0
2023-04-25,14.86,14.96,13.83,13.94,10632642,,150351376.0
2023-04-26,13.72,14.5,13.72,14.36,6785775,,96691992.0
2023-04-27,14.43,14.62,14.2,14.26,5496240,,78951464.0
2023-04-28,14.25,14.52,14.15,14.47,5044794,,72377400.0
2023-05-04,14.25,14.54,14.17,14.22,4476721,,63952868.0
2023-05-05,14.12,14.25,13.85,13.98,4311296,,60402880.0
2023-05-08,14.02,14.31,14.02,14.07,4483406,,63456888.0
2023-05-09,14.11,14.43,13.91,14.17,4866270,,68858128.0
2023-05-10,14.2,14.54,14.11,14.43,4894037,,70213880.0
2023-05-11,14.56,14.94,14.33,14.94,7005824,,102699504.0
2023-05-12,14.8,14.81,14.26,14.33,5829428,,84169752.0
2023-05-15,14.28,14.75,14.26,14.66,7102381,,103830672.0
2023-05-16,14.79,14.79,14.47,14.67,4501239,,65695224.0
2023-05-17,15.09,15.88,14.88,14.99,13995248,,214765680.0
2023-05-18,15.06,15.21,14.71,15.12,8242353,,123114568.0
2023-05-19,15.0,15.13,14.9,14.92,4189469,,62759732.0
2023-05-22,14.8,14.88,14.63,14.82,3509693,,51788660.0
2023-05-23,14.83,15.23,14.77,14.85,5208055,,78144904.0
2023-05-24,14.78,14.94,14.63,14.63,3910591,,57733352.0
2023-05-25,14.53,14.68,14.39,14.56,3537873,,51358948.0
2023-05-26,14.55,14.59,14.22,14.36,3521794,,50497048.0
2023-05-29,14.37,14.46,14.06,14.06,4007523,,56762132.0
2023-05-30,14.11,14.41,14.0,14.34,4769600,,67629800.0
2023-05-31,14.91,14.99,14.11,14.29,7510400,,108354240.0
2023-06-01,14.2,14.5,14.16,14.27,4332076,,62152484.0
2023-06-02,14.23,14.85,14.23,14.77,7781628,,114218248.0
2023-06-05,14.78,14.81,14.43,14.47,5067073,,73799584.0
2023-06-06,14.43,14.47,13.96,13.99,5162100,,73095888.0
2023-06-07,13.95,14.02,13.6,13.75,4878200,,67014476.0
2023-06-08,13.8,13.98,13.64,13.65,3378441,,46513480.0
2023-06-09,13.73,13.87,13.42,13.47,4390799,,59559328.0
2023-06-12,13.39,13.88,13.3,13.78,4957008,,67474576.0
2023-06-13,13.72,13.83,13.63,13.73,2682407,,36848376.0
2023-06-14,13.7,13.75,13.42,13.43,3318223,,44888392.0
2023-06-15,13.4,13.75,13.37,13.7,4777586,,65095908.0
2023-06-16,13.68,13.79,13.61,13.68,3471812,,47495268.0
2023-06-19,13.75,13.75,13.51,13.53,3271739,,44444560.0
2023-06-20,13.48,13.6,13.41,13.41,2471321,,33375108.0
2023-06-21,13.36,13.55,13.17,13.18,3701441,,49175856.0
2023-06-26,13.03,13.33,13.03,13.13,3218858,,42396780.0
2023-06-27,13.13,13.34,13.08,13.29,2508942,,33246474.0
2023-06-28,13.29,13.5,13.22,13.4,3672935,,49178736.0
2023-06-29,13.37,13.72,13.31,13.57,4328142,,58646072.0
2023-06-30,13.6,14.18,13.6,13.98,7175853,,100212608.0
2023-07-03,14.01,14.29,13.94,13.95,5049172,,71191032.0
2023-07-04,13.83,14.07,13.73,13.89,5855653,,81424120.0
2023-07-05,13.82,14.01,13.78,13.83,2873854,,39867008.0
2023-07-06,13.83,13.87,13.65,13.8,2938295,,40488380.0
2023-07-07,13.71,13.78,13.51,13.62,2553600,,34830452.0
2023-07-10,13.54,13.9,13.51,13.65,3662794,,50314476.0
2023-07-11,13.69,13.75,13.44,13.56,2461000,,33307684.0
2023-07-12,13.56,13.62,13.34,13.36,2798993,,37638172.0
2023-07-13,13.36,13.65,13.33,13.4,3302200,,44367452.0
2023-07-14,13.38,13.45,13.07,13.16,4601000,,60679280.0
2023-07-17,13.15,13.2,12.86,13.2,3509581,,45824612.0
2023-07-18,13.18,13.29,13.0,13.24,3223700,,42406080.0
2023-07-19,13.26,13.28,13.06,13.15,2092091,,27477234.0
2023-07-20,13.18,13.5,13.15,13.2,4383948,,58410696.0
2023-07-21,13.2,13.42,13.07,13.28,2915678,,38669004.0
2023-07-24,13.28,13.32,13.01,13.03,3281517,,42873860.0
2023-07-25,13.07,13.42,13.07,13.41,5581930,,74459160.0
2023-07-26,13.45,13.45,13.33,13.4,2162758,,28950740.0
2023-07-27,13.39,13.48,13.24,13.27,2616750,,34952960.0
2023-07-28,13.25,13.49,13.16,13.43,5714686,,76548200.0
2023-07-31,13.43,13.62,13.43,13.56,3652494,,49458632.0
2023-08-01,13.57,13.58,13.46,13.52,1881356,,25442722.0
2023-08-02,13.52,13.62,13.46,13.5,2146708,,29043134.0
2023-08-03,13.47,13.59,13.4,13.55,2151000,,29033898.0
2023-08-04,14.33,14.7,14.04,14.09,17695992,,252617648.0
2023-08-07,14.06,14.07,13.65,13.71,8338167,,114666568.0
2023-08-08,13.73,13.77,13.45,13.57,4637794,,62902060.0
2023-08-09,13.45,13.54,13.35,13.42,3350100,,44975508.0
2023-08-10,13.45,13.58,13.38,13.44,2778300,,37418948.0
2023-08-11,13.4,13.42,13.07,13.1,3718950,,49063408.0
2023-08-14,13.09,13.09,12.88,13.07,2820220,,36564112.0
2023-08-15,13.04,13.17,12.95,13.03,2051700,,26755834.0
2023-08-16,13.05,13.09,12.95,12.95,1958200,,25510014.0
2023-08-17,12.92,12.96,12.65,12.95,2457880,,31498622.0
2023-08-18,12.96,13.08,12.69,12.71,2319127,,29895190.0
2023-08-21,12.65,12.81,12.55,12.56,2326700,,29532586.0
2023-08-22,12.63,12.63,12.07,12.31,4168800,,51194740.0
2023-08-23,12.23,12.31,11.9,11.97,2963178,,35810668.0
2023-08-24,11.96,12.1,11.76,11.86,2815548,,33556908.0
2023-08-25,11.79,11.91,11.56,11.61,2721626,,31893718.0
2023-08-28,12.1,12.17,11.6,11.68,4852074,,57929656.0
2023-08-29,11.63,11.96,11.63,11.93,3093200,,36632804.0
2023-08-30,11.92,12.11,11.9,11.96,2760411,,33153722.0
2023-08-31,11.95,11.99,11.78,11.97,3286800,,39193924.0
2023-09-01,11.96,12.06,11.85,12.02,2372409,,28412180.0
2023-09-04,12.1,12.26,11.98,12.26,3547700,,43128196.0
2023-09-05,12.26,12.39,12.19,12.28,2882460,,35407324.0
2023-09-06,12.29,12.39,12.19,12.35,2473400,,30414796.0
2023-09-07,12.3,12.38,12.11,12.11,2627800,,32086792.0
2023-09-08,12.11,12.19,12.06,12.08,1797143,,21756122.0
2023-09-11,12.1,12.3,11.96,12.24,2747420,,33448776.0
2023-09-12,12.31,12.47,12.2,12.34,2782800,,34300688.0
2023-09-13,12.3,12.38,12.13,12.18,2213900,,27146304.0
2023-09-14,12.2,12.2,11.88,11.92,2780000,,33319636.0
2023-09-15,11.92,12.06,11.83,11.91,2215608,,26446026.0
2023-09-18,11.85,12.22,11.77,12.14,2670000,,32279872.0
2023-09-19,12.14,12.19,11.97,12.03,1962400,,23682024.0
2023-09-20,11.99,12.08,11.87,11.88,1870138,,22334346.0
2023-09-21,11.88,11.95,11.7,11.77,2042800,,24126130.0
2023-09-22,11.73,11.99,11.67,11.98,2449100,,29007952.0
2023-09-25,12.0,12.04,11.85,11.87,1839000,,21898866.0
2023-09-26,11.95,11.95,11.64,11.65,2601540,,30480864.0
2023-09-27,11.66,11.93,11.6,11.69,3515000,,41263736.0
2023-09-28,11.76,11.97,11.72,11.82,2526700,,29910486.0
2023-10-09,11.79,11.87,11.52,11.58,3839500,,44701472.0
2023-10-10,11.63,11.93,11.63,11.65,3293500,,38740084.0
2023-10-11,11.65,11.82,11.62,11.65,2416476,,28245560.0
2023-10-12,11.68,12.05,11.65,12.03,6365856,,75912144.0
2023-10-13,11.95,11.98,11.63,11.66,5375187,,63082368.0
2023-10-16,11.65,11.67,11.22,11.35,5395750,,61181340.0
2023-10-17,11.38,11.57,11.36,11.45,3645633,,41863536.0
2023-10-18,11.45,11.46,11.2,11.2,2838550,,32055892.0
2023-10-19,11.21,11.4,11.13,11.2,3016600,,33988464.0
2023-10-20,11.17,11.43,11.13,11.27,3768200,,42630464.0
2023-10-23,11.2,11.25,10.76,10.82,3536281,,38691896.0
2023-10-24,10.89,11.17,10.87,11.11,4375030,,48322564.0
2023-10-25,11.23,11.33,11.08,11.25,2833900,,31889138.0
2023-10-26,11.19,11.23,10.94,11.16,3181700,,35159100.0
2023-10-27,11.12,11.6,11.02,11.54,5993307,,68418472.0
2023-10-30,11.57,11.72,11.5,11.7,3063699,,35691680.0
2023-10-31,11.67,11.72,11.46,11.55,2969050,,34279000.0
2023-11-01,11.55,11.68,11.41,11.65,3206107,,37171792.0
2023-11-02,11.64,11.69,11.51,11.55,2378291,,27555094.0
2023-11-03,11.62,11.69,11.52,11.68,2942952,,34282004.0
2023-11-06,11.66,11.92,11.65,11.87,3959300,,46901244.0
2023-11-07,11.89,11.93,11.77,11.9,2828413,,33539014.0
2023-11-08,11.85,11.94,11.82,11.89,2398300,,28505418.0
2023-11-09,11.89,11.99,11.85,11.88,2756103,,32833628.0
2023-11-10,11.84,11.89,11.75,11.83,2436400,,28807170.0
2023-11-13,11.83,11.98,11.81,11.87,2430918,,28893424.0
2023-11-14,11.93,11.93,11.79,11.84,2383470,,28247502.0
2023-11-15,11.88,12.08,11.88,11.98,3396400,,40740028.0
2023-11-16,12.0,12.0,11.82,11.82,2517900,,29924920.0
2023-11-17,11.77,11.95,11.74,11.91,2474439,,29388630.0
2023-11-20,11.95,12.08,11.83,12.05,3358371,,40244188.0
2023-11-21,12.05,12.15,12.0,12.03,3604401,,43516380.0
2023-11-22,12.01,12.03,11.73,11.74,3344028,,39597424.0
2023-11-23,11.71,11.84,11.71,11.75,2261208,,26643218.0
2023-11-24,11.75,11.84,11.53,11.55,3339867,,38786184.0
2023-11-27,11.5,11.56,11.3,11.44,2929610,,33344680.0
2023-11-28,11.42,11.56,11.3,11.55,2803200,,32137360.0
2023-11-29,11.57,11.66,11.45,11.48,2769536,,31876738.0
2023-11-30,11.45,11.51,11.21,11.26,2479100,,28069200.0
2023-12-01,11.26,11.36,11.13,11.27,2484300,,27896186.0
2023-12-04,11.37,11.37,11.17,11.21,2466000,,27665380.0
2023-12-05,11.16,11.33,11.03,11.03,3238900,,36177772.0
2023-12-06,11.03,11.41,11.01,11.21,4672037,,52706328.0
2023-12-07,11.19,11.22,11.06,11.13,3235815,,35989320.0
2023-12-08,11.13,11.19,10.92,10.92,4897150,,53904780.0
2023-12-11,10.89,10.95,10.66,10.83,5299837,,56997568.0
2023-12-12,10.79,10.84,10.5,10.57,5882828,,62333136.0
2023-12-13,10.57,10.57,10.31,10.33,4162957,,43263968.0
2023-12-14,10.33,10.45,10.3,10.3,3309412,,34365572.0
2023-12-15,10.38,10.56,10.35,10.36,4121223,,43065064.0
2023-12-18,10.4,10.4,10.03,10.03,4920300,,49910656.0
2023-12-19,10.02,10.15,9.99,10.08,2434811,,24533716.0
2023-12-20,10.14,10.2,9.97,9.97,3322000,,33343086.0
2023-12-21,9.97,10.31,9.89,10.23,5270600,,53270652.0
2023-12-22,10.21,10.4,10.0,10.3,5679600,,58064188.0
2023-12-25,10.26,10.34,10.13,10.18,3411678,,34790516.0
2023-12-26,10.18,10.22,10.05,10.09,2634120,,26674112.0
2023-12-27,10.11,10.14,9.95,10.06,2704131,,27089182.0
2023-12-28,10.04,10.6,10.0,10.52,7207253,,75137680.0
2023-12-29,10.5,10.64,10.48,10.61,4489800,,47574652.0
2024-01-02,10.62,10.68,10.51,10.63,4219783,,44720868.0
2024-01-03,10.59,10.7,10.52,10.63,3663236,,38885124.0
2024-01-04,10.63,10.68,10.56,10.61,3211600,,34131552.0
2024-01-05,10.62,10.83,10.49,10.53,3692900,,39393944.0
2024-01-08,10.52,10.6,10.2,10.24,3446994,,35806176.0
2024-01-09,10.25,10.39,10.13,10.23,5044985,,51773312.0
2024-01-10,10.18,10.44,10.01,10.25,3938700,,40454200.0
2024-01-11,10.23,10.63,10.21,10.55,5286900,,55268744.0
2024-01-12,10.56,10.72,10.48,10.53,3443130,,36488704.0
2024-01-15,10.48,10.52,10.29,10.37,3083800,,32076654.0
2024-01-16,10.36,10.51,10.24,10.39,3244200,,33593652.0
2024-01-17,10.35,10.38,10.1,10.12,2860958,,29381204.0
2024-01-18,10.02,10.14,9.64,9.93,5813100,,57445364.0
2024-01-19,9.95,10.29,9.86,9.86,3881200,,38949128.0
2024-01-22,9.8,10.05,9.18,9.24,4924932,,47067584.0
2024-01-23,9.24,9.33,8.98,9.23,4391600,,40317936.0
2024-01-24,9.24,9.3,8.85,9.19,4414900,,40159372.0
2024-01-25,9.19,9.54,9.09,9.51,3978900,,37180172.0
2024-01-26,9.5,9.62,9.38,9.41,2563300,,24334188.0
2024-01-29,9.43,9.53,9.01,9.03,3831950,,35205952.0
2024-01-30,9.0,9.04,8.62,8.64,3463000,,30590372.0
2024-01-31,8.64,8.89,8.22,8.3,5329700,,45587968.0
2024-02-01,8.28,8.36,8.01,8.11,4601264,,37638912.0
2024-02-02,8.09,8.27,7.3,7.69,6547900,,51046000.0
2024-02-05,7.62,7.65,6.92,6.92,8353639,,58858644.0
2024-02-06,6.45,7.07,6.35,6.81,9392665,,62509236.0
2024-02-07,6.94,7.04,6.59,6.72,9900475,,67780592.0
2024-02-08,6.76,7.39,6.62,7.39,11281754,,79638312.0
2024-02-19,7.5,7.88,7.5,7.77,10939253,,84247384.0
2024-02-20,7.76,7.79,7.6,7.74,4910950,,37913656.0
2024-02-21,7.73,8.1,7.63,7.87,6050300,,47995924.0
2024-02-22,7.91,8.05,7.84,8.0,4363600,,34713328.0
2024-02-23,8.06,8.25,8.01,8.25,5921087,,48181068.0
2024-02-26,8.31,8.8,8.29,8.58,7923739,,67534688.0
2024-02-27,8.57,8.75,8.48,8.74,4884772,,42347560.0
2024-02-28,8.75,9.1,8.21,8.23,10741200,,93640336.0
2024-02-29,8.15,8.49,8.11,8.47,6306500,,52807456.0
2024-03-01,8.54,8.63,8.47,8.63,5544700,,47406532.0
2024-03-04,8.65,8.74,8.47,8.64,4342500,,37346964.0
2024-03-05,8.6,8.6,8.32,8.37,4430600,,37286380.0
2024-03-06,8.38,8.55,8.2,8.43,4087250,,34211112.0
2024-03-07,8.51,8.55,8.25,8.26,3545956,,29703456.0
2024-03-08,8.27,8.4,8.25,8.37,2386500,,19875662.0
2024-03-11,8.75,9.21,8.67,9.21,3488119,,31776720.0
2024-03-12,10.13,10.13,10.13,10.13,3148214,,31891408.0
2024-03-13,10.79,10.79,9.79,9.9,34125032,,348022080.0
2024-03-14,9.59,10.12,9.37,9.58,21027544,,203631632.0
2024-03-15,9.58,9.65,9.29,9.42,12438903,,117064680.0
2024-03-18,9.56,10.1,9.56,10.07,20880764,,205685952.0
2024-03-19,10.06,10.58,9.93,10.43,21788150,,223217056.0
2024-03-20,10.43,10.88,10.3,10.64,14281056,,151882816.0
2024-03-21,10.61,10.68,10.38,10.44,10033498,,105471456.0
2024-03-22,10.36,10.49,10.12,10.26,7223091,,74320744.0
2024-03-25,10.14,10.77,10.14,10.34,10022152,,105389920.0
2024-03-26,10.24,10.97,10.19,10.79,16179640,,172349840.0
2024-03-27,10.8,10.81,10.24,10.24,10499250,,109808264.0
2024-03-28,10.06,10.35,9.98,10.13,8207302,,83498688.0
2024-03-29,10.05,10.41,10.05,10.18,5009400,,51184320.0
2024-04-01,10.17,10.38,10.11,10.33,5043266,,51933112.0
2024-04-02,10.39,10.8,10.29,10.63,10042629,,106171416.0
2024-04-03,10.57,10.82,10.55,10.7,8566379,,91493208.0
2024-04-08,10.68,10.78,10.3,10.3,5592393,,58622096.0
2024-04-09,10.31,11.33,10.31,11.33,13762809,,150646320.0
2024-04-10,11.34,11.45,11.01,11.05,16081400,,179582624.0
2024-04-11,10.98,11.15,10.83,10.86,10220277,,111865608.0
2024-04-12,10.82,11.44,10.82,10.94,13533000,,150408080.0
2024-04-15,10.78,11.09,9.89,10.05,14251120,,147415264.0
2024-04-16,9.9,9.99,9.05,9.05,10907592,,101356528.0
2024-04-17,9.12,9.69,9.12,9.69,7601164,,72689104.0
2024-04-18,9.62,9.76,9.38,9.5,5511400,,52782348.0
2024-04-19,9.51,9.73,9.2,9.25,4803900,,44788144.0
2024-04-22,9.24,9.32,8.92,9.07,4019900,,36593808.0
2024-04-23,9.08,9.3,9.06,9.11,3390879,,31005332.0
2024-04-24,9.07,9.16,8.95,9.06,3211479,,29092436.0
2024-04-25,9.24,9.59,9.0,9.37,5754679,,53918752.0
2024-04-26,9.49,9.52,9.33,9.49,4159379,,39295436.0
2024-04-29,9.4,9.96,9.4,9.87,5924574,,58139472.0
2024-04-30,9.81,9.84,9.07,9.11,12063600,,112206032.0
2024-05-06,9.17,10.02,9.17,10.02,4617350,,45813792.0
2024-05-07,10.02,10.1,9.76,9.92,12637100,,124505040.0
2024-05-08,9.9,9.9,9.6,9.68,6319100,,61493224.0
2024-05-09,10.65,10.65,10.65,10.65,7624750,,81203584.0
2024-05-10,10.73,11.29,10.28,10.3,30134990,,321706368.0
2024-05-13,9.9,9.99,9.27,9.7,18645252,,178372304.0
2024-05-14,9.67,10.08,9.61,9.66,9331900,,90679656.0
2024-05-15,9.61,9.74,9.51,9.54,5968600,,57305168.0
2024-05-16,9.61,9.67,9.43,9.46,5847300,,55813668.0
2024-05-17,9.34,9.52,9.3,9.52,4720236,,44477952.0
2024-05-20,9.52,9.57,9.45,9.49,4003450,,38031940.0
2024-05-21,9.42,9.5,9.32,9.37,3205029,,30050114.0
2024-05-22,9.37,9.49,9.36,9.47,3009950,,28369518.0
2024-05-23,9.46,9.46,9.15,9.18,4266750,,39453940.0
2024-05-24,9.16,9.29,9.05,9.08,3317700,,30299100.0
2024-05-27,9.08,9.18,9.0,9.15,2616500,,23791418.0
2024-05-28,9.17,9.22,9.08,9.14,2144695,,19669006.0
2024-05-29,9.2,9.38,9.13,9.22,3603550,,33432728.0
2024-05-30,9.25,9.42,9.1,9.13,3394191,,31352542.0
2024-05-31,9.1,9.13,9.05,9.07,2268000,,20594936.0
2024-06-03,8.97,9.0,8.68,8.77,5080765,,44610100.0
2024-06-04,8.67,8.89,8.65,8.76,2553800,,22373360.0
2024-06-05,8.69,8.8,8.6,8.61,1743000,,15149322.0
2024-06-06,8.85,8.89,8.16,8.22,4525500,,37948200.0
2024-06-07,8.29,8.43,8.2,8.29,2544400,,21104172.0
2024-06-11,8.21,8.34,8.05,8.29,2842971,,23362884.0
2024-06-12,8.38,8.42,8.26,8.4,2240945,,18710958.0
2024-06-13,8.47,8.55,8.23,8.25,2187100,,18226692.0
2024-06-14,8.27,8.28,8.1,8.18,2463507,,20117694.0
2024-06-17,8.18,8.72,8.08,8.5,7908007,,67064832.0
2024-06-18,8.38,8.42,8.3,8.31,4295600,,35813744.0
2024-06-19,8.21,8.25,7.61,7.76,19696184,,153145488.0
2024-06-20,7.6,7.65,7.25,7.27,11619711,,85955376.0
2024-06-21,7.22,7.3,7.11,7.16,7694595,,55268432.0
2024-06-24,7.14,7.16,6.81,6.89,7511227,,52150000.0
2024-06-25,6.88,6.97,6.72,6.77,7749325,,52837528.0
2024-06-26,6.82,7.21,6.69,7.2,10402295,,72583488.0
2024-06-27,7.19,7.25,6.97,6.99,6565016,,46674876.0
2024-06-28,6.99,7.05,6.86,6.88,5854706,,40761776.0
2024-07-01,6.86,6.95,6.75,6.93,4566636,,31286070.0
2024-07-02,6.93,7.05,6.89,6.95,3243800,,22634448.0
2024-07-03,6.94,7.04,6.91,6.95,2990250,,20858154.0
2024-07-04,6.95,6.99,6.71,6.72,3818253,,25984716.0
2024-07-05,6.66,6.77,6.59,6.74,2950900,,19775120.0
2024-07-08,6.74,6.79,6.51,6.54,3699744,,24363424.0
2024-07-09,6.54,6.59,6.34,6.57,4554729,,29446954.0
2024-07-10,6.5,6.63,6.34,6.37,5279800,,34124408.0
2024-07-11,6.49,6.71,6.49,6.64,7706723,,51121372.0
2024-07-12,6.61,6.67,6.5,6.52,4936600,,32490200.0
2024-07-15,6.48,6.5,6.17,6.22,8588257,,53677424.0
2024-07-16,6.22,6.29,6.09,6.15,7332992,,45208820.0
2024-07-17,6.15,6.43,5.98,6.11,9622292,,58997048.0
2024-07-18,6.06,6.1,5.94,6.03,9407750,,56443408.0
2024-07-19,6.02,6.09,5.93,6.04,6895000,,41495520.0
2024-07-22,6.02,6.09,5.97,6.04,4813142,,29092776.0
2024-07-23,6.07,6.18,5.92,5.94,6125200,,37104368.0
2024-07-24,5.93,5.96,5.8,5.84,5695400,,33425262.0
2024-07-25,5.81,5.99,5.77,5.91,4287998,,25301002.0
2024-07-26,5.97,6.09,5.92,6.08,4730120,,28586914.0
2024-07-29,6.08,6.1,5.94,5.99,4384300,,26285256.0
2024-07-30,6.0,6.03,5.92,6.0,3483200,,20823686.0
2024-07-31,6.0,6.26,5.94,6.26,7820949,,48158072.0
2024-08-01,6.26,6.37,6.15,6.21,7634792,,47600620.0
2024-08-02,6.18,6.29,6.12,6.13,5742150,,35635112.0
2024-08-05,6.1,6.23,6.0,6.0,5218020,,31897224.0
2024-08-06,6.03,6.17,6.03,6.17,5547700,,33966428.0
2024-08-07,6.22,6.23,6.09,6.17,4204896,,25865378.0
2024-08-08,6.11,6.22,6.06,6.18,4142164,,25485518.0
2024-08-09,6.19,6.25,6.09,6.09,3533300,,21766164.0
2024-08-12,6.09,6.12,5.98,6.02,4175300,,25195614.0
2024-08-13,6.04,6.11,5.89,6.09,4655636,,27981650.0
2024-08-14,6.08,6.14,5.97,5.99,4510159,,27189030.0
2024-08-15,5.97,6.09,5.9,6.05,4912600,,29516352.0
2024-08-16,6.1,6.1,5.95,5.95,3861900,,23169990.0
2024-08-19,5.95,5.97,5.86,5.88,3960400,,23380468.0
2024-08-20,5.89,5.95,5.68,5.71,5177661,,29955732.0
2024-08-21,5.71,5.85,5.66,5.82,5959500,,34359064.0
2024-08-22,5.82,5.84,5.68,5.69,4171300,,23993668.0
2024-08-23,5.66,5.71,5.56,5.61,4228228,,23711596.0
2024-08-26,5.61,5.88,5.56,5.73,6009400,,34571924.0
2024-08-27,5.75,5.76,5.58,5.58,4226400,,23813204.0
2024-08-28,5.56,5.7,5.5,5.64,4228900,,23745196.0
2024-08-29,5.61,5.78,5.61,5.77,5031620,,28797480.0
2024-08-30,5.74,6.01,5.74,5.93,7920969,,46948412.0
2024-09-02,5.95,5.99,5.83,5.84,4304400,,25457972.0
2024-09-03,5.86,6.02,5.8,5.98,4324400,,25713504.0
2024-09-04,5.94,6.13,5.94,6.01,6022400,,36414116.0
2024-09-05,6.01,6.15,6.0,6.03,4287800,,25957252.0
2024-09-06,6.03,6.04,5.86,5.89,3805800,,22598832.0
2024-09-09,5.84,5.95,5.77,5.81,4355744,,25408572.0
2024-09-10,5.79,5.86,5.68,5.82,4522134,,26019274.0
2024-09-11,5.8,6.09,5.78,5.98,8373055,,50072320.0
2024-09-12,5.95,6.06,5.94,5.96,5624828,,33692632.0
2024-09-13,6.0,6.03,5.68,5.68,6840085,,39458268.0
2024-09-18,5.68,5.73,5.45,5.54,5794496,,32122182.0
2024-09-19,5.58,5.81,5.55,5.77,6845538,,39136460.0
2024-09-20,5.79,5.83,5.66,5.69,4295300,,24468520.0
2024-09-23,5.64,5.76,5.63,5.69,3416600,,19448944.0
2024-09-24,5.79,6.06,5.71,6.06,10771500,,63839696.0
2024-09-25,6.09,6.67,6.09,6.67,11110058,,71995088.0
2024-09-26,6.76,7.18,6.5,7.02,42854804,,291296160.0
2024-09-27,6.91,7.63,6.9,7.33,38357068,,276221792.0
2024-09-30,7.55,8.06,7.39,8.06,39093052,,303704192.0
2024-10-08,8.86,8.87,8.06,8.5,37205620,,315560384.0
2024-10-09,8.33,8.33,7.65,7.65,20237300,,160116992.0
2024-10-10,7.62,7.83,7.34,7.47,13561341,,102682456.0
2024-10-11,7.55,7.55,7.0,7.11,10191772,,73462584.0
2024-10-14,7.19,7.25,7.0,7.21,8545700,,61094328.0
2024-10-15,7.18,7.3,7.08,7.12,7950458,,57290856.0
2024-10-16,7.01,7.14,6.98,7.05,6663960,,47003584.0
2024-10-17,7.1,7.17,6.88,6.89,8754021,,61543968.0
2024-10-18,6.85,7.24,6.85,7.12,11494192,,80956152.0
2024-10-21,7.14,7.3,7.12,7.17,11561178,,83244000.0
2024-10-22,7.18,7.39,7.11,7.39,11678688,,85012048.0
2024-10-23,7.38,7.5,7.3,7.48,13718959,,101666608.0
2024-10-24,7.45,7.46,7.22,7.26,9091523,,66433584.0
2024-10-25,7.28,7.99,7.28,7.99,24412976,,189204208.0
2024-10-28,8.3,8.3,7.96,8.2,34014028,,276686752.0
2024-10-29,8.19,8.64,7.98,7.98,36456852,,304328480.0
2024-10-30,7.86,8.03,7.68,7.75,19154940,,149971232.0
2024-10-31,7.73,8.1,7.72,8.04,18562072,,147803408.0
2024-11-01,8.04,8.2,7.6,7.84,18228486,,143619936.0
2024-11-04,7.84,8.02,7.74,7.87,9209992,,72570592.0
2024-11-05,7.87,8.3,7.79,8.19,15953490,,129040032.0
2024-11-06,8.22,8.65,8.18,8.31,24718132,,207653184.0
2024-11-07,8.2,8.41,8.13,8.4,15225704,,126628792.0
2024-11-08,8.57,8.98,8.43,8.5,24020120,,208554032.0
2024-11-11,8.52,9.35,8.52,9.35,10766583,,99090744.0
2024-11-12,9.9,10.29,9.38,9.61,79764568,,789630144.0
2024-11-13,9.28,9.56,9.0,9.4,38928980,,358879808.0
2024-11-14,9.27,9.45,9.03,9.03,20375348,,188410864.0
2024-11-15,9.01,9.07,8.65,8.69,15846525,,140406736.0
2024-11-18,8.7,8.95,8.37,8.41,13438000,,115333072.0
2024-11-19,8.41,9.25,8.41,9.25,14363912,,129472064.0
2024-11-20,9.46,10.15,9.3,9.89,57360096,,560559936.0
2024-11-21,9.8,10.88,9.72,10.88,67051080,,720796608.0
2024-11-22,10.5,11.97,10.38,11.5,130154336,,1477258240.0
2024-11-25,12.1,12.46,11.16,11.89,103135120,,1226953856.0
2024-11-26,11.51,11.65,10.7,10.7,71113112,,776185536.0
2024-11-27,10.26,11.01,10.17,10.88,56043248,,597710272.0
2024-11-28,10.99,11.2,10.5,10.63,41710800,,449211680.0
2024-11-29,10.61,11.45,10.28,11.2,50874184,,556344640.0
2024-12-02,11.11,11.88,10.83,11.4,52833731,,597272960.0
2024-12-03,11.38,11.38,10.62,10.77,39768064,,433085824.0
2024-12-04,10.73,10.73,10.17,10.25,26918782,,279657664.0
2024-12-05,10.29,10.44,10.14,10.36,18229032,,187627648.0
2024-12-06,10.42,11.22,10.0,11.22,44991760,,479426304.0
2024-12-09,10.9,10.96,10.27,10.43,38737544,,408241504.0
2024-12-10,10.6,10.71,10.1,10.17,29030350,,301573760.0
2024-12-11,10.1,10.2,9.95,10.06,20136848,,202558336.0
2024-12-12,10.08,10.32,9.89,10.29,23158176,,234774768.0
2024-12-13,10.18,10.2,9.9,9.91,16997444,,169752672.0
2024-12-16,9.85,9.9,9.57,9.62,15570469,,150981808.0
2024-12-17,9.68,9.82,9.41,9.47,17656150,,170102928.0
2024-12-18,9.63,9.63,9.26,9.32,12020200,,112573864.0
2024-12-19,9.19,9.25,9.01,9.14,12661260,,115414800.0
2024-12-20,9.14,9.45,9.13,9.39,11688201,,108709296.0
2024-12-23,9.35,9.53,9.15,9.17,12192426,,113337136.0
2024-12-24,9.17,9.59,9.15,9.57,14599807,,137115568.0
2024-12-25,9.56,9.89,9.27,9.32,16168701,,153920992.0
2024-12-26,9.32,9.39,9.0,9.04,13747773,,126081272.0
2024-12-27,8.98,9.34,8.92,9.23,11427190,,105084720.0
2024-12-30,9.15,9.33,8.97,9.21,10614990,,96983104.0
2024-12-31,9.15,9.23,8.74,8.77,8672800,,77638992.0
2025-01-02,8.77,8.89,8.3,8.43,11857345,,101277624.0
2025-01-03,8.48,8.48,7.87,7.9,14448990,,117356728.0
2025-01-06,7.92,8.0,7.66,7.78,11515800,,89979496.0
2025-01-07,7.79,8.0,7.71,7.99,14652900,,115137888.0
2025-01-08,7.98,7.98,7.58,7.85,12736400,,99070224.0
2025-01-09,7.79,7.97,7.75,7.86,11924400,,93900216.0
2025-01-10,7.88,7.9,7.5,7.5,8726900,,67123616.0
2025-01-13,7.42,7.73,7.29,7.69,13839532,,105045056.0
2025-01-14,7.73,8.02,7.7,8.0,22234832,,175089488.0
2025-01-15,7.99,8.14,7.76,7.9,13853531,,109743016.0
2025-01-16,7.92,8.09,7.87,7.97,10722000,,85587584.0
2025-01-17,7.97,8.19,7.92,7.99,9716496,,78237272.0
2025-01-20,8.02,8.64,7.98,8.37,21791532,,181434032.0
2025-01-21,8.3,8.88,8.3,8.55,29852830,,256248480.0
2025-01-22,8.41,8.41,7.7,7.81,25303428,,201665744.0
2025-01-23,7.85,8.15,7.62,7.62,14757500,,115147968.0
2025-01-24,7.6,7.83,7.56,7.75,10339800,,79786936.0
2025-01-27,7.76,8.0,7.65,7.68,8842000,,69158000.0
2025-02-05,7.71,7.84,7.67,7.76,7846900,,60960024.0
2025-02-06,7.76,7.97,7.65,7.92,14338553,,112729624.0
2025-02-07,7.92,8.48,7.85,8.22,21323972,,175599744.0
2025-02-10,8.23,8.28,7.93,8.18,19492482,,157270336.0
2025-02-11,8.23,8.3,7.78,7.83,24217968,,191175920.0
2025-02-12,7.82,8.02,7.75,7.97,17292624,,135835280.0
2025-02-13,7.95,8.45,7.95,8.26,33062520,,273190144.0
2025-02-14,8.25,8.52,8.12,8.22,22012262,,182781376.0
2025-02-17,8.14,8.26,8.03,8.14,16081331,,130338112.0
2025-02-18,8.14,8.32,7.82,7.86,22163474,,179611472.0
2025-02-19,7.81,7.99,7.78,7.97,13774274,,108797400.0
2025-02-20,7.95,8.17,7.86,8.16,15203998,,122454608.0
2025-02-21,8.17,8.5,7.98,8.44,28772721,,238396448.0
2025-02-24,8.45,8.58,8.21,8.33,17786548,,148412336.0
2025-02-25,8.23,8.41,8.16,8.33,11800440,,98317544.0
2025-02-26,8.33,8.52,8.32,8.48,14809550,,125041624.0
2025-02-27,8.5,8.76,8.47,8.68,27506944,,237252032.0
2025-02-28,8.61,8.87,8.38,8.43,22766460,,196555264.0
2025-03-03,8.47,9.27,8.47,9.27,34885596,,314272992.0
2025-03-04,9.5,9.52,8.75,9.03,51780672,,464290240.0
2025-03-05,9.0,9.03,8.65,8.81,27370071,,239384720.0
2025-03-06,8.79,8.93,8.67,8.85,25682276,,226587696.0
2025-03-07,8.75,8.8,8.53,8.6,21691914,,187850384.0
2025-03-10,8.65,8.9,8.61,8.86,21304068,,186766448.0
2025-03-11,8.72,9.01,8.66,8.83,14594860,,128026264.0
2025-03-12,8.83,9.07,8.72,8.82,21565824,,191896080.0
2025-03-13,8.82,8.85,8.58,8.7,15751832,,136602320.0
2025-03-14,8.62,8.98,8.62,8.84,18184290,,160891008.0
2025-03-17,8.84,8.97,8.76,8.79,11779859,,103932776.0
2025-03-18,8.82,8.94,8.73,8.76,10067669,,88814232.0
2025-03-19,8.71,8.84,8.58,8.82,15711648,,137043952.0
2025-03-20,8.75,8.94,8.6,8.62,16180900,,141580864.0
2025-03-21,8.6,8.61,8.29,8.3,14315892,,120877168.0
2025-03-24,8.28,8.35,7.9,8.09,12851123,,104303592.0
2025-03-25,8.08,8.25,8.02,8.18,7783900,,63367164.0
2025-03-26,8.21,8.35,8.13,8.21,6376000,,52604720.0
2025-03-27,8.15,8.37,8.05,8.14,8831200,,72610168.0
2025-03-28,8.12,8.16,7.96,7.97,6733100,,54148976.0
2025-03-31,7.93,7.93,7.66,7.76,8263634,,64011148.0
2025-04-01,7.78,7.83,7.53,7.53,14237500,,109360408.0
2025-04-02,7.53,7.67,7.46,7.62,6390300,,48569552.0
2025-04-03,7.55,7.7,7.51,7.6,5543700,,42208052.0
2025-04-07,7.04,7.27,6.84,6.84,10314353,,71150864.0
2025-04-08,6.79,6.88,6.5,6.69,13360050,,88847312.0
2025-04-09,6.59,6.9,6.09,6.82,12563800,,82039144.0
2025-04-10,6.89,7.06,6.89,6.9,9290500,,64763928.0
2025-04-11,6.87,7.0,6.82,6.95,5553100,,38575396.0
2025-04-14,7.04,7.18,7.04,7.11,6212500,,44244220.0
2025-04-15,7.12,7.25,7.11,7.19,6446000,,46382188.0
2025-04-16,7.13,7.19,6.9,7.08,5424300,,38286464.0
2025-04-17,7.08,7.17,7.05,7.1,4270100,,30484358.0
2025-04-18,7.09,7.14,7.02,7.07,3406800,,24082072.0
2025-04-21,7.07,7.19,7.02,7.18,4353100,,31141872.0
2025-04-22,7.16,7.32,7.11,7.25,5792500,,41762688.0
2025-04-23,7.26,7.31,7.16,7.19,4569300,,32975256.0
2025-04-24,7.19,7.28,7.13,7.14,5027400,,36189160.0
2025-04-25,7.15,7.19,7.1,7.11,3560500,,25442864.0
2025-04-28,7.34,7.47,7.12,7.21,10298400,,74705024.0
2025-04-29,7.2,7.42,7.2,7.33,7383600,,54138000.0
2025-04-30,7.36,7.55,7.3,7.44,8588925,,64144328.0
2025-05-06,7.43,7.64,7.43,7.63,6221150,,47056836.0
2025-05-07,7.66,7.95,7.62,7.71,10806900,,83554336.0
2025-05-08,7.71,7.88,7.67,7.83,8270800,,64534660.0
2025-05-09,7.81,7.82,7.67,7.73,4692100,,36256656.0
2025-05-12,7.85,7.89,7.78,7.86,5710600,,44833516.0
2025-05-13,7.94,7.98,7.85,7.87,5516646,,43580064.0
2025-05-14,7.84,7.95,7.78,7.91,6349800,,50055824.0
2025-05-15,7.89,7.89,7.78,7.79,4715825,,36903132.0
2025-05-16,7.79,7.9,7.76,7.85,4158900,,32694976.0
2025-05-19,7.83,7.92,7.8,7.91,4138937,,32554994.0
2025-05-20,7.9,8.0,7.85,7.98,4369200,,34735056.0
2025-05-21,7.98,8.07,7.94,8.0,5571900,,44622796.0
2025-05-22,8.01,8.06,7.81,7.84,5637925,,44577676.0
2025-05-23,7.8,7.92,7.76,7.78,5846500,,45870668.0
2025-05-26,7.76,7.88,7.73,7.81,4329796,,33782316.0
2025-05-27,7.76,7.91,7.72,7.88,4970100,,38886096.0
2025-05-28,7.9,7.97,7.71,7.74,6088600,,47523208.0
2025-05-29,7.74,7.82,7.71,7.75,6691800,,52005992.0
2025-05-30,7.72,7.75,7.54,7.56,6883500,,52359568.0
2025-06-03,7.51,7.67,7.51,7.56,5671000,,42965472.0
2025-06-04,7.54,7.77,7.54,7.63,8614300,,66071984.0
2025-06-05,7.63,7.64,7.48,7.49,8789200,,66234844.0
2025-06-06,7.5,7.65,7.47,7.58,8238500,,62426272.0
2025-06-09,7.64,7.86,7.61,7.68,14150507,,109502904.0
2025-06-10,7.68,7.85,7.56,7.72,13304196,,102630032.0
2025-06-11,7.71,8.49,7.71,8.49,15869000,,132555200.0
2025-06-12,8.5,8.56,8.12,8.22,52673900,,432570304.0
2025-06-13,8.17,8.33,8.0,8.02,35428040,,288836768.0
2025-06-16,8.02,8.17,7.86,8.15,23536000,,189646960.0
2025-06-17,8.11,8.23,8.08,8.16,19396200,,157915776.0
2025-06-18,8.12,8.19,7.92,8.19,18795400,,151652544.0
2025-06-19,8.1,8.65,8.1,8.49,59987768,,508504224.0
2025-06-20,8.4,8.88,8.32,8.36,47571956,,407426592.0
2025-06-23,8.38,8.61,8.23,8.59,35897568,,304912160.0
2025-06-24,8.76,9.45,8.76,9.45,48244432,,445575104.0
2025-06-25,10.4,10.4,10.21,10.4,30317132,,315169760.0
2025-06-26,11.44,11.44,11.25,11.44,39262232,,449116448.0
2025-06-27,11.23,11.99,10.39,10.41,144434112,,1592813824.0
2025-06-30,10.06,10.58,9.91,10.05,104079800,,1050569536.0
2025-07-01,9.85,10.05,9.51,9.8,67798080,,661337792.0
2025-07-02,9.67,9.72,9.48,9.55,36881280,,352661952.0
2025-07-03,9.28,9.51,9.14,9.46,47798944,,445293184.0
2025-07-04,9.39,9.43,9.17,9.23,30345700,,281122208.0
2025-07-07,9.28,9.43,9.22,9.33,23700300,,220797616.0
2025-07-08,9.28,9.39,9.25,9.38,22983900,,214819440.0
2025-07-09,9.38,9.47,9.24,9.29,23695332,,221583024.0
2025-07-10,9.32,9.34,9.2,9.27,16578500,,153368656.0
2025-07-11,9.22,9.27,9.15,9.17,20095528,,184787888.0
2025-07-14,9.15,9.33,9.1,9.15,14027900,,128739832.0
2025-07-15,9.09,9.12,8.9,8.98,18036596,,162119824.0
2025-07-16,9.04,9.07,8.97,9.04,10216400,,92145632.0
2025-07-17,9.04,9.11,8.98,9.06,11020700,,99770008.0
2025-07-18,9.09,9.28,9.08,9.15,24214400,,221997024.0
2025-07-21,9.13,9.35,9.13,9.2,20758600,,191622512.0
2025-07-22,9.16,9.33,9.11,9.26,28444071,,262364832.0
2025-07-23,9.26,9.26,9.05,9.05,19331368,,176730048.0
2025-07-24,9.05,9.32,9.05,9.32,26320500,,243242480.0
2025-07-25,9.33,9.58,9.29,9.45,30336750,,286830560.0
2025-07-28,9.45,9.64,9.39,9.62,23630572,,226091520.0
2025-07-29,9.59,9.73,9.45,9.57,20365200,,194628576.0
2025-07-30,9.56,9.57,9.21,9.31,17104700,,160064432.0
2025-07-31,9.29,9.38,9.12,9.18,12834000,,118551032.0
2025-08-01,9.17,9.24,9.11,9.2,8698400,,79835168.0
2025-08-04,9.16,9.23,9.02,9.23,9326600,,85286792.0
2025-08-05,9.23,9.37,9.19,9.26,11375500,,105477200.0
2025-08-06,9.28,9.3,9.18,9.28,8652200,,80027704.0
2025-08-07,9.28,9.31,9.17,9.23,8615100,,79539336.0
2025-08-08,9.2,9.27,9.17,9.21,7774800,,71553056.0
2025-08-11,9.59,9.95,9.55,9.71,46792024,,455406592.0
2025-08-12,9.93,9.98,9.56,9.74,31202000,,303075264.0
2025-08-13,9.7,9.79,9.63,9.67,17987100,,174207696.0
2025-08-14,9.68,9.88,9.4,9.44,18393600,,176670304.0
2025-08-15,9.41,9.64,9.41,9.63,14280581,,137097856.0
2025-08-18,9.75,10.25,9.75,10.03,32867928,,330216256.0
2025-08-19,10.03,10.03,9.77,9.88,24453900,,241545904.0
2025-08-20,9.85,9.88,9.72,9.83,16353979,,160071568.0
2025-08-21,10.31,10.55,9.97,10.18,50328992,,513606656.0
2025-08-22,9.94,10.17,9.88,9.91,28580600,,285209952.0
2025-08-25,9.92,10.38,9.85,10.18,36837400,,373565600.0
2025-08-26,10.18,10.33,10.07,10.19,23323600,,237400656.0
2025-08-27,10.15,10.39,9.85,9.86,29485700,,299906336.0
2025-08-28,9.86,10.15,9.72,10.1,24506180,,244165344.0
2025-08-29,10.09,11.08,10.01,10.67,54812560,,579040704.0
2025-09-01,10.69,11.7,10.59,11.31,65036248,,722158912.0
2025-09-02,11.32,11.43,10.99,11.23,40615296,,454779808.0
2025-09-03,11.18,11.99,10.93,11.48,65059031,,745419328.0
2025-09-04,12.11,12.63,11.92,12.63,37548784,,468842400.0
2025-09-05,13.89,13.89,13.89,13.89,15305539,,212593936.0
2025-09-08,15.28,15.28,15.28,15.28,10967868,,167589024.0
2025-09-09,16.81,16.81,16.2,16.81,122473128,,2053078144.0
2025-09-10,16.0,17.88,15.8,17.54,233507664,,3981531648.0
2025-09-11,17.56,18.25,16.38,17.8,188861872,,3284548352.0
2025-09-12,17.51,19.14,16.02,17.89,213680175,,3702016000.0
2025-09-15,18.03,19.5,17.27,17.29,200419744,,3656764160.0
2025-09-16,16.96,19.02,16.2,19.02,180961008,,3239497984.0
2025-09-17,19.6,20.0,17.82,17.83,191913584,,3539878144.0
2025-09-18,17.66,18.29,17.17,17.51,149484256,,2652448000.0
2025-09-19,16.73,16.88,15.76,15.76,114734263,,1862335360.0
2025-09-22,15.2,15.65,14.87,15.1,78800416,,1186629120.0
2025-09-23,15.27,15.32,14.2,14.59,69084768,,1014440576.0
2025-09-24,14.11,16.05,14.11,15.63,116591560,,1782025088.0
2025-09-25,15.27,15.5,14.8,14.82,76971840,,1153798016.0
2025-09-26,14.79,16.3,14.56,16.3,101356312,,1583154688.0
2025-09-29,17.8,17.93,17.42,17.93,44215144,,788774784.0
2025-09-30,18.84,19.72,18.62,19.72,114698232,,2240129792.0
2025-10-09,20.4,21.69,19.99,21.69,181748976,,3843792640.0
2025-10-10,21.88,22.34,19.52,20.83,189973408,,3894223872.0
2025-10-13,20.85,22.91,20.39,22.91,118762032,,2614433792.0
2025-10-14,24.0,24.41,22.6,22.6,150020432,,3525291520.0
2025-10-15,22.61,24.0,22.01,23.4,117762712,,2739598848.0
2025-10-16,24.01,25.74,22.72,22.8,168544960,,4060523264.0
2025-10-17,23.28,24.81,22.8,24.16,159705744,,3842732544.0
2025-10-20,24.01,24.5,22.38,23.53,130789344,,3090649856.0
2025-10-21,24.14,24.94,23.56,23.77,101261048,,2440099584.0
2025-10-22,23.82,23.89,22.0,22.34,103867984,,2353837824.0
2025-10-23,22.02,22.56,21.29,21.91,88397560,,1931229824.0
2025-10-24,21.96,22.49,21.45,21.74,66441348,,1451940352.0
2025-10-27,22.42,23.08,21.9,22.76,76624784,,1727334912.0
2025-10-28,22.54,25.04,22.22,24.5,155066736,,3712901376.0
2025-10-29,24.0,25.99,23.11,25.49,161991056,,4000953856.0
2025-10-30,24.8,28.04,24.54,28.04,140139728,,3762884608.0
2025-10-31,30.6,30.84,29.83,30.84,42701296,,1303892480.0
2025-11-03,30.85,33.14,30.0,32.16,144750896,,4593746432.0
2025-11-04,32.25,33.0,30.94,31.1,118663104,,3776970496.0
2025-11-05,30.02,33.59,30.0,33.33,136093024,,4378859520.0
2025-11-06,32.34,33.98,32.01,32.91,101884488,,3336827904.0
2025-11-07,34.39,36.2,33.92,36.2,66517824,,2336791808.0
2025-11-10,38.69,39.82,38.01,39.82,91492272,,3617803264.0
2025-11-11,39.5,43.8,39.5,42.46,138668096,,5784882176.0
2025-11-12,40.8,46.71,39.0,46.71,143592464,,6067077120.0
2025-11-13,44.3,51.25,44.11,48.42,141543504,,6788513280.0
2025-11-14,46.51,49.6,44.89,45.44,100936016,,4727648768.0
2025-11-17,44.5,47.5,41.51,47.17,110549392,,4946466304.0
2025-11-18,45.35,46.16,42.45,42.45,70561824,,3096151808.0
2025-11-19,41.5,44.5,38.62,43.17,108158832,,4445318656.0
2025-11-20,42.0,43.49,38.85,38.86,80202800,,3313225728.0
2025-11-21,37.75,40.01,36.06,37.8,80076832,,3043113216.0
2025-11-24,37.78,40.43,37.18,39.38,78299408,,3040487168.0
2025-11-25,40.0,43.32,38.05,43.32,101528712,,4177363968.0
2025-11-26,43.0,44.77,41.86,43.88,91154712,,3965689600.0
2025-11-27,42.98,47.16,42.73,44.83,93756552,,4231991552.0
2025-11-28,43.5,45.78,43.48,45.03,74432552,,3331954688.0
2025-12-01,44.13,48.08,42.54,42.65,120909768,,5503020032.0
2025-12-02,40.3,42.65,39.8,40.1,101275184,,4131644416.0
2025-12-03,40.21,41.18,37.71,38.17,92965056,,3642168576.0
2025-12-04,37.71,38.54,36.83,37.11,53220464,,1994931328.0
2025-12-05,37.0,37.34,35.69,36.22,64949160,,2353932800.0
2025-12-08,35.5,36.58,34.27,36.4,79492952,,2836079360.0
2025-12-09,35.9,36.7,34.47,34.9,69063920,,2446707968.0
2025-12-10,35.0,36.37,34.5,34.83,75989176,,2688642048.0
2025-12-11,35.3,36.11,34.55,34.55,65051584,,2289612032.0
2025-12-12,34.76,35.43,31.5,32.27,81358584,,2644946176.0
2025-12-15,32.34,32.82,31.55,32.0,45501656,,1457129600.0
2025-12-16,31.88,32.36,30.95,31.57,49274300,,1556564480.0
2025-12-17,32.37,34.73,31.85,34.73,70693504,,2354272256.0
2025-12-18,35.22,36.49,33.5,33.57,118887512,,4164932096.0
2025-12-19,33.56,33.89,32.41,33.33,87295024,,2894728192.0
2025-12-22,33.86,35.54,33.23,34.81,82052376,,2845475584.0
2025-12-23,34.89,38.29,34.47,38.29,87230256,,3188213248.0
2025-12-24,39.93,42.12,39.92,42.12,159119888,,6596996096.0
2025-12-25,40.51,46.33,39.66,45.0,170310464,,7238621184.0
2025-12-26,49.5,49.5,47.85,49.5,124869400,,6145228800.0
2025-12-29,50.03,51.0,45.5,49.7,181275120,,8797971456.0
2025-12-30,47.0,48.53,44.73,46.03,173151376,,7953552384.0
2025-12-31,44.86,49.0,44.55,46.43,141859520,,6624805376.0
2026-01-05,47.85,51.07,44.6,51.07,179575792,,8676759552.0
2026-01-06,53.95,55.98,50.0,51.25,186046688,,9882711040.0
2026-01-07,50.11,51.9,47.77,48.15,149067984,,7409832448.0
2026-01-08,48.5,49.15,46.57,46.9,113882480,,5445585408.0
2026-01-09,45.93,47.68,45.7,46.13,91216760,,4251407872.0
2026-01-12,45.67,48.24,44.82,46.6,126714432,,5869710848.0
2026-01-13,45.99,47.78,44.03,44.11,116215280,,5296781824.0
2026-01-14,42.53,44.0,41.51,42.42,89558848,,3826547200.0
2026-01-15,41.54,46.57,41.54,45.15,118216080,,5302452224.0
2026-01-16,42.76,44.54,41.0,41.34,102032056,,4329420288.0
2026-01-19,41.33,43.13,41.24,41.87,62596207,,2638652160.0
2026-01-20,42.01,42.55,40.08,40.3,47637844,,1954370176.0
2026-01-21,40.0,42.05,39.81,41.66,53336776,,2205784576.0
2026-01-22,41.5,42.5,41.23,41.87,42730412,,1786849664.0
2026-01-23,42.03,42.93,41.57,42.35,51605147,,
