日期,股票代码,开盘,收盘,最高,最低,成交量,成交额,振幅,涨跌幅,涨跌额,换手率
2020-07-16,,24.05,24.05,24.05,24.05,339246,8158866.0,,,,
2020-07-17,,26.46,26.46,26.46,26.46,134379,3555668.0,,,,
2020-07-20,,29.11,29.11,29.11,29.11,587393,17099010.0,,,,
2020-07-21,,32.02,32.02,32.02,29.66,24299516,755346112.0,,,,
2020-07-22,,31.94,33.06,35.11,30.26,29880003,965468480.0,,,,
2020-07-23,,31.71,30.8,32.18,30.58,18490057,578493376.0,,,,
2020-07-24,,30.0,30.83,31.93,29.51,18838778,579425920.0,,,,
2020-07-27,,30.09,29.1,30.45,28.51,13197996,387317056.0,,,,
2020-07-28,,29.0,29.5,30.3,28.66,11078028,326283776.0,,,,
2020-07-29,,29.12,29.78,30.16,28.89,10562611,312339520.0,,,,
2020-07-30,,29.55,30.42,30.83,29.21,12615872,380020832.0,,,,
2020-07-31,,30.04,29.54,30.4,29.27,11142024,331684928.0,,,,
2020-08-03,,29.6,29.76,29.92,29.25,9824987,290676544.0,,,,
2020-08-04,,29.78,31.22,31.54,29.35,17966238,549407552.0,,,,
2020-08-05,,30.57,29.91,30.7,29.55,11213556,336189376.0,,,,
2020-08-06,,29.8,29.21,30.2,28.92,9350300,274925344.0,,,,
2020-08-07,,29.4,29.58,30.45,29.22,9297995,276808064.0,,,,
2020-08-10,,29.01,28.45,29.13,28.04,8910471,253025712.0,,,,
2020-08-11,,28.4,28.34,28.98,28.22,6047663,172681216.0,,,,
2020-08-12,,28.1,27.4,28.29,26.9,6522997,178863696.0,,,,
2020-08-13,,27.39,27.21,27.54,27.02,4131247,112568368.0,,,,
2020-08-14,,27.2,26.93,27.31,26.62,4168530,112296448.0,,,,
2020-08-17,,26.95,27.3,27.34,26.88,4297639,116700288.0,,,,
2020-08-18,,27.31,27.47,27.6,27.21,3839367,105215504.0,,,,
2020-08-19,,27.46,27.76,28.68,27.35,6353434,178755680.0,,,,
2020-08-20,,27.61,27.77,28.46,26.82,4931956,135964000.0,,,,
2020-08-21,,27.8,28.2,28.56,27.8,5184155,146490352.0,,,,
2020-08-24,,28.19,27.8,28.34,27.38,4044435,112536664.0,,,,
2020-08-25,,27.95,27.86,28.25,27.65,3467241,96634216.0,,,,
2020-08-26,,27.86,26.93,27.9,26.88,4064461,110728896.0,,,,
2020-08-27,,26.95,27.1,27.14,26.56,2187766,58822552.0,,,,
2020-08-28,,27.1,28.31,28.44,27.0,6163968,171893952.0,,,,
2020-08-31,,28.39,28.24,28.59,28.09,3794676,107541616.0,,,,
2020-09-01,,28.3,28.04,28.78,27.87,2866300,80673432.0,,,,
2020-09-02,,28.03,28.3,28.46,27.77,3021470,84963744.0,,,,
2020-09-03,,28.31,28.31,28.66,28.08,2927357,83035760.0,,,,
2020-09-04,,27.8,27.76,27.98,27.5,2771468,76828400.0,,,,
2020-09-07,,27.96,28.43,28.8,27.66,5196451,147317648.0,,,,
2020-09-08,,28.45,28.39,29.45,28.39,5354023,154378864.0,,,,
2020-09-09,,27.81,26.77,27.99,26.57,5329129,144824528.0,,,,
2020-09-10,,26.91,24.97,27.07,24.5,4525825,117330800.0,,,,
2020-09-11,,24.72,25.3,25.49,24.64,2432071,61130712.0,,,,
2020-09-14,,25.39,25.44,25.68,25.2,1926538,48988904.0,,,,
2020-09-15,,25.4,25.67,25.73,25.2,1947277,49643756.0,,,,
2020-09-16,,25.6,25.4,25.72,25.27,1738543,44142912.0,,,,
2020-09-17,,25.28,25.58,25.93,25.2,2279483,58471156.0,,,,
2020-09-18,,25.6,25.87,25.98,25.47,2215407,57071400.0,,,,
2020-09-21,,25.75,25.41,25.9,25.32,2144322,54757120.0,,,,
2020-09-22,,25.24,24.71,25.33,24.69,2008311,50231816.0,,,,
2020-09-23,,24.81,25.0,25.35,24.8,2012100,50419904.0,,,,
2020-09-24,,24.99,24.17,24.99,24.1,2224169,54568744.0,,,,
2020-09-25,,24.3,23.79,24.57,23.79,2557075,61746952.0,,,,
2020-09-28,,24.03,23.0,24.18,22.97,2675894,62925644.0,,,,
2020-09-29,,23.12,23.31,23.45,22.72,2669229,61643944.0,,,,
2020-09-30,,23.15,22.8,23.32,22.75,2065091,47417100.0,,,,
2020-10-09,,23.13,23.28,23.44,23.03,2074750,48210568.0,,,,
2020-10-12,,23.38,23.76,23.77,23.24,2502762,58928556.0,,,,
2020-10-13,,23.62,24.15,24.35,23.55,3119218,74807672.0,,,,
2020-10-14,,24.08,23.85,24.18,23.74,1546772,36930008.0,,,,
2020-10-15,,23.76,23.76,24.04,23.59,1369834,32611452.0,,,,
2020-10-16,,23.7,23.93,24.07,23.68,1368745,32658552.0,,,,
2020-10-19,,24.0,23.7,24.32,23.7,1597764,38378476.0,,,,
2020-10-20,,23.57,24.1,24.1,23.57,1398576,33422144.0,,,,
2020-10-21,,24.04,23.86,24.15,23.6,1432079,34181308.0,,,,
2020-10-22,,23.83,23.9,23.9,23.32,1885125,44502148.0,,,,
2020-10-23,,23.85,23.23,23.85,23.09,1919977,44995016.0,,,,
2020-10-26,,23.06,23.18,23.18,22.8,1180853,27180648.0,,,,
2020-10-27,,23.06,23.36,23.38,22.96,1119528,26012428.0,,,,
2020-10-28,,23.36,23.08,23.44,22.88,1688588,39062096.0,,,,
2020-10-29,,22.69,22.35,22.69,22.22,2274550,51089608.0,,,,
2020-10-30,,22.39,22.08,22.58,21.93,1670754,37134548.0,,,,
2020-11-02,,22.11,21.89,22.12,21.08,1446845,31579912.0,,,,
2020-11-03,,21.9,22.3,22.41,21.69,1354442,30018824.0,,,,
2020-11-04,,22.39,22.44,22.85,22.28,1278486,28758594.0,,,,
2020-11-05,,22.44,22.65,22.74,22.27,1389818,31285558.0,,,,
2020-11-06,,22.65,22.6,22.79,22.39,1102893,24811056.0,,,,
2020-11-09,,22.52,23.16,23.3,22.52,1956083,44837224.0,,,,
2020-11-10,,24.0,23.2,24.48,23.2,3349168,79882120.0,,,,
2020-11-11,,23.07,22.78,23.24,22.67,1942075,44507432.0,,,,
2020-11-12,,22.7,23.7,24.28,22.61,2991427,70455696.0,,,,
2020-11-13,,23.37,23.97,24.26,23.3,2897127,69437184.0,,,,
2020-11-16,,24.02,23.95,24.18,23.53,1931939,46118156.0,,,,
2020-11-17,,24.05,24.05,24.7,23.88,2731274,66150376.0,,,,
2020-11-18,,24.0,24.0,24.27,23.83,1589885,38177120.0,,,,
2020-11-19,,24.1,24.47,24.65,24.08,2669172,65106672.0,,,,
2020-11-20,,24.41,24.31,24.58,24.02,1731695,42083768.0,,,,
2020-11-23,,24.16,24.16,24.35,23.62,2376037,57030804.0,,,,
2020-11-24,,24.0,24.56,24.64,24.0,2252195,54965516.0,,,,
2020-11-25,,24.58,24.33,24.7,24.0,1661461,40254256.0,,,,
2020-11-26,,24.32,25.23,26.48,24.11,6794227,173987392.0,,,,
2020-11-27,,25.48,27.32,27.61,25.01,9131026,242732112.0,,,,
2020-11-30,,27.3,27.53,28.02,27.06,6061548,167120240.0,,,,
2020-12-01,,27.63,27.09,27.83,26.8,4105969,111113816.0,,,,
2020-12-02,,27.15,27.67,28.16,27.0,3673116,101110128.0,,,,
2020-12-03,,27.85,27.8,28.47,27.6,4256001,119378576.0,,,,
2020-12-04,,27.3,26.88,27.55,26.85,3569953,96540472.0,,,,
2020-12-07,,27.01,27.2,27.54,26.9,2088283,56871280.0,,,,
2020-12-08,,27.36,26.45,27.77,26.45,3041777,81617264.0,,,,
2020-12-09,,26.54,25.98,26.98,25.89,2068193,54764596.0,,,,
2020-12-10,,25.8,26.0,26.6,25.75,1688800,44246756.0,,,,
2020-12-11,,25.92,26.3,26.55,25.58,1695000,44136916.0,,,,
2020-12-14,,26.13,26.1,26.5,25.75,1469600,38221468.0,,,,
2020-12-15,,26.2,26.1,26.36,25.71,1308100,34026644.0,,,,
2020-12-16,,26.19,26.9,27.24,25.85,3018885,80581976.0,,,,
2020-12-17,,26.81,26.37,26.93,26.26,2658823,70469816.0,,,,
2020-12-18,,26.19,25.77,26.33,25.61,1877112,48554344.0,,,,
2020-12-21,,25.82,25.94,26.15,25.53,1089891,28128776.0,,,,
2020-12-22,,25.7,25.04,25.94,24.85,2404402,60705364.0,,,,
2020-12-23,,24.68,24.12,25.42,23.99,2309949,56557456.0,,,,
2020-12-24,,24.1,23.35,24.1,23.31,1604861,37865348.0,,,,
2020-12-25,,23.32,23.38,23.99,23.28,1096177,25852692.0,,,,
2020-12-28,,23.18,22.85,23.28,22.41,1515382,34579544.0,,,,
2020-12-29,,22.85,23.0,23.34,22.8,1124650,25947124.0,,,,
2020-12-30,,22.98,23.66,24.13,22.8,1297977,30462856.0,,,,
2020-12-31,,23.61,23.81,24.15,23.61,1073358,25564216.0,,,,
2021-01-04,,23.81,23.62,23.81,23.46,1284700,30308152.0,,,,
2021-01-05,,23.51,23.93,24.01,23.18,1337683,31691688.0,,,,
2021-01-06,,24.0,23.19,24.7,22.98,3037726,72103896.0,,,,
2021-01-07,,22.84,21.83,23.01,21.48,3909804,86248320.0,,,,
2021-01-08,,21.8,21.2,21.8,21.11,2520900,53772216.0,,,,
2021-01-11,,20.9,19.82,20.9,19.82,3633804,73315920.0,,,,
2021-01-12,,19.81,19.95,20.16,19.45,1361893,27116422.0,,,,
2021-01-13,,20.25,20.1,20.5,19.78,2168836,43621912.0,,,,
2021-01-14,,20.6,20.82,20.96,20.1,2401607,49629896.0,,,,
2021-01-15,,20.86,20.9,21.14,20.55,1353247,28206722.0,,,,
2021-01-18,,21.09,21.12,21.39,20.75,1493106,31637192.0,,,,
2021-01-19,,21.0,21.61,21.9,20.98,1425227,30760982.0,,,,
2021-01-20,,21.75,21.5,21.86,21.33,1030385,22201880.0,,,,
2021-01-21,,21.45,21.06,21.73,21.05,1419600,30229536.0,,,,
2021-01-22,,20.91,21.1,21.45,20.9,1426954,30152046.0,,,,
2021-01-25,,21.0,20.42,21.13,20.0,1903900,39050876.0,,,,
2021-01-26,,20.6,20.6,20.84,20.16,1231514,25287196.0,,,,
2021-01-27,,20.38,20.8,20.96,20.23,1038434,21497448.0,,,,
2021-01-28,,20.8,21.11,21.62,20.63,1970118,41980184.0,,,,
2021-01-29,,21.2,21.9,22.0,20.7,2581500,55078824.0,,,,
2021-02-01,,21.73,21.61,21.97,21.4,1884705,40734268.0,,,,
2021-02-02,,21.4,21.93,22.25,21.4,1970512,43089568.0,,,,
2021-02-03,,21.88,22.58,22.84,21.77,2791061,62893448.0,,,,
2021-02-04,,22.43,21.95,22.55,21.5,1990400,43715672.0,,,,
2021-02-05,,21.7,21.9,22.22,21.54,1283382,27970496.0,,,,
2021-02-08,,21.9,22.62,22.88,21.85,1960947,44193684.0,,,,
2021-02-09,,22.35,22.45,22.6,22.0,1380498,30830352.0,,,,
2021-02-10,,22.3,22.31,22.95,22.22,1777400,39940400.0,,,,
2021-02-18,,23.0,23.1,23.88,22.94,2888575,67347272.0,,,,
2021-02-19,,22.88,23.33,23.4,22.84,1479082,34304860.0,,,,
2021-02-22,,23.2,23.15,23.75,23.03,2061600,48164932.0,,,,
2021-02-23,,23.15,23.47,23.69,22.53,2006665,46450748.0,,,,
2021-02-24,,23.52,23.16,24.27,23.07,2946733,69882392.0,,,,
2021-02-25,,23.21,22.5,23.48,22.42,2268075,51547608.0,,,,
2021-02-26,,22.21,22.55,22.7,22.15,1176557,26395228.0,,,,
2021-03-01,,22.61,22.92,23.06,22.4,1280419,29218772.0,,,,
2021-03-02,,22.95,23.03,23.2,22.62,1299479,29771788.0,,,,
2021-03-03,,22.85,23.03,23.17,22.75,1043412,23982800.0,,,,
2021-03-04,,22.85,22.37,23.14,22.21,1688200,38146912.0,,,,
2021-03-05,,22.02,22.47,22.56,22.02,899569,20143162.0,,,,
2021-03-08,,22.58,22.04,22.65,21.95,998893,22267768.0,,,,
2021-03-09,,22.01,21.96,22.46,21.3,1507241,33050776.0,,,,
2021-03-10,,22.01,21.68,22.13,21.5,822167,17844098.0,,,,
2021-03-11,,21.67,21.94,22.09,21.52,815183,17836666.0,,,,
2021-03-12,,21.94,21.76,22.22,21.7,917100,20062020.0,,,,
2021-03-15,,21.58,22.66,22.75,21.52,1802440,40308172.0,,,,
2021-03-16,,22.9,24.08,24.17,22.71,3740180,88802064.0,,,,
2021-03-17,,24.03,24.0,24.36,23.52,2439700,58349328.0,,,,
2021-03-18,,24.0,24.01,24.2,23.71,1860280,44526208.0,,,,
2021-03-19,,23.76,23.73,24.49,23.71,1473500,35375308.0,,,,
2021-03-22,,23.6,24.96,24.96,23.6,2698476,65784736.0,,,,
2021-03-23,,25.87,24.61,25.92,24.42,3697890,92627848.0,,,,
2021-03-24,,24.76,24.5,25.08,23.88,2685203,65752232.0,,,,
2021-03-25,,24.18,25.08,25.16,23.9,2422977,60231184.0,,,,
2021-03-26,,25.01,25.11,25.33,24.75,1691425,42283800.0,,,,
2021-03-29,,25.0,24.89,25.38,24.65,1567709,39084692.0,,,,
2021-03-30,,24.71,24.76,25.3,24.68,1294304,32309956.0,,,,
2021-03-31,,25.0,24.84,25.25,24.65,1364829,34030456.0,,,,
2021-04-01,,24.69,24.23,24.9,24.05,1474401,35870080.0,,,,
2021-04-02,,24.71,25.17,25.38,24.33,1911220,47757864.0,,,,
2021-04-06,,24.91,24.94,25.34,24.83,1112673,27818728.0,,,,
2021-04-07,,25.05,25.56,25.89,24.8,1899220,48461024.0,,,,
2021-04-08,,25.51,25.31,25.78,25.18,1085013,27691232.0,,,,
2021-04-09,,25.3,25.49,25.75,25.06,1062916,27027382.0,,,,
2021-04-12,,25.03,24.84,25.75,24.66,1213939,30479808.0,,,,
2021-04-13,,24.79,24.99,25.98,24.4,1903711,47951808.0,,,,
2021-04-14,,25.2,25.84,25.86,24.78,2022502,51722968.0,,,,
2021-04-15,,25.73,25.69,25.75,25.33,1161791,29661268.0,,,,
2021-04-16,,26.2,26.68,26.87,26.0,3473544,92032792.0,,,,
2021-04-19,,26.74,27.34,27.45,26.6,2732032,74159368.0,,,,
2021-04-20,,27.33,26.88,27.45,26.88,1986777,53834256.0,,,,
2021-04-21,,26.71,26.76,27.43,26.66,1632067,44029864.0,,,,
2021-04-22,,26.67,26.97,27.15,26.62,999896,26835740.0,,,,
2021-04-23,,27.3,26.9,27.35,26.68,1253188,33723616.0,,,,
2021-04-26,,27.0,27.79,28.28,26.61,3782089,104544096.0,,,,
2021-04-27,,27.74,27.88,28.17,27.05,2095214,57943584.0,,,,
2021-04-28,,27.69,27.47,27.75,27.04,1896088,51876544.0,,,,
2021-04-29,,27.26,27.88,28.16,26.66,2668587,73181480.0,,,,
2021-04-30,,25.09,25.09,25.8,25.09,5253681,132002368.0,,,,
2021-05-06,,25.03,23.77,25.09,23.6,4365043,105091552.0,,,,
2021-05-07,,23.6,23.58,23.87,23.5,1954243,46191996.0,,,,
2021-05-10,,23.95,23.77,24.24,23.51,1262204,30133598.0,,,,
2021-05-11,,23.88,23.87,23.91,23.16,1218627,28738796.0,,,,
2021-05-12,,23.83,23.95,24.25,23.65,880479,21104488.0,,,,
2021-05-13,,23.93,24.98,25.27,23.82,2178082,53923120.0,,,,
2021-05-14,,24.66,24.37,25.27,24.06,2204372,54190052.0,,,,
2021-05-17,,24.21,24.73,25.14,23.85,1611543,39647232.0,,,,
2021-05-18,,24.9,27.2,27.2,24.8,4731428,125770496.0,,,,
2021-05-19,,27.0,29.92,29.92,26.42,8681753,245671200.0,,,,
2021-05-20,,30.79,32.91,32.91,30.79,8135075,263161136.0,,,,
2021-05-21,,32.38,29.7,32.38,29.62,12187844,369170368.0,,,,
2021-05-24,,29.99,32.67,32.67,29.99,10577455,330383776.0,,,,
2021-05-25,,31.89,32.86,33.74,30.8,9765150,315097216.0,,,,
2021-05-26,,31.59,32.3,34.49,31.59,6429005,211738048.0,,,,
2021-05-27,,32.52,30.95,32.99,30.61,7477613,233300864.0,,,,
2021-05-28,,31.0,31.18,31.4,30.01,5532292,169776400.0,,,,
2021-05-31,,30.9,29.44,31.02,28.7,5770319,170454432.0,,,,
2021-06-01,,29.48,29.85,29.99,29.02,4073194,120745360.0,,,,
2021-06-02,,29.55,29.1,30.16,28.81,3144791,92135360.0,,,,
2021-06-03,,29.27,28.69,29.27,28.52,3182800,91697648.0,,,,
2021-06-04,,28.2,28.69,28.9,27.9,2564300,73009912.0,,,,
2021-06-07,,29.35,29.58,29.97,28.81,4292180,126517184.0,,,,
2021-06-08,,29.53,28.3,29.53,28.05,3478764,99375480.0,,,,
2021-06-09,,28.08,28.44,28.45,27.56,2373943,66483928.0,,,,
2021-06-10,,28.2,28.31,28.32,27.77,1322364,37106112.0,,,,
2021-06-11,,28.28,27.92,29.05,27.72,1754200,49538188.0,,,,
2021-06-15,,21.4,21.79,21.98,20.7,1407575,30337148.0,,,,
2021-06-16,,21.78,21.0,21.79,20.87,2441085,51617964.0,,,,
2021-06-17,,21.01,21.14,21.3,20.64,1504281,31593860.0,,,,
2021-06-18,,21.07,21.2,21.39,20.72,1279805,26971986.0,,,,
2021-06-21,,21.12,21.41,21.87,20.99,1678981,36024048.0,,,,
2021-06-22,,21.36,21.16,21.5,21.09,1621478,34412960.0,,,,
2021-06-23,,21.07,21.45,22.73,21.07,4044472,88407128.0,,,,
2021-06-24,,21.09,20.04,21.3,20.01,5727941,117469592.0,,,,
2021-06-25,,20.03,20.26,20.34,19.7,2085095,41884644.0,,,,
2021-06-28,,20.27,19.87,20.31,19.79,1546945,30851790.0,,,,
2021-06-29,,19.7,19.6,19.94,19.53,1929945,37945416.0,,,,
2021-06-30,,19.6,19.18,19.8,19.01,2526690,48607800.0,,,,
2021-07-01,,19.3,19.38,19.68,19.14,1597365,31082732.0,,,,
2021-07-02,,19.18,19.09,19.5,18.79,1723109,32807124.0,,,,
2021-07-05,,18.99,19.43,19.56,18.69,1518759,29206964.0,,,,
2021-07-06,,19.43,19.3,19.49,18.86,1592260,30471070.0,,,,
2021-07-07,,19.16,19.36,19.56,19.15,1134616,22010522.0,,,,
2021-07-08,,19.4,18.71,19.5,18.7,1625830,30935942.0,,,,
2021-07-09,,18.53,18.64,18.8,18.3,1558100,28832676.0,,,,
2021-07-12,,18.65,18.5,18.82,18.44,1341079,24941862.0,,,,
2021-07-13,,18.56,18.37,18.7,18.23,1065480,19689384.0,,,,
2021-07-14,,18.38,18.58,18.78,18.3,989804,18344372.0,,,,
2021-07-15,,18.76,18.4,18.76,18.2,1058411,19399466.0,,,,
2021-07-16,,18.49,18.64,18.79,18.18,1417133,26172414.0,,,,
2021-07-19,,18.65,19.3,19.34,18.47,2338290,44471444.0,,,,
2021-07-20,,19.3,18.98,19.31,18.81,1305944,24867566.0,,,,
2021-07-21,,18.99,18.74,19.16,18.65,1584660,29824726.0,,,,
2021-07-22,,18.69,18.33,18.72,18.22,1535910,28150452.0,,,,
2021-07-23,,18.33,17.97,18.6,17.8,1542434,27826596.0,,,,
2021-07-26,,17.85,17.3,17.85,17.08,1711568,29576136.0,,,,
2021-07-27,,17.16,16.86,17.49,16.79,1640522,27905488.0,,,,
2021-07-28,,16.88,16.12,16.96,16.0,2258057,36776448.0,,,,
2021-07-29,,16.24,15.77,16.4,15.56,3362851,53506792.0,,,,
2021-07-30,,15.8,15.85,15.94,15.51,1576760,24841340.0,,,,
2021-08-02,,15.79,15.81,15.87,15.2,3163196,49051940.0,,,,
2021-08-03,,15.8,16.2,16.39,15.71,2170917,35121760.0,,,,
2021-08-04,,16.08,15.88,16.2,15.75,1758837,28041062.0,,,,
2021-08-05,,15.8,15.63,16.0,15.5,1237614,19480976.0,,,,
2021-08-06,,15.58,15.38,15.64,15.16,1314610,20267346.0,,,,
2021-08-09,,15.31,16.25,16.54,15.31,2813437,45408088.0,,,,
2021-08-10,,16.17,16.15,16.31,16.0,1840290,29675228.0,,,,
2021-08-11,,16.31,16.17,16.55,16.02,1751000,28454644.0,,,,
2021-08-12,,16.18,15.97,16.3,15.9,1427910,22982912.0,,,,
2021-08-13,,15.94,16.28,16.35,15.85,1563704,25324046.0,,,,
2021-08-16,,16.28,17.14,17.35,16.28,3146442,53331408.0,,,,
2021-08-17,,16.75,16.59,17.06,16.41,2964447,49486932.0,,,,
2021-08-18,,16.52,16.46,17.07,16.18,2478058,41040144.0,,,,
2021-08-19,,16.36,16.73,17.0,16.26,2067427,34562144.0,,,,
2021-08-20,,16.56,16.57,16.71,16.38,1164251,19235626.0,,,,
2021-08-23,,16.66,17.67,17.97,16.5,3695048,64378328.0,,,,
2021-08-24,,17.83,17.72,17.96,17.2,1945312,34261536.0,,,,
2021-08-25,,17.8,17.76,18.16,17.63,1646500,29346188.0,,,,
2021-08-26,,17.76,18.27,18.4,17.5,2272889,41211404.0,,,,
2021-08-27,,18.4,18.25,18.49,17.95,1930236,35034472.0,,,,
2021-08-30,,18.58,17.92,18.6,17.63,1630056,29308252.0,,,,
2021-08-31,,17.9,17.64,18.47,17.61,2202751,39632680.0,,,,
2021-09-01,,17.63,17.86,18.29,17.58,1611523,28927912.0,,,,
2021-09-02,,18.27,17.81,18.27,17.76,1293707,23237700.0,,,,
2021-09-03,,17.7,18.25,18.41,17.49,2674881,47938928.0,,,,
2021-09-06,,18.25,18.35,18.67,18.03,1791091,32744552.0,,,,
2021-09-07,,18.05,18.3,18.55,18.05,1905395,34954740.0,,,,
2021-09-08,,18.3,18.82,18.87,18.17,1928253,35939468.0,,,,
2021-09-09,,18.7,18.71,18.99,18.66,1528380,28669668.0,,,,
2021-09-10,,18.71,18.78,19.33,18.61,1742683,33080592.0,,,,
2021-09-13,,18.7,17.89,18.7,17.8,3178471,57511496.0,,,,
2021-09-14,,18.05,17.32,18.14,17.22,3036757,53437872.0,,,,
2021-09-15,,17.6,18.25,18.46,17.2,3251986,58384968.0,,,,
2021-09-16,,18.15,17.85,18.4,17.83,2192933,39715588.0,,,,
2021-09-17,,17.81,18.35,18.5,17.63,1719256,31130156.0,,,,
2021-09-22,,18.13,18.39,18.56,17.77,1233314,22511148.0,,,,
2021-09-23,,18.33,18.16,18.45,17.9,1371060,24923492.0,,,,
2021-09-24,,18.09,18.3,18.56,17.95,1446814,26580776.0,,,,
2021-09-27,,18.6,18.85,19.08,18.3,2181541,40871976.0,,,,
2021-09-28,,18.65,18.48,18.82,18.23,1442257,26625600.0,,,,
2021-09-29,,18.35,18.94,19.18,18.29,2111745,39722184.0,,,,
2021-09-30,,18.87,18.65,19.18,18.58,1792075,33911880.0,,,,
2021-10-08,,18.59,18.45,18.86,18.36,1812159,33726040.0,,,,
2021-10-11,,18.45,19.7,19.7,18.45,3395212,65351376.0,,,,
2021-10-12,,19.54,19.32,20.18,18.95,3741226,72644600.0,,,,
2021-10-13,,19.29,19.28,19.41,18.74,1092434,20899232.0,,,,
2021-10-14,,19.23,19.39,19.68,19.0,1703659,33026446.0,,,,
2021-10-15,,19.35,18.93,19.35,18.6,1510244,28557784.0,,,,
2021-10-18,,18.8,18.28,18.8,17.5,1977870,35662164.0,,,,
2021-10-19,,18.19,18.28,18.48,18.06,902434,16479850.0,,,,
2021-10-20,,18.1,17.78,18.25,17.66,1103026,19697676.0,,,,
2021-10-21,,17.88,17.96,18.09,17.62,724578,12980110.0,,,,
2021-10-22,,18.0,17.91,18.0,17.57,628756,11199358.0,,,,
2021-10-25,,17.9,17.32,17.9,17.26,1389564,24287740.0,,,,
2021-10-26,,17.5,17.01,17.77,16.89,1578113,26881894.0,,,,
2021-10-27,,16.92,16.29,17.18,16.2,2222027,36642988.0,,,,
2021-10-28,,16.41,16.6,16.77,15.99,2083600,33855788.0,,,,
2021-10-29,,16.62,17.31,17.34,16.6,1160777,19841844.0,,,,
2021-11-01,,17.0,16.41,17.1,16.39,1797490,29873172.0,,,,
2021-11-02,,16.39,16.29,16.66,16.17,1288900,21164432.0,,,,
2021-11-03,,16.28,16.38,16.68,16.14,938745,15425281.0,,,,
2021-11-04,,16.46,16.5,16.66,16.33,833115,13756882.0,,,,
2021-11-05,,16.4,16.36,16.64,16.18,908395,14904974.0,,,,
2021-11-08,,16.48,17.46,17.8,16.42,3168518,54376824.0,,,,
2021-11-09,,17.36,17.35,17.53,17.0,1286755,22257568.0,,,,
2021-11-10,,17.29,17.53,17.65,17.19,1133138,19760756.0,,,,
2021-11-11,,17.5,17.41,17.92,17.27,1210995,21207558.0,,,,
2021-11-12,,17.62,17.44,17.73,17.37,1011233,17699968.0,,,,
2021-11-15,,17.52,18.09,18.38,17.5,1814420,32794308.0,,,,
2021-11-16,,17.99,17.88,18.21,17.78,1092002,19566298.0,,,,
2021-11-17,,17.85,17.89,18.1,17.72,786240,14051488.0,,,,
2021-11-18,,17.9,17.44,17.9,17.35,1073850,18852916.0,,,,
2021-11-19,,17.44,17.51,17.88,17.3,932979,16387467.0,,,,
2021-11-22,,17.73,17.96,18.25,17.42,1773134,31597468.0,,,,
2021-11-23,,18.2,18.14,18.25,17.97,972070,17591494.0,,,,
2021-11-24,,18.02,17.85,18.14,17.76,890228,15936731.0,,,,
2021-11-25,,18.04,17.84,18.15,17.82,644530,11560860.0,,,,
2021-11-26,,17.79,17.47,17.79,17.24,1118460,19483070.0,,,,
2021-11-29,,17.05,17.17,17.34,16.9,1031349,17645690.0,,,,
2021-11-30,,17.27,17.18,17.39,17.12,687368,11854345.0,,,,
2021-12-01,,17.24,17.32,17.42,16.94,641276,11084914.0,,,,
2021-12-02,,17.3,17.18,17.46,17.0,874558,15048270.0,,,,
2021-12-03,,17.18,17.28,17.36,17.11,523139,9015259.0,,,,
2021-12-06,,17.26,16.9,17.27,16.89,740260,12581614.0,,,,
2021-12-07,,17.0,17.11,17.19,16.81,694106,11838474.0,,,,
2021-12-08,,17.11,17.17,17.25,16.91,828989,14177606.0,,,,
2021-12-09,,17.25,17.51,17.77,17.13,1557907,27250108.0,,,,
2021-12-10,,17.51,17.54,17.67,17.33,856835,15065986.0,,,,
2021-12-13,,17.55,17.59,17.77,17.38,795012,13942768.0,,,,
2021-12-14,,17.56,17.55,17.58,17.42,704149,12324224.0,,,,
2021-12-15,,17.55,17.4,17.66,17.34,595459,10406936.0,,,,
2021-12-16,,17.33,17.28,17.42,17.11,638924,11025505.0,,,,
2021-12-17,,17.2,17.06,17.29,17.03,528293,9043768.0,,,,
2021-12-20,,17.06,17.11,17.45,16.83,780649,13347402.0,,,,
2021-12-21,,17.1,17.4,17.48,17.04,670646,11625881.0,,,,
2021-12-22,,17.47,17.22,17.47,17.15,621890,10761036.0,,,,
2021-12-23,,17.15,17.08,17.28,16.95,613550,10474548.0,,,,
2021-12-24,,16.94,17.06,17.13,16.89,696982,11840773.0,,,,
2021-12-27,,17.09,17.15,17.23,16.92,840850,14405735.0,,,,
2021-12-28,,17.2,17.24,17.43,17.06,973118,16786216.0,,,,
2021-12-29,,17.62,18.96,18.96,17.62,12780780,241149536.0,,,,
2021-12-30,,18.77,18.63,18.79,17.73,11327374,206015184.0,,,,
2021-12-31,,18.24,18.3,18.44,18.03,5847796,106448456.0,,,,
2022-01-04,,18.32,20.13,20.13,18.15,11140600,216653408.0,,,,
2022-01-05,,20.13,20.75,21.89,19.74,15127585,315557184.0,,,,
2022-01-06,,20.01,21.07,21.58,19.51,9916150,203648016.0,,,,
2022-01-07,,20.64,20.37,21.25,20.25,6095360,125546504.0,,,,
2022-01-10,,20.28,21.27,21.36,19.51,8262617,171491680.0,,,,
2022-01-11,,21.0,20.36,21.45,20.36,5106132,105888360.0,,,,
2022-01-12,,20.5,22.4,22.4,20.3,8678341,190006480.0,,,,
2022-01-13,,24.1,24.64,24.64,23.68,6488438,158849376.0,,,,
2022-01-14,,26.4,24.97,27.02,23.21,24895888,633413120.0,,,,
2022-01-17,,23.0,24.61,25.5,22.55,18186824,432757696.0,,,,
2022-01-18,,23.5,22.15,23.7,22.15,12252002,279082912.0,,,,
2022-01-19,,21.68,22.84,23.26,21.26,9647728,215243616.0,,,,
2022-01-20,,22.46,21.62,23.36,21.55,7334812,163045856.0,,,,
2022-01-21,,21.7,19.94,21.98,19.81,7195706,149439920.0,,,,
2022-01-24,,20.13,20.66,21.41,19.89,7043970,145063296.0,,,,
2022-01-25,,20.65,19.94,21.35,19.69,6878766,140606720.0,,,,
2022-01-26,,20.04,19.15,20.19,18.76,6268830,120591344.0,,,,
2022-01-27,,19.2,18.3,19.2,18.3,3622610,67888216.0,,,,
2022-01-28,,18.42,18.71,19.35,18.42,5368056,101669712.0,,,,
2022-02-07,,19.14,18.98,19.29,18.3,3279830,61903572.0,,,,
2022-02-08,,18.87,19.45,19.66,18.6,4208592,81346936.0,,,,
2022-02-09,,19.41,19.46,19.56,19.06,3586594,69209256.0,,,,
2022-02-10,,19.33,19.62,19.84,19.22,4839970,94610184.0,,,,
2022-02-11,,19.5,19.5,20.25,18.88,7638560,149809248.0,,,,
2022-02-14,,19.42,20.39,20.86,19.3,7694091,155086864.0,,,,
2022-02-15,,20.1,19.64,20.11,19.08,5687834,111243816.0,,,,
2022-02-16,,19.43,19.54,19.96,19.15,4262174,83094576.0,,,,
2022-02-17,,19.35,18.9,19.52,18.9,3413981,65202360.0,,,,
2022-02-18,,18.7,19.14,19.25,18.7,2189930,41792064.0,,,,
2022-02-21,,19.47,19.16,19.47,19.06,1921840,36861064.0,,,,
2022-02-22,,19.03,18.54,19.09,18.44,2827690,52780072.0,,,,
2022-02-23,,18.62,18.31,18.62,18.25,3152471,57905344.0,,,,
2022-02-24,,18.25,17.51,18.38,17.17,3890767,69266544.0,,,,
2022-02-25,,17.49,17.53,17.9,17.48,1885258,33271636.0,,,,
2022-02-28,,17.51,17.04,17.58,16.9,4102904,70011240.0,,,,
2022-03-01,,17.1,17.22,17.3,16.88,3521390,60199144.0,,,,
2022-03-02,,17.1,17.13,17.3,16.98,1697859,29087004.0,,,,
2022-03-03,,17.19,17.55,17.63,17.13,4692970,81922288.0,,,,
2022-03-04,,17.35,17.51,17.57,17.1,4255125,73763792.0,,,,
2022-03-07,,17.59,17.22,17.6,17.13,3650044,63484788.0,,,,
2022-03-08,,17.16,16.52,17.34,16.5,2713083,45846628.0,,,,
2022-03-09,,16.6,16.3,16.78,15.57,2695466,44014120.0,,,,
2022-03-10,,16.58,16.54,16.88,16.25,2759830,45748324.0,,,,
2022-03-11,,16.18,17.18,17.5,15.91,4953230,82536464.0,,,,
2022-03-14,,16.99,16.43,17.2,16.41,3120682,52321652.0,,,,
2022-03-15,,16.28,15.23,16.44,15.23,3590510,56886792.0,,,,
2022-03-16,,15.58,16.5,16.55,15.42,5156796,82593584.0,,,,
2022-03-17,,16.49,16.67,17.19,16.44,4286922,71931128.0,,,,
2022-03-18,,16.62,16.97,17.39,16.55,3281619,55978952.0,,,,
2022-03-21,,16.82,17.5,17.68,16.71,4540444,78738224.0,,,,
2022-03-22,,17.37,17.0,17.37,16.9,2809748,47964620.0,,,,
2022-03-23,,17.08,16.84,17.1,16.71,2413034,40628784.0,,,,
2022-03-24,,16.8,16.53,16.82,16.4,2069320,34328296.0,,,,
2022-03-25,,16.68,16.76,17.29,16.46,3300290,55780876.0,,,,
2022-03-28,,16.6,17.1,17.3,16.6,3536310,60229808.0,,,,
2022-03-29,,17.0,17.15,17.65,16.86,3655390,62971632.0,,,,
2022-03-30,,17.15,17.13,17.27,16.76,2831367,48176756.0,,,,
2022-03-31,,17.12,16.83,17.18,16.79,2038920,34613416.0,,,,
2022-04-01,,16.85,17.63,17.67,16.83,7142928,124490168.0,,,,
2022-04-06,,17.41,18.28,18.44,17.39,8024356,144516416.0,,,,
2022-04-07,,18.0,17.25,18.07,17.21,5793319,101947448.0,,,,
2022-04-08,,17.31,17.0,17.58,16.43,4419735,74167168.0,,,,
2022-04-11,,16.85,17.28,17.96,16.7,6277814,109590696.0,,,,
2022-04-12,,17.29,19.01,19.01,16.93,10403361,187763888.0,,,,
2022-04-13,,19.38,19.09,20.5,19.0,14697515,290149472.0,,,,
2022-04-14,,18.9,20.62,21.0,18.47,13361401,261793424.0,,,,
2022-04-15,,19.86,19.55,20.48,19.2,8888778,175596400.0,,,,
2022-04-18,,19.36,19.72,20.22,18.88,6324016,124202072.0,,,,
2022-04-19,,19.18,19.5,19.7,18.91,5075436,98235856.0,,,,
2022-04-20,,19.29,20.04,20.57,19.15,10113088,201250992.0,,,,
2022-04-21,,19.56,18.04,19.56,18.04,7899666,146089008.0,,,,
2022-04-22,,17.03,16.24,17.32,16.24,8371260,138708800.0,,,,
2022-04-25,,15.39,15.4,16.13,15.01,6746612,105467720.0,,,,
2022-04-26,,15.5,16.5,16.94,15.3,11071649,182784160.0,,,,
2022-04-27,,16.14,17.1,17.22,15.48,10134385,165503456.0,,,,
2022-04-28,,16.9,17.0,17.19,16.35,4987910,84307976.0,,,,
2022-04-29,,17.08,17.28,17.64,16.61,5109368,88209312.0,,,,
2022-05-05,,17.28,17.01,17.57,16.78,3484169,59451168.0,,,,
2022-05-06,,16.5,16.33,16.83,16.18,2441690,40125152.0,,,,
2022-05-09,,16.47,16.23,16.68,16.0,3283280,53351492.0,,,,
2022-05-10,,16.07,17.44,17.8,15.81,5077458,86404368.0,,,,
2022-05-11,,17.4,17.72,18.64,17.25,5322610,96165536.0,,,,
2022-05-12,,17.56,18.26,18.5,17.53,4119408,74778504.0,,,,
2022-05-13,,18.13,18.63,18.79,17.81,5455108,99820656.0,,,,
2022-05-16,,18.61,18.99,19.69,18.35,6202417,118234984.0,,,,
2022-05-17,,18.8,18.95,19.34,18.78,3703712,70618856.0,,,,
2022-05-18,,19.0,19.59,20.16,18.83,4801141,94499456.0,,,,
2022-05-19,,19.29,19.58,19.78,19.12,3924173,76446696.0,,,,
2022-05-20,,19.46,19.95,20.45,19.46,3888057,77704384.0,,,,
2022-05-23,,19.94,19.36,20.03,19.08,2811550,54455940.0,,,,
2022-05-24,,19.4,18.93,19.42,18.88,2409010,46019652.0,,,,
2022-05-25,,19.0,19.2,19.36,18.61,1518460,29011920.0,,,,
2022-05-26,,19.15,19.33,19.49,18.71,2069800,39502144.0,,,,
2022-05-27,,19.15,18.87,19.32,18.55,1856811,35048432.0,,,,
2022-05-30,,18.9,19.28,20.0,18.89,3613158,70503352.0,,,,
2022-05-31,,19.3,18.99,19.4,18.76,2378790,45226496.0,,,,
2022-06-01,,18.92,18.83,19.78,18.56,2216270,42193604.0,,,,
2022-06-02,,18.61,18.69,19.09,18.5,1390160,26044670.0,,,,
2022-06-06,,18.71,18.37,18.81,18.16,2948390,54016912.0,,,,
2022-06-07,,18.42,18.49,18.6,17.92,2938253,53549688.0,,,,
2022-06-08,,18.36,18.26,18.57,17.86,2176860,39574668.0,,,,
2022-06-09,,18.02,17.28,18.25,17.24,3213580,56331024.0,,,,
2022-06-10,,17.12,17.37,17.92,17.12,3371868,58881280.0,,,,
2022-06-13,,17.28,17.35,17.65,17.0,2141230,36886940.0,,,,
2022-06-14,,17.1,17.21,17.26,16.76,2247020,38321392.0,,,,
2022-06-15,,17.24,17.29,17.63,17.12,3052840,53008416.0,,,,
2022-06-16,,17.35,17.5,17.69,17.21,3050060,53218756.0,,,,
2022-06-17,,17.3,16.99,17.3,16.63,2573990,43523120.0,,,,
2022-06-20,,17.0,18.69,18.69,16.91,6529658,116991624.0,,,,
2022-06-21,,19.01,18.64,19.19,18.41,5998894,112837792.0,,,,
2022-06-22,,18.9,18.37,19.03,18.21,3389303,62664872.0,,,,
2022-06-23,,18.4,18.38,18.47,18.11,2860924,52304516.0,,,,
2022-06-24,,18.44,18.95,19.24,18.4,5209809,97917104.0,,,,
2022-06-27,,19.28,19.75,19.9,19.06,7669808,149338256.0,,,,
2022-06-28,,19.32,20.63,21.73,19.31,9102554,184321696.0,,,,
2022-06-29,,20.55,21.46,22.5,20.31,10917907,235189392.0,,,,
2022-06-30,,21.8,23.61,23.61,21.46,7463408,170313696.0,,,,
2022-07-01,,23.85,22.01,24.06,21.31,11042769,246343600.0,,,,
2022-07-04,,22.0,22.58,22.91,21.68,6604744,147110960.0,,,,
2022-07-05,,22.25,21.75,22.56,21.6,4210556,92345696.0,,,,
2022-07-06,,21.8,20.24,21.8,20.02,6318706,129921888.0,,,,
2022-07-07,,20.63,19.74,20.63,19.55,3438883,68147992.0,,,,
2022-07-08,,20.31,21.15,21.71,19.91,9022778,190121056.0,,,,
2022-07-11,,20.79,19.71,20.79,19.51,7446061,147754560.0,,,,
2022-07-12,,19.71,19.12,19.71,18.86,4869070,93401872.0,,,,
2022-07-13,,19.21,20.46,21.03,19.14,8037867,164129408.0,,,,
2022-07-14,,20.65,20.1,20.69,19.84,5195593,105059808.0,,,,
2022-07-15,,20.0,20.4,21.21,19.85,5103033,105002160.0,,,,
2022-07-18,,20.73,20.0,20.73,19.85,4098640,82779672.0,,,,
2022-07-19,,20.39,19.78,20.66,19.61,4299962,85890288.0,,,,
2022-07-20,,19.9,20.22,20.66,19.71,4490601,90958592.0,,,,
2022-07-21,,19.99,20.64,20.97,19.89,5866000,120439032.0,,,,
2022-07-22,,20.4,20.18,20.98,19.92,3939531,80026088.0,,,,
2022-07-25,,20.01,20.39,20.96,19.81,3555190,72809536.0,,,,
2022-07-26,,20.51,21.9,22.3,20.51,7269725,156458752.0,,,,
2022-07-27,,21.36,21.17,21.4,20.64,4621721,96916096.0,,,,
2022-07-28,,21.02,21.16,21.47,20.77,3408360,71862592.0,,,,
2022-07-29,,20.86,19.99,20.91,19.88,4057719,82020104.0,,,,
2022-08-01,,19.85,20.02,20.1,19.7,1482431,29573296.0,,,,
2022-08-02,,19.85,18.84,19.85,18.69,3308469,63113616.0,,,,
2022-08-03,,18.66,18.82,19.3,18.52,2670714,50431928.0,,,,
2022-08-04,,18.8,19.33,19.35,18.6,1540879,29248284.0,,,,
2022-08-05,,19.1,20.01,20.05,19.03,2496572,49020036.0,,,,
2022-08-08,,19.59,20.55,20.88,19.4,3053119,62206964.0,,,,
2022-08-09,,20.72,21.71,21.9,20.53,5664410,121518152.0,,,,
2022-08-10,,21.85,21.74,21.95,21.3,2961610,64106632.0,,,,
2022-08-11,,22.16,21.85,22.16,21.26,2551658,55174396.0,,,,
2022-08-12,,22.23,21.82,22.26,21.51,1532140,33358892.0,,,,
2022-08-15,,21.82,21.39,21.95,21.29,1716200,36923488.0,,,,
2022-08-16,,21.4,21.0,21.56,20.68,2404015,50379324.0,,,,
2022-08-17,,21.4,21.26,21.45,20.8,1545090,32759712.0,,,,
2022-08-18,,21.21,20.88,21.21,20.66,1225650,25537092.0,,,,
2022-08-19,,20.76,20.88,21.13,20.7,1246390,26036916.0,,,,
2022-08-22,,20.75,21.0,21.5,20.67,1187040,25037540.0,,,,
2022-08-23,,20.8,20.65,21.4,20.5,1781100,37060920.0,,,,
2022-08-24,,20.56,20.25,20.75,20.1,1753430,35780976.0,,,,
2022-08-25,,20.07,20.29,20.47,20.02,1187688,24028840.0,,,,
2022-08-26,,20.29,21.81,22.32,20.27,8016908,176672704.0,,,,
2022-08-29,,21.42,23.05,23.87,21.31,8187759,183246576.0,,,,
2022-08-30,,22.58,22.87,23.4,22.12,4565381,103167136.0,,,,
2022-08-31,,22.82,22.3,23.38,22.26,4534762,103312312.0,,,,
2022-09-01,,22.41,23.58,24.47,22.21,6381362,149332416.0,,,,
2022-09-02,,23.37,23.7,24.33,22.5,4061537,95131136.0,,,,
2022-09-05,,23.69,23.32,23.86,22.71,2164154,50134484.0,,,,
2022-09-06,,23.0,23.1,23.52,22.86,1817870,42003672.0,,,,
2022-09-07,,22.99,23.9,24.55,22.99,2685570,64352688.0,,,,
2022-09-08,,23.77,25.86,26.29,23.63,7035339,180144880.0,,,,
2022-09-09,,25.19,24.5,25.19,23.78,5443918,131953200.0,,,,
2022-09-13,,24.4,26.95,26.95,23.89,6016123,154657280.0,,,,
2022-09-14,,26.0,26.87,26.87,25.1,5592739,145462208.0,,,,
2022-09-15,,26.46,26.51,26.87,25.77,3161381,83030512.0,,,,
2022-09-16,,25.95,27.15,28.28,25.84,5392199,148264176.0,,,,
2022-09-19,,26.12,26.98,27.97,26.0,4709688,127918768.0,,,,
2022-09-20,,26.76,26.45,26.95,25.84,5056744,132259528.0,,,,
2022-09-21,,26.0,25.25,26.0,24.52,4618482,115994488.0,,,,
2022-09-22,,25.0,25.38,26.09,25.0,3246242,82628672.0,,,,
2022-09-23,,25.03,24.69,26.3,24.56,3404572,86135824.0,,,,
2022-09-26,,24.69,25.6,26.48,24.69,4288370,110515392.0,,,,
2022-09-27,,25.42,26.87,27.16,24.82,5815405,151976512.0,,,,
2022-09-28,,26.42,25.93,26.97,25.88,3518623,92697912.0,,,,
2022-09-29,,25.93,25.49,26.25,24.2,2981900,75320368.0,,,,
2022-09-30,,25.24,25.18,26.48,24.94,2664380,68347232.0,,,,
2022-10-10,,25.12,23.7,25.17,23.55,3213830,77420400.0,,,,
2022-10-11,,23.86,24.48,24.57,23.0,2773430,66509196.0,,,,
2022-10-12,,24.65,25.01,25.06,23.22,2582783,62180752.0,,,,
2022-10-13,,24.77,26.58,27.2,24.4,4027240,106232504.0,,,,
2022-10-14,,26.4,26.95,27.05,25.74,3537282,93947144.0,,,,
2022-10-17,,26.5,26.42,26.59,25.92,1601370,42021304.0,,,,
2022-10-18,,26.42,27.16,28.8,26.42,3784457,103517048.0,,,,
2022-10-19,,26.52,25.93,27.97,25.8,2636410,70781664.0,,,,
2022-10-20,,25.96,26.45,27.45,25.41,2617307,69177912.0,,,,
2022-10-21,,26.86,25.79,26.86,25.12,2690120,69244552.0,,,,
2022-10-24,,26.06,24.4,26.07,24.3,2567520,63584840.0,,,,
2022-10-25,,24.4,25.45,26.2,24.3,3919840,99605336.0,,,,
2022-10-26,,27.38,28.0,28.0,27.12,6067370,169340720.0,,,,
2022-10-27,,28.01,29.5,30.8,28.01,12856942,380622848.0,,,,
2022-10-28,,29.48,30.04,30.21,29.24,6956238,206391904.0,,,,
2022-10-31,,29.0,29.65,29.98,28.7,5012285,146621376.0,,,,
2022-11-01,,29.5,32.16,32.47,29.0,6150461,191500112.0,,,,
2022-11-02,,31.5,34.0,35.21,31.0,7073060,231716288.0,,,,
2022-11-03,,32.82,33.0,34.0,32.58,4101360,136008288.0,,,,
2022-11-04,,33.2,32.7,35.59,32.36,7114167,237969872.0,,,,
2022-11-07,,32.18,32.79,33.02,32.0,4789198,156511568.0,,,,
2022-11-08,,32.71,31.65,32.79,31.25,4469491,142175408.0,,,,
2022-11-09,,31.64,31.8,32.42,31.3,2121430,67572216.0,,,,
2022-11-10,,31.34,32.36,32.8,31.31,2735482,88055400.0,,,,
2022-11-11,,33.34,31.6,33.93,30.08,7883010,249551328.0,,,,
2022-11-14,,30.8,30.08,30.81,29.05,5816988,174125808.0,,,,
2022-11-15,,30.3,32.0,32.8,30.16,6255361,197905808.0,,,,
2022-11-16,,32.0,30.85,32.48,30.55,3680131,114976040.0,,,,
2022-11-17,,30.42,32.17,32.46,30.0,4024308,127758520.0,,,,
2022-11-18,,32.13,30.9,32.48,30.88,2174576,68159224.0,,,,
2022-11-21,,30.3,30.99,31.2,28.8,2700650,82517384.0,,,,
2022-11-22,,31.33,30.55,31.5,29.89,2365115,71703824.0,,,,
2022-11-23,,30.0,30.17,30.98,29.32,2773440,83160424.0,,,,
2022-11-24,,30.36,29.94,31.05,29.78,1901715,57659632.0,,,,
2022-11-25,,29.87,30.14,30.95,29.72,1725790,52228488.0,,,,
2022-11-28,,29.32,31.5,32.2,29.11,3826542,119122752.0,,,,
2022-11-29,,31.5,34.15,34.4,31.0,6691725,222668688.0,,,,
2022-11-30,,33.12,33.94,34.4,32.03,4917929,162514464.0,,,,
2022-12-01,,34.92,32.34,35.1,32.02,5744702,190440608.0,,,,
2022-12-02,,31.91,33.04,33.28,31.73,3825440,125740712.0,,,,
2022-12-05,,33.4,32.8,33.64,32.3,3241870,106737712.0,,,,
2022-12-06,,32.73,32.93,34.16,32.3,4533748,150752272.0,,,,
2022-12-07,,32.82,33.42,33.8,31.68,6280063,205476304.0,,,,
2022-12-08,,32.2,33.6,34.43,31.69,4981768,165247104.0,,,,
2022-12-09,,33.98,32.61,33.99,32.44,2668738,87628080.0,,,,
2022-12-12,,32.3,32.84,33.54,32.3,2656560,87618640.0,,,,
2022-12-13,,32.8,33.32,34.22,32.6,3141992,105627040.0,,,,
2022-12-14,,33.05,36.65,36.65,33.05,3976644,142414512.0,,,,
2022-12-15,,38.1,35.96,38.48,35.17,7205921,263202608.0,,,,
2022-12-16,,36.08,36.8,37.75,35.42,6069841,222005568.0,,,,
2022-12-19,,36.79,37.24,38.38,35.83,5758675,214584992.0,,,,
2022-12-20,,36.43,34.64,36.72,34.32,5054252,177842736.0,,,,
2022-12-21,,34.03,38.1,38.1,34.03,7683220,282682880.0,,,,
2022-12-22,,38.0,37.06,40.8,36.2,10393375,396260160.0,,,,
2022-12-23,,37.05,35.92,37.5,35.42,6377720,230445360.0,,,,
2022-12-26,,35.63,37.22,38.44,35.4,7255285,270984480.0,,,,
2022-12-27,,37.12,36.68,37.51,35.0,5682110,204906288.0,,,,
2022-12-28,,36.0,36.02,36.44,35.09,4722919,168949216.0,,,,
2022-12-29,,35.9,36.31,38.5,35.03,6126032,226708272.0,,,,
2022-12-30,,36.0,37.23,37.5,35.35,5921739,215857936.0,,,,
2023-01-03,,37.2,36.6,37.2,35.62,4364669,157810672.0,,,,
2023-01-04,,36.33,37.11,37.65,36.0,4624741,170991456.0,,,,
2023-01-05,,36.49,36.22,36.87,35.68,3855117,139088480.0,,,,
2023-01-06,,36.01,35.53,36.18,35.0,3583262,126632936.0,,,,
2023-01-09,,35.3,35.88,36.15,34.0,4100532,144204000.0,,,,
2023-01-10,,35.12,35.29,35.88,35.11,1996525,70692888.0,,,,
2023-01-11,,35.47,34.33,35.5,34.26,2095320,72944672.0,,,,
2023-01-12,,34.68,33.64,34.68,33.47,2226201,75375880.0,,,,
2023-01-13,,33.64,34.36,34.49,33.13,2644229,89488296.0,,,,
2023-01-16,,34.0,34.52,34.66,33.51,3250025,111072656.0,,,,
2023-01-17,,34.35,34.79,34.98,34.02,2383326,82059952.0,,,,
2023-01-18,,34.69,33.63,34.69,33.61,1947316,66223360.0,,,,
2023-01-19,,33.41,33.69,34.15,32.6,2562542,85681136.0,,,,
2023-01-20,,33.81,34.02,34.78,33.53,2507302,85879240.0,,,,
2023-01-30,,34.11,32.17,34.55,31.9,4918060,160700560.0,,,,
2023-01-31,,32.35,32.15,32.35,31.41,2723153,86780576.0,,,,
2023-02-01,,32.13,31.68,32.13,31.0,4155758,131045544.0,,,,
2023-02-02,,31.6,31.84,31.86,31.2,4258111,134251568.0,,,,
2023-02-03,,31.59,31.5,31.59,30.92,2284370,71360480.0,,,,
2023-02-06,,31.5,31.25,31.82,30.7,2781528,86600576.0,,,,
2023-02-07,,31.33,30.67,31.44,30.6,2010947,62125856.0,,,,
2023-02-08,,30.66,31.51,31.6,30.54,3603167,112420392.0,,,,
2023-02-09,,31.51,34.66,34.66,30.9,8917179,297600640.0,,,,
2023-02-10,,35.69,37.98,38.1,34.18,10684701,386321728.0,,,,
2023-02-13,,38.0,38.37,38.44,36.18,7952666,297883616.0,,,,
2023-02-14,,38.1,37.29,38.12,36.76,4474266,166798192.0,,,,
2023-02-15,,37.37,36.5,37.59,36.22,3786619,138962896.0,,,,
2023-02-16,,36.9,36.2,37.38,35.82,4227500,154772000.0,,,,
2023-02-17,,36.2,35.71,37.27,35.67,3243220,117689760.0,,,,
2023-02-20,,35.92,36.06,36.38,35.41,3042615,109596800.0,,,,
2023-02-21,,36.19,35.51,36.43,34.95,2903513,102876392.0,,,,
2023-02-22,,35.5,35.55,35.73,34.84,1895009,67148032.0,,,,
2023-02-23,,35.55,35.4,36.24,35.06,2055645,73211048.0,,,,
2023-02-24,,35.53,35.64,36.18,35.35,2167528,77310896.0,,,,
2023-02-27,,35.35,37.1,37.1,34.72,5533042,201073376.0,,,,
2023-02-28,,36.65,36.73,36.88,36.11,3388297,123470768.0,,,,
2023-03-01,,36.5,35.95,36.68,35.78,2754960,99374272.0,,,,
2023-03-02,,35.85,36.56,36.9,35.55,2991868,108163840.0,,,,
2023-03-03,,36.55,36.09,36.73,35.8,2483560,90178488.0,,,,
2023-03-06,,35.9,37.5,38.08,35.38,5539252,203192992.0,,,,
2023-03-07,,37.5,36.55,37.5,36.47,3243762,119865024.0,,,,
2023-03-08,,36.41,36.6,37.5,36.15,2863110,105440720.0,,,,
2023-03-09,,36.66,35.25,36.91,35.24,2304560,82267456.0,,,,
2023-03-10,,35.1,34.48,35.65,34.48,1420600,49923452.0,,,,
2023-03-13,,34.05,35.08,35.63,34.05,1407950,49211132.0,,,,
2023-03-14,,35.48,35.67,35.77,33.99,1948090,68252576.0,,,,
2023-03-15,,35.58,34.8,35.58,34.3,1628830,56743180.0,,,,
2023-03-16,,34.79,33.68,34.79,33.6,1215100,41307768.0,,,,
2023-03-17,,33.92,33.85,34.33,33.74,959320,32630458.0,,,,
2023-03-20,,33.38,35.13,35.86,32.79,3673206,126047600.0,,,,
2023-03-21,,35.13,36.07,36.21,34.71,2150046,76669400.0,,,,
2023-03-22,,36.12,35.16,36.47,34.9,3274530,115682024.0,,,,
2023-03-23,,35.01,35.59,35.84,34.81,2026016,71537336.0,,,,
2023-03-24,,35.59,34.9,36.59,34.81,2955196,105254536.0,,,,
2023-03-27,,34.88,34.26,35.2,34.13,1994584,68955656.0,,,,
2023-03-28,,34.26,33.91,34.66,33.84,1892800,64456096.0,,,,
2023-03-29,,33.9,33.7,34.65,33.28,2391470,81216504.0,,,,
2023-03-30,,33.59,36.06,36.2,33.1,4085575,141899328.0,,,,
2023-03-31,,35.52,35.42,36.0,34.51,3519640,123171848.0,,,,
2023-04-03,,34.51,34.94,35.59,34.51,2034080,71426544.0,,,,
2023-04-04,,34.94,35.22,35.98,34.85,1866475,66122492.0,,,,
2023-04-06,,35.0,35.71,36.07,34.5,1780924,63264976.0,,,,
2023-04-07,,35.6,37.33,38.8,35.38,4159901,155845360.0,,,,
2023-04-10,,37.1,39.42,40.7,36.6,4917885,190938992.0,,,,
2023-04-11,,39.52,38.59,40.93,38.44,4656177,183884928.0,,,,
2023-04-12,,38.38,38.26,38.79,37.32,3440237,130578528.0,,,,
2023-04-13,,37.9,39.25,39.38,37.11,5032371,192877168.0,,,,
2023-04-14,,38.44,37.36,38.44,37.12,3498999,131436840.0,,,,
2023-04-17,,37.03,37.34,38.04,36.8,1875220,70316848.0,,,,
2023-04-18,,37.29,37.51,37.8,36.5,1598252,59538244.0,,,,
2023-04-19,,37.49,38.3,38.35,36.85,2702936,101828816.0,,,,
2023-04-20,,37.5,36.5,37.7,36.46,2596700,96050672.0,,,,
2023-04-21,,36.3,36.5,36.97,35.85,2455040,89595248.0,,,,
2023-04-25,,35.79,36.99,37.37,34.49,3468144,123959536.0,,,,
2023-04-26,,36.6,36.34,37.62,35.64,2881871,105406952.0,,,,
2023-04-27,,36.85,36.28,37.26,35.9,2252400,82394176.0,,,,
2023-04-28,,36.04,36.69,37.01,35.42,2840850,103634696.0,,,,
2023-05-04,,36.0,34.39,36.49,33.18,5399834,184852160.0,,,,
2023-05-05,,34.64,35.13,36.98,34.17,4428475,157932448.0,,,,
2023-05-08,,35.28,34.68,35.36,33.95,1785691,61528592.0,,,,
2023-05-09,,34.6,34.08,34.67,34.0,1300370,44479844.0,,,,
2023-05-10,,34.13,33.48,34.29,33.16,1578410,52872464.0,,,,
2023-05-11,,33.2,33.1,33.9,33.03,1133970,37772044.0,,,,
2023-05-12,,33.11,33.12,34.21,32.8,1624900,54365376.0,,,,
2023-05-15,,33.25,33.8,34.17,32.46,2112850,70204592.0,,,,
2023-05-16,,33.81,32.5,33.87,32.21,1733709,56936404.0,,,,
2023-05-17,,32.5,32.36,32.79,32.2,994129,32230306.0,,,,
2023-05-18,,32.37,32.62,32.67,32.31,934000,30354614.0,,,,
2023-05-19,,32.6,32.63,32.88,31.86,1247950,40352720.0,,,,
2023-05-22,,32.54,35.1,35.46,32.11,3600901,123535488.0,,,,
2023-05-23,,35.1,34.5,35.75,34.3,2515113,87953632.0,,,,
2023-05-25,,33.45,32.82,33.67,32.51,1443320,47449320.0,,,,
2023-05-26,,32.83,32.48,33.02,32.25,1131800,36874600.0,,,,
2023-05-29,,32.31,32.66,33.33,32.31,1130300,36899952.0,,,,
2023-05-30,,32.65,32.58,32.83,32.28,628600,20427416.0,,,,
2023-05-31,,32.7,32.71,33.43,32.45,1363000,44816744.0,,,,
2023-06-01,,32.52,33.39,33.47,32.5,1413250,46769532.0,,,,
2023-06-02,,33.15,32.87,33.65,32.71,1342940,44179576.0,,,,
2023-06-05,,32.96,33.43,34.08,32.74,2083900,69770432.0,,,,
2023-06-06,,33.34,33.33,33.89,33.1,1414410,47369360.0,,,,
2023-06-07,,33.15,33.9,34.5,33.15,2510880,85286288.0,,,,
2023-06-08,,33.84,33.83,34.1,33.16,1734300,58234784.0,,,,
2023-06-09,,33.83,33.79,34.25,33.5,1673970,56749192.0,,,,
2023-06-12,,34.17,33.75,34.22,33.35,1453030,49031344.0,,,,
2023-06-13,,33.7,33.83,34.42,33.7,1403500,47816160.0,,,,
2023-06-14,,33.8,34.53,34.88,33.8,1473450,50672704.0,,,,
2023-06-15,,34.83,35.09,35.3,34.3,1582530,55075104.0,,,,
2023-06-16,,35.43,35.6,35.85,34.67,2045175,72180720.0,,,,
2023-06-19,,35.71,36.05,36.58,35.5,2141121,77503680.0,,,,
2023-06-20,,36.24,35.06,36.24,34.96,1303971,46091624.0,,,,
2023-06-21,,35.0,34.71,36.05,34.68,1312000,46268332.0,,,,
2023-06-26,,34.51,33.9,34.8,33.78,963820,32909548.0,,,,
2023-06-27,,33.91,34.4,35.05,33.81,1147030,39605952.0,,,,
2023-06-28,,34.3,33.58,34.4,32.9,1408830,47021516.0,,,,
2023-06-29,,33.67,33.23,33.78,33.15,750400,25004268.0,,,,
2023-06-30,,33.33,33.4,33.69,32.96,758756,25292544.0,,,,
2023-07-03,,33.47,36.74,36.74,33.1,2708919,96143680.0,,,,
2023-07-04,,36.8,37.17,37.65,36.29,3310864,122926560.0,,,,
2023-07-05,,36.97,36.8,37.35,36.73,1560090,57589592.0,,,,
2023-07-06,,36.44,35.94,37.17,35.58,1517030,54734452.0,,,,
2023-07-07,,36.0,35.48,36.99,35.31,1536900,55358168.0,,,,
2023-07-10,,35.48,35.6,36.0,34.85,1531490,54248136.0,,,,
2023-07-11,,35.5,35.17,35.52,34.68,1248770,43702376.0,,,,
2023-07-12,,36.0,35.25,36.77,35.18,2372288,84666104.0,,,,
2023-07-13,,35.28,35.16,35.4,34.49,1981900,69294336.0,,,,
2023-07-14,,35.18,34.53,35.29,34.41,1412310,48890556.0,,,,
2023-07-17,,34.45,34.87,34.9,33.8,1336150,46196504.0,,,,
2023-07-18,,34.94,34.69,35.18,34.48,872428,30372586.0,,,,
2023-07-19,,34.64,34.64,34.91,34.2,855679,29593288.0,,,,
2023-07-20,,34.85,35.7,37.17,34.4,3729121,133790112.0,,,,
2023-07-21,,35.16,35.37,36.61,34.27,2327440,82283872.0,,,,
2023-07-24,,34.89,34.69,35.18,34.35,1551110,53838888.0,,,,
2023-07-25,,34.85,34.57,35.04,34.35,1557830,53800332.0,,,,
2023-07-26,,34.77,34.17,34.77,33.81,1361180,46412224.0,,,,
2023-07-27,,34.11,34.25,35.17,33.82,1604094,55554868.0,,,,
2023-07-28,,34.16,34.63,34.72,33.99,982629,33839824.0,,,,
2023-07-31,,34.98,35.96,36.19,34.8,2975020,106391680.0,,,,
2023-08-01,,36.12,35.36,37.0,35.25,2529027,90683248.0,,,,
2023-08-02,,35.55,34.91,35.55,34.65,1212330,42435428.0,,,,
2023-08-03,,34.74,35.25,35.53,34.66,1011400,35513144.0,,,,
2023-08-04,,35.25,34.7,35.69,34.69,1273459,44658480.0,,,,
2023-08-07,,34.72,34.87,35.0,34.51,855804,29748156.0,,,,
2023-08-08,,34.98,34.3,34.98,34.2,1185326,40842740.0,,,,
2023-08-09,,34.21,33.55,34.58,33.42,1726196,58161692.0,,,,
2023-08-10,,33.55,33.4,33.88,33.26,2036912,68340888.0,,,,
2023-08-11,,33.45,33.01,33.93,32.96,1832000,61129636.0,,,,
2023-08-14,,32.89,33.54,33.74,32.8,1687659,56276040.0,,,,
2023-08-15,,33.4,33.2,33.43,32.96,994783,32972758.0,,,,
2023-08-16,,33.04,33.06,33.55,32.91,710825,23586060.0,,,,
2023-08-17,,33.11,33.41,33.48,32.45,737289,24376868.0,,,,
2023-08-18,,33.47,32.62,33.49,32.57,772200,25445056.0,,,,
2023-08-21,,32.78,32.4,32.98,32.3,850890,27751002.0,,,,
2023-08-22,,32.58,33.51,33.56,32.3,2184827,72217392.0,,,,
2023-08-23,,33.48,32.52,33.48,31.77,1889499,61578004.0,,,,
2023-08-24,,32.46,33.92,34.98,32.21,2835614,95573688.0,,,,
2023-08-25,,33.76,32.87,33.91,32.51,1595557,52521728.0,,,,
2023-08-28,,33.98,32.88,34.19,32.65,1563510,52377116.0,,,,
2023-08-29,,32.66,33.47,33.76,32.65,1153600,38338496.0,,,,
2023-08-30,,33.3,33.79,33.96,33.13,1143836,38348876.0,,,,
2023-08-31,,33.63,33.28,33.63,33.1,761992,25410264.0,,,,
2023-09-01,,33.35,33.9,33.96,33.28,1267085,42754832.0,,,,
2023-09-04,,33.66,33.95,34.28,33.66,899015,30578340.0,,,,
2023-09-05,,33.9,33.74,34.11,33.6,605878,20510782.0,,,,
2023-09-06,,33.65,33.2,33.79,33.13,929100,31012048.0,,,,
2023-09-07,,33.19,33.32,34.07,33.13,1061260,35688020.0,,,,
2023-09-08,,33.25,33.61,33.91,32.91,792900,26509762.0,,,,
2023-09-11,,33.4,33.96,34.02,33.4,1029300,34795648.0,,,,
2023-09-12,,33.91,33.64,34.1,33.38,737530,24847826.0,,,,
2023-09-13,,33.5,33.56,33.83,33.33,489900,16436544.0,,,,
2023-09-14,,33.57,33.76,33.79,33.2,783700,26297464.0,,,,
2023-09-15,,33.78,33.73,34.0,33.44,850544,28684040.0,,,,
2023-09-18,,33.73,34.38,34.38,33.55,1848959,63117584.0,,,,
2023-09-19,,34.3,33.48,34.36,33.35,1230659,41334172.0,,,,
2023-09-20,,33.23,32.15,33.23,31.91,1972300,63622256.0,,,,
2023-09-21,,32.05,32.53,32.55,31.32,1046236,33603180.0,,,,
2023-09-22,,32.2,32.2,32.38,31.73,887556,28411612.0,,,,
2023-09-25,,31.99,32.12,32.32,31.47,942810,30183714.0,,,,
2023-09-26,,32.12,33.44,34.5,32.09,2723830,91362888.0,,,,
2023-09-27,,33.31,33.11,33.31,32.39,1673912,54838152.0,,,,
2023-09-28,,33.03,33.31,33.7,32.87,981000,32696180.0,,,,
2023-10-09,,33.14,32.3,33.14,32.26,963301,31393720.0,,,,
2023-10-10,,32.3,32.32,32.85,32.05,786654,25454774.0,,,,
2023-10-11,,32.32,32.06,32.56,31.85,605061,19382800.0,,,,
2023-10-12,,31.97,32.0,32.27,31.85,421260,13473402.0,,,,
2023-10-13,,31.98,31.89,32.18,31.5,602830,19138108.0,,,,
2023-10-16,,31.85,31.56,31.87,31.36,502925,15882742.0,,,,
2023-10-17,,31.7,30.66,31.83,30.5,750900,23295134.0,,,,
2023-10-18,,30.63,30.01,30.63,29.29,1639105,48879172.0,,,,
2023-10-19,,29.5,28.79,29.86,28.79,1498483,43830108.0,,,,
2023-10-20,,28.79,28.39,28.95,28.35,503900,14399999.0,,,,
2023-10-23,,28.52,27.32,28.52,27.07,1161890,32115048.0,,,,
2023-10-24,,27.47,28.51,28.72,27.38,1270950,35724980.0,,,,
2023-10-25,,28.56,28.61,29.39,28.48,845193,24328666.0,,,,
2023-10-26,,28.55,28.88,28.89,28.19,377013,10813008.0,,,,
2023-10-27,,28.88,29.6,29.72,28.71,635660,18686096.0,,,,
2023-10-30,,29.59,30.01,30.3,29.17,554463,16612038.0,,,,
2023-10-31,,29.8,29.19,30.08,28.95,739770,21650216.0,,,,
2023-11-01,,28.9,29.29,29.44,28.9,618900,18122928.0,,,,
2023-11-02,,29.2,29.06,29.47,28.9,507300,14764916.0,,,,
2023-11-03,,28.91,29.48,29.8,28.91,536000,15746574.0,,,,
2023-11-06,,29.52,30.16,30.17,29.52,900500,26964712.0,,,,
2023-11-07,,30.16,29.63,30.16,29.21,909519,26913092.0,,,,
2023-11-08,,29.55,29.64,29.94,29.42,584700,17351080.0,,,,
2023-11-09,,29.75,29.83,30.06,29.56,676640,20201132.0,,,,
2023-11-10,,29.75,29.55,29.75,29.27,422199,12464707.0,,,,
2023-11-13,,29.55,29.55,29.75,29.35,442550,13071194.0,,,,
2023-11-14,,29.39,29.29,29.85,29.11,677730,19945768.0,,,,
2023-11-15,,29.5,29.19,29.63,29.01,598690,17519272.0,,,,
2023-11-16,,29.1,29.09,29.39,28.93,549300,16009986.0,,,,
2023-11-17,,29.22,29.53,29.8,28.92,993700,29114712.0,,,,
2023-11-20,,29.25,29.76,29.83,29.12,1063300,31379772.0,,,,
2023-11-21,,29.77,30.52,30.98,29.57,1757600,53615476.0,,,,
2023-11-22,,30.52,30.62,31.12,30.37,1348061,41538376.0,,,,
2023-11-23,,30.79,31.12,31.18,30.15,1002336,30890448.0,,,,
2023-11-24,,31.1,31.62,32.5,30.88,1887600,60121160.0,,,,
2023-11-27,,31.6,32.55,32.96,31.12,2600800,84297048.0,,,,
2023-11-28,,32.55,32.61,32.66,31.86,1140570,36841680.0,,,,
2023-11-29,,32.65,32.19,32.65,32.1,836800,27031788.0,,,,
2023-11-30,,32.05,32.57,32.8,31.9,1625300,52781920.0,,,,
2023-12-01,,32.2,32.57,33.01,32.1,1135334,36864164.0,,,,
2023-12-04,,32.58,32.32,32.74,32.21,723877,23490624.0,,,,
2023-12-05,,32.36,32.15,32.53,32.15,730660,23602762.0,,,,
2023-12-06,,32.0,31.54,32.33,31.2,1391000,44068120.0,,,,
2023-12-07,,31.42,30.93,31.42,30.6,1147666,35499540.0,,,,
2023-12-08,,31.2,30.64,31.28,30.58,698200,21522532.0,,,,
2023-12-11,,30.64,31.3,31.49,30.0,1302100,39975072.0,,,,
2023-12-12,,31.27,31.69,31.8,30.66,836700,26267036.0,,,,
2023-12-13,,31.6,30.86,31.78,30.74,836149,26064716.0,,,,
2023-12-14,,30.86,31.28,31.47,30.8,1090000,34039292.0,,,,
2023-12-15,,31.28,31.67,32.09,30.95,1171460,37114672.0,,,,
2023-12-18,,31.7,31.02,31.7,30.91,590834,18398688.0,,,,
2023-12-19,,31.2,31.4,31.7,30.91,467510,14654559.0,,,,
2023-12-20,,31.4,30.6,31.48,30.56,603670,18623418.0,,,,
2023-12-21,,30.35,30.95,31.14,30.32,548000,16883320.0,,,,
2023-12-22,,31.26,30.72,31.26,30.48,429125,13176911.0,,,,
2023-12-25,,30.67,30.52,30.99,30.34,575200,17602102.0,,,,
2023-12-26,,30.45,30.07,30.63,30.06,263300,7959547.0,,,,
2023-12-27,,30.07,30.28,30.36,29.78,495960,14888602.0,,,,
2023-12-28,,31.5,30.39,31.5,29.75,813405,24650468.0,,,,
2023-12-29,,30.39,30.44,30.78,30.01,875900,26709208.0,,,,
2024-01-02,,30.51,30.45,30.68,29.76,699910,21250496.0,,,,
2024-01-03,,30.35,30.7,30.77,30.1,638530,19533516.0,,,,
2024-01-04,,30.5,30.45,30.71,30.37,467900,14255356.0,,,,
2024-01-05,,30.45,29.84,30.7,29.76,570400,17203480.0,,,,
2024-01-08,,29.85,29.4,30.2,29.38,901400,26754624.0,,,,
2024-01-09,,29.4,30.0,30.44,29.3,753200,22532542.0,,,,
2024-01-10,,29.96,31.3,31.44,29.58,1648530,50660428.0,,,,
2024-01-11,,30.86,30.61,32.19,30.38,2270200,70287328.0,,,,
2024-01-12,,30.38,29.73,30.67,29.65,1511600,45406044.0,,,,
2024-01-15,,29.94,30.1,30.67,29.65,1232000,37362060.0,,,,
2024-01-16,,33.05,31.5,33.08,31.14,4734904,151870192.0,,,,
2024-01-17,,31.18,30.36,31.99,30.32,2560870,79518816.0,,,,
2024-01-18,,29.95,30.39,30.6,29.28,1862600,55668768.0,,,,
2024-01-19,,30.47,31.45,31.53,30.08,1733680,53727416.0,,,,
2024-01-22,,31.1,29.93,31.39,29.5,1707200,51892736.0,,,,
2024-01-23,,29.9,29.88,30.28,28.88,1413200,41852044.0,,,,
2024-01-24,,29.96,29.96,30.47,28.83,1754743,51946136.0,,,,
2024-01-25,,29.75,30.01,30.17,28.62,2013000,59125964.0,,,,
2024-01-26,,29.75,29.15,30.08,29.0,1506900,44370856.0,,,,
2024-01-29,,29.0,28.43,29.25,28.32,1193769,34196092.0,,,,
2024-01-30,,28.2,27.7,28.84,27.7,772200,21834300.0,,,,
2024-01-31,,27.64,26.54,28.0,26.28,1553500,41843404.0,,,,
2024-02-01,,26.68,26.94,27.05,25.71,1283100,33977300.0,,,,
2024-02-02,,27.2,26.67,27.54,25.69,1296120,34829144.0,,,,
2024-02-05,,26.28,25.0,26.51,24.99,1885700,48359168.0,,,,
2024-02-06,,24.5,26.0,26.25,24.25,2192290,55470212.0,,,,
2024-02-07,,26.0,26.06,26.6,25.7,1372680,35856792.0,,,,
2024-02-08,,25.51,27.47,27.58,25.51,1962066,52078656.0,,,,
2024-02-19,,27.81,29.18,29.44,27.68,2523856,73134160.0,,,,
2024-02-20,,28.98,28.75,28.99,28.5,1111544,31916164.0,,,,
2024-02-21,,28.55,28.76,29.25,28.12,838579,24208488.0,,,,
2024-02-22,,28.82,28.76,29.0,28.57,727200,20893908.0,,,,
2024-02-23,,28.6,28.8,28.87,28.5,689638,19805240.0,,,,
2024-02-26,,28.5,28.7,29.29,28.5,652700,18790692.0,,,,
2024-02-27,,28.55,28.98,29.0,28.45,681400,19613040.0,,,,
2024-02-28,,28.95,27.85,29.38,27.64,1154152,33059524.0,,,,
2024-02-29,,27.8,28.25,28.8,27.31,1039110,29172548.0,,,,
2024-03-01,,28.22,29.0,29.18,27.92,1211002,34824688.0,,,,
2024-03-04,,29.0,28.56,29.2,28.29,993479,28395864.0,,,,
2024-03-05,,28.57,29.4,29.42,28.5,1687780,49240948.0,,,,
2024-03-06,,29.4,28.79,29.44,28.4,1091470,31375818.0,,,,
2024-03-07,,28.76,28.93,29.38,28.41,1108200,32093844.0,,,,
2024-03-08,,28.99,28.72,29.09,28.42,1269380,36502132.0,,,,
2024-03-11,,28.71,28.67,28.9,28.35,1135563,32424276.0,,,,
2024-03-12,,28.49,29.62,29.65,28.49,1626330,47458788.0,,,,
2024-03-13,,29.4,30.32,31.18,29.2,2191482,65811088.0,,,,
2024-03-14,,30.33,30.19,30.79,29.81,1459569,44180504.0,,,,
2024-03-15,,30.2,30.09,30.47,29.6,1159930,34696284.0,,,,
2024-03-18,,29.92,29.72,30.2,29.5,1781209,52947756.0,,,,
2024-03-19,,29.66,29.59,29.8,29.5,1040750,30871126.0,,,,
2024-03-20,,29.55,29.54,29.76,29.45,798400,23595604.0,,,,
2024-03-21,,29.54,29.81,30.07,29.43,1253070,37284920.0,,,,
2024-03-22,,29.8,29.2,30.05,29.05,911300,26797522.0,,,,
2024-03-25,,29.0,28.49,29.2,28.28,1118320,32327884.0,,,,
2024-03-26,,28.49,28.73,28.88,28.41,969417,27766686.0,,,,
2024-03-27,,28.73,28.48,29.08,28.42,692100,19909148.0,,,,
2024-03-28,,28.19,28.67,28.99,28.19,752080,21551020.0,,,,
2024-03-29,,28.63,29.05,29.05,28.63,564900,16304445.0,,,,
2024-04-01,,28.95,30.41,30.98,28.95,2110997,63558212.0,,,,
2024-04-02,,30.45,31.29,31.57,30.02,2653234,82339264.0,,,,
2024-04-03,,31.18,32.0,32.41,31.06,1987400,63419784.0,,,,
2024-04-08,,31.66,31.53,32.66,31.53,2112158,68132944.0,,,,
2024-04-09,,31.56,32.72,34.08,31.3,2715580,89109504.0,,,,
2024-04-10,,32.55,34.19,34.65,32.38,3331400,112192176.0,,,,
2024-04-11,,33.35,33.7,34.36,32.68,3058687,101959472.0,,,,
2024-04-12,,33.03,32.63,33.68,32.5,2343870,77405480.0,,,,
2024-04-15,,32.52,32.1,32.7,31.4,2799187,89468088.0,,,,
2024-04-16,,32.06,30.98,32.32,30.97,1494780,47091176.0,,,,
2024-04-17,,31.23,31.28,31.99,31.02,1145100,35994952.0,,,,
2024-04-18,,31.0,31.28,31.97,31.0,1373200,43287432.0,,,,
2024-04-19,,31.1,30.79,31.42,30.52,1272200,39299504.0,,,,
2024-04-22,,30.32,31.51,31.71,30.25,1502950,46864336.0,,,,
2024-04-23,,31.3,30.73,31.38,30.41,1629500,50221824.0,,,,
2024-04-24,,30.73,27.88,30.81,27.66,9220930,263267104.0,,,,
2024-04-25,,27.35,27.7,27.98,26.81,4325280,118954992.0,,,,
2024-04-26,,27.05,27.3,27.38,26.78,4037962,109566952.0,,,,
2024-04-29,,27.32,27.63,27.84,27.24,4225636,116228680.0,,,,
2024-04-30,,27.6,26.95,27.62,26.82,3430030,92949600.0,,,,
2024-05-06,,27.16,26.78,27.16,26.4,3435606,91702712.0,,,,
2024-05-07,,26.8,26.69,26.83,26.55,2466610,65710204.0,,,,
2024-05-08,,26.69,26.24,26.78,26.0,2762100,72466608.0,,,,
2024-05-09,,26.24,26.12,26.4,26.08,3608300,94585688.0,,,,
2024-05-10,,26.13,26.36,26.4,26.1,4679050,122791240.0,,,,
2024-05-13,,26.37,25.22,26.37,25.15,5146380,131347696.0,,,,
2024-05-14,,25.05,25.59,25.69,25.01,2725329,69387032.0,,,,
2024-05-15,,25.58,25.47,25.81,25.34,1864200,47728336.0,,,,
2024-05-16,,25.56,25.61,25.79,25.33,2020400,51743068.0,,,,
2024-05-17,,25.69,25.6,25.77,25.44,1652984,42301520.0,,,,
2024-05-20,,25.94,26.22,26.29,25.81,3677029,95868640.0,,,,
2024-05-21,,26.1,26.09,26.26,25.82,2286526,59509692.0,,,,
2024-05-22,,26.02,25.79,26.15,25.63,2162390,55808960.0,,,,
2024-05-23,,25.79,25.5,25.79,25.39,1770400,45090968.0,,,,
2024-05-24,,25.48,25.68,25.83,25.08,1932290,49203964.0,,,,
2024-05-27,,25.69,25.34,25.8,25.16,1411090,35783372.0,,,,
2024-05-28,,25.12,25.09,25.38,25.09,1092380,27533012.0,,,,
2024-05-29,,25.17,24.78,25.25,24.74,2022720,50458496.0,,,,
2024-05-30,,24.72,24.46,24.85,24.42,1284500,31535230.0,,,,
2024-05-31,,24.54,24.56,24.74,24.35,975229,23893644.0,,,,
2024-06-03,,24.68,25.08,25.09,24.38,1428700,35236756.0,,,,
2024-06-04,,25.11,25.15,25.19,24.75,1385196,34615224.0,,,,
2024-06-05,,24.95,25.3,25.49,24.86,1637758,41446832.0,,,,
2024-06-06,,25.3,24.3,25.84,24.13,3302814,82383288.0,,,,
2024-06-07,,24.42,23.7,24.42,23.32,2423930,57429248.0,,,,
2024-06-11,,23.67,23.06,23.68,22.65,2671309,61573576.0,,,,
2024-06-12,,22.93,23.34,23.61,22.9,1606820,37495152.0,,,,
2024-06-13,,23.34,23.03,23.48,23.0,1016900,23523852.0,,,,
2024-06-14,,23.0,23.2,23.29,22.15,3525133,79808800.0,,,,
2024-06-17,,22.9,23.03,23.23,22.84,915540,21084892.0,,,,
2024-06-18,,23.0,22.75,23.15,22.67,1302540,29790956.0,,,,
2024-06-19,,22.75,22.86,23.05,22.58,1094040,24938816.0,,,,
2024-06-20,,22.85,23.64,24.65,22.72,6520059,154277904.0,,,,
2024-06-21,,23.08,23.43,23.78,23.07,2507404,58584816.0,,,,
2024-06-24,,23.24,22.23,23.39,22.23,2454910,55616688.0,,,,
2024-06-25,,22.2,22.24,22.66,22.03,2058439,45934060.0,,,,
2024-06-26,,22.09,22.03,22.37,21.69,2591500,56818000.0,,,,
2024-06-27,,22.0,21.74,22.11,21.71,1455500,31828170.0,,,,
2024-06-28,,21.62,21.36,21.84,21.3,1776540,38294436.0,,,,
2024-07-01,,21.34,21.58,21.69,21.3,1292340,27790364.0,,,,
2024-07-02,,21.62,21.06,21.85,20.98,2389216,51093512.0,,,,
2024-07-03,,21.11,20.59,21.47,20.51,2837899,59402072.0,,,,
2024-07-04,,20.5,20.11,20.58,20.02,2337030,47203224.0,,,,
2024-07-05,,20.09,20.07,20.21,19.88,2300899,46253068.0,,,,
2024-07-08,,20.0,19.06,20.08,18.97,2893250,56066440.0,,,,
2024-07-09,,19.1,19.34,19.39,19.04,2604774,50097056.0,,,,
2024-07-10,,19.17,19.49,19.7,19.02,1666400,32472816.0,,,,
2024-07-11,,19.66,20.0,20.05,19.51,2149100,42631464.0,,,,
2024-07-12,,20.01,19.81,20.37,19.7,1702500,34039444.0,,,,
2024-07-15,,19.86,19.32,19.88,19.24,1890880,36737480.0,,,,
2024-07-16,,19.23,19.3,19.4,19.1,1233300,23725236.0,,,,
2024-07-17,,19.2,19.35,19.48,19.16,1203800,23255816.0,,,,
2024-07-18,,19.21,19.21,19.25,18.92,1786200,34053912.0,,,,
2024-07-19,,18.88,18.64,18.89,18.46,1570997,29279350.0,,,,
2024-07-22,,18.64,18.69,18.87,18.4,1365600,25460898.0,,,,
2024-07-23,,18.69,18.18,18.85,18.17,1474630,27234568.0,,,,
2024-07-24,,18.14,17.84,18.29,17.8,2296564,41318216.0,,,,
2024-07-25,,17.71,17.53,17.92,17.47,2660683,46981504.0,,,,
2024-07-26,,17.58,17.92,18.0,17.45,2031761,36027168.0,,,,
2024-07-29,,17.97,17.89,18.12,17.59,1547230,27650796.0,,,,
2024-07-30,,17.75,18.01,18.03,17.74,786655,14090700.0,,,,
2024-07-31,,18.09,19.3,19.38,18.01,4960108,93974080.0,,,,
2024-08-01,,19.01,18.65,19.2,18.61,3321122,62552120.0,,,,
2024-08-02,,18.48,18.49,18.87,18.41,1738300,32458228.0,,,,
2024-08-05,,19.23,18.9,19.4,18.82,4258330,81380680.0,,,,
2024-08-06,,18.9,19.27,19.41,18.9,4854966,93192504.0,,,,
2024-08-07,,19.29,19.05,19.29,18.91,2303090,43869824.0,,,,
2024-08-08,,18.9,19.6,20.09,18.9,4868640,95212512.0,,,,
2024-08-09,,19.55,19.04,19.6,19.01,3713930,71728440.0,,,,
2024-08-12,,18.84,18.81,18.98,18.5,2095800,39341288.0,,,,
2024-08-13,,18.8,18.58,18.8,18.38,1444530,26743424.0,,,,
2024-08-14,,18.58,18.32,18.58,18.2,1338091,24537024.0,,,,
2024-08-15,,18.25,18.46,18.52,18.12,1247700,22936730.0,,,,
2024-08-16,,18.37,17.87,18.48,17.82,1697200,30675604.0,,,,
2024-08-19,,17.92,17.7,18.05,17.63,1388190,24786212.0,,,,
2024-08-20,,17.69,17.27,17.71,17.22,1274200,22153522.0,,,,
2024-08-21,,17.3,17.11,17.39,16.99,1167200,20090596.0,,,,
2024-08-22,,17.1,16.8,17.16,16.78,1199560,20306284.0,,,,
2024-08-23,,16.9,16.94,16.97,16.66,1156100,19459984.0,,,,
2024-08-26,,16.94,16.74,17.12,16.63,1216500,20457074.0,,,,
2024-08-27,,16.7,16.84,16.9,16.55,942300,15784567.0,,,,
2024-08-28,,16.82,16.96,17.05,16.65,996429,16822972.0,,,,
2024-08-29,,16.86,17.36,17.39,16.69,1416340,24267172.0,,,,
2024-08-30,,17.01,16.99,17.24,16.23,5946510,99333008.0,,,,
2024-09-02,,16.68,16.2,16.77,16.2,3134670,51641016.0,,,,
2024-09-03,,16.15,16.56,16.58,16.04,2774510,45668168.0,,,,
2024-09-04,,16.43,16.47,16.77,16.36,1423101,23551500.0,,,,
2024-09-05,,16.57,17.16,17.45,16.45,3563030,60666980.0,,,,
2024-09-06,,17.08,16.91,17.43,16.88,2512400,42891304.0,,,,
2024-09-09,,16.5,16.77,17.02,16.5,1875770,31516164.0,,,,
2024-09-10,,16.77,16.42,16.84,16.24,2637760,43387464.0,,,,
2024-09-11,,16.42,16.26,16.55,16.18,1112930,18150972.0,,,,
2024-09-12,,16.33,15.88,16.45,15.86,2059799,33191864.0,,,,
2024-09-13,,15.9,15.84,16.1,15.84,1414160,22555880.0,,,,
2024-09-18,,15.83,15.63,15.89,15.32,1394430,21621956.0,,,,
2024-09-19,,15.7,16.21,16.33,15.69,2328739,37572232.0,,,,
2024-09-20,,16.2,16.0,16.2,15.86,1302830,20868572.0,,,,
2024-09-23,,16.0,16.07,16.15,15.81,904600,14495739.0,,,,
2024-09-24,,16.22,17.0,17.0,16.22,4122669,68904320.0,,,,
2024-09-25,,17.23,17.71,17.99,17.15,5322740,93586944.0,,,,
2024-09-26,,17.71,19.21,19.44,17.61,7985110,149652000.0,,,,
2024-09-27,,19.95,20.36,20.53,19.11,5525200,109321360.0,,,,
2024-09-30,,21.5,22.4,22.4,20.88,8161239,178224208.0,,,,
2024-10-08,,24.48,21.53,24.48,20.8,12630619,281986336.0,,,,
2024-10-09,,21.2,19.38,21.2,19.38,6930720,137887504.0,,,,
2024-10-10,,19.2,19.7,20.09,19.11,3972243,78155856.0,,,,
2024-10-11,,19.7,19.43,19.7,19.04,2853982,55284060.0,,,,
2024-10-14,,19.39,19.15,19.39,18.5,3819769,72203536.0,,,,
2024-10-15,,18.94,18.53,18.99,18.52,2539200,47614928.0,,,,
2024-10-16,,18.38,18.29,18.6,18.08,2448500,44869060.0,,,,
2024-10-17,,18.35,17.96,18.56,17.94,3066826,55815824.0,,,,
2024-10-18,,17.8,18.31,18.52,17.73,3691962,66799712.0,,,,
2024-10-21,,18.29,18.77,18.92,18.26,4307618,80277152.0,,,,
2024-10-22,,18.71,19.81,19.86,18.55,5948700,114580392.0,,,,
2024-10-23,,19.81,20.02,20.52,19.55,5464421,110271112.0,,,,
2024-10-24,,19.99,19.96,20.25,19.56,2974350,59184748.0,,,,
2024-10-25,,19.96,20.16,20.29,19.8,2205174,44304332.0,,,,
2024-10-28,,19.65,21.45,21.5,19.52,5956932,125066288.0,,,,
2024-10-29,,21.3,20.6,21.57,20.53,4150650,87023008.0,,,,
2024-10-30,,20.55,20.72,20.89,20.31,1982187,40874640.0,,,,
2024-10-31,,20.72,20.13,20.72,19.9,3729403,75187968.0,,,,
2024-11-01,,20.09,20.23,20.64,19.6,3548976,71797432.0,,,,
2024-11-04,,20.9,20.96,21.36,20.35,3304949,69144776.0,,,,
2024-11-05,,20.86,21.2,21.34,20.58,3476280,72807168.0,,,,
2024-11-06,,21.2,21.33,21.56,20.91,2328669,49506860.0,,,,
2024-11-07,,21.32,23.2,23.3,21.16,8356906,188594320.0,,,,
2024-11-08,,23.23,23.83,23.98,22.2,6091732,139933712.0,,,,
2024-11-11,,23.18,23.09,23.76,22.74,3264166,75495648.0,,,,
2024-11-12,,23.03,22.85,23.79,22.67,2738560,63434860.0,,,,
2024-11-13,,23.0,22.41,23.2,22.01,2252740,50330172.0,,,,
2024-11-14,,22.28,22.02,22.5,22.0,1055010,23460616.0,,,,
2024-11-15,,22.1,23.2,24.22,21.8,11226770,266083584.0,,,,
2024-11-18,,23.1,24.09,24.39,22.42,10190141,239916544.0,,,,
2024-11-19,,23.9,23.96,23.99,22.76,6098700,143412512.0,,,,
2024-11-20,,23.92,23.77,24.19,23.45,5346730,127223664.0,,,,
2024-11-21,,24.24,23.48,24.54,23.08,5433771,129696560.0,,,,
2024-11-22,,22.68,22.63,23.24,22.48,3501590,79594880.0,,,,
2024-11-25,,22.4,21.87,23.0,21.52,3684430,81886192.0,,,,
2024-11-26,,21.8,21.71,22.08,21.43,2195100,47728076.0,,,,
2024-11-27,,21.56,21.95,22.08,21.17,2737200,59203100.0,,,,
2024-11-28,,21.88,23.04,23.61,21.88,5280841,120915264.0,,,,
2024-11-29,,23.1,25.34,25.34,22.95,12095840,299775808.0,,,,
2024-12-02,,25.3,26.08,27.87,24.6,13981060,365342656.0,,,,
2024-12-03,,25.95,25.04,26.5,24.88,9756901,248572224.0,,,,
2024-12-04,,24.84,24.41,25.57,24.26,6536800,162964784.0,,,,
2024-12-05,,24.32,24.65,24.8,23.72,6425721,155974288.0,,,,
2024-12-06,,24.5,25.31,25.66,24.18,7960820,198527824.0,,,,
2024-12-09,,25.01,25.06,25.63,24.5,4848720,121189936.0,,,,
2024-12-10,,26.48,27.57,27.57,25.5,18500378,505873984.0,,,,
2024-12-11,,26.72,29.04,29.9,26.6,19363884,538273280.0,,,,
2024-12-12,,28.2,28.73,29.94,27.21,15820365,447234688.0,,,,
2024-12-13,,28.19,27.95,29.9,27.28,9074440,255658016.0,,,,
2024-12-16,,28.0,27.67,28.79,27.1,6501054,180933088.0,,,,
2024-12-17,,27.31,25.97,27.31,25.6,5311953,139478176.0,,,,
2024-12-18,,25.97,25.85,26.2,25.01,4264600,109441512.0,,,,
2024-12-19,,25.26,27.0,27.11,25.03,6296574,165525344.0,,,,
2024-12-20,,27.0,26.85,27.38,26.71,3459430,93381040.0,,,,
2024-12-23,,26.76,24.98,27.25,24.93,3839019,99151408.0,,,,
2024-12-24,,24.98,23.99,25.4,23.76,6590916,159969536.0,,,,
2024-12-25,,24.13,23.4,24.2,22.96,4183246,97890840.0,,,,
2024-12-26,,23.43,24.08,24.1,23.36,3435953,81536504.0,,,,
2024-12-27,,23.87,24.4,24.7,23.7,4097950,99646080.0,,,,
2024-12-30,,24.38,24.73,24.8,23.75,2898913,70582888.0,,,,
2024-12-31,,24.67,24.51,25.27,24.4,4023940,100282432.0,,,,
2025-01-02,,24.17,24.81,25.88,24.17,4888499,123072528.0,,,,
2025-01-03,,24.71,23.45,24.71,23.29,3950087,93263072.0,,,,
2025-01-06,,23.15,21.68,23.25,21.47,5220554,116004944.0,,,,
2025-01-07,,21.53,21.45,21.95,21.08,4765086,102186840.0,,,,
2025-01-08,,21.53,22.22,22.38,21.41,5131500,112475336.0,,,,
2025-01-09,,21.94,21.06,22.45,21.01,4578900,98581504.0,,,,
2025-01-10,,20.85,21.59,21.76,20.79,4802131,102161792.0,,,,
2025-01-13,,21.25,21.93,22.15,21.0,2661800,57828260.0,,,,
2025-01-14,,21.9,23.34,23.9,21.9,5258400,122284912.0,,,,
2025-01-15,,22.8,23.01,23.6,22.69,2233675,51679672.0,,,,
2025-01-16,,23.0,23.22,23.4,22.88,2356555,54556908.0,,,,
2025-01-17,,23.05,23.38,24.4,22.2,4572867,106579536.0,,,,
2025-01-20,,23.1,23.09,23.78,23.01,2573271,59949712.0,,,,
2025-01-21,,23.02,22.05,23.29,21.78,3873740,86398120.0,,,,
2025-01-22,,22.03,21.02,22.03,20.88,4651251,98560512.0,,,,
2025-01-23,,21.28,22.11,22.56,20.9,5197346,113212520.0,,,,
2025-01-24,,21.85,22.17,22.34,21.53,3678219,80686808.0,,,,
2025-01-27,,22.39,21.66,22.55,21.52,1751300,38558700.0,,,,
2025-02-05,,21.63,20.68,21.66,19.88,4731970,97365696.0,,,,
2025-02-06,,20.5,20.86,21.15,20.31,1959636,40751672.0,,,,
2025-02-07,,20.8,21.3,21.6,20.63,4140237,87491280.0,,,,
2025-02-10,,21.3,22.04,22.1,21.06,2987599,64788480.0,,,,
2025-02-11,,22.09,21.45,22.1,21.38,2073300,44957340.0,,,,
2025-02-12,,21.61,21.63,21.76,21.35,1719890,37013272.0,,,,
2025-02-13,,21.48,20.94,21.71,20.91,3009176,63711240.0,,,,
2025-02-14,,20.94,21.15,21.33,20.8,2523700,53052076.0,,,,
2025-02-17,,21.09,21.56,21.72,20.6,3577862,76044464.0,,,,
2025-02-18,,21.54,20.5,21.54,20.46,2934620,61175448.0,,,,
2025-02-19,,20.51,20.49,20.66,20.25,2061989,42069692.0,,,,
2025-02-20,,20.59,20.76,21.25,20.37,3006751,62834168.0,,,,
2025-02-21,,20.8,20.4,20.9,20.0,3986114,80970000.0,,,,
2025-02-24,,20.36,20.26,20.63,20.14,2467964,50181036.0,,,,
2025-02-25,,20.08,20.03,20.24,19.79,3737739,74634920.0,,,,
2025-02-26,,20.0,20.21,20.29,19.95,2720310,54786708.0,,,,
2025-02-27,,20.36,22.23,22.23,20.23,8408801,182873136.0,,,,
2025-02-28,,22.01,21.55,22.66,21.51,8213119,182071440.0,,,,
2025-03-03,,21.46,21.27,22.15,21.11,4377071,94615864.0,,,,
2025-03-04,,21.29,21.86,22.3,20.97,5751800,124433664.0,,,,
2025-03-05,,21.7,22.02,22.23,21.62,3887850,85256560.0,,,,
2025-03-06,,21.91,22.44,22.8,21.68,6040399,134678912.0,,,,
2025-03-07,,22.5,22.22,22.51,22.12,2595930,57916780.0,,,,
2025-03-10,,21.9,22.5,22.58,21.89,2450930,54452340.0,,,,
2025-03-11,,22.22,22.26,22.31,21.8,2692800,59399000.0,,,,
2025-03-12,,22.26,21.91,22.36,21.83,2496640,54893456.0,,,,
2025-03-13,,21.8,21.66,21.88,21.32,2777191,59787904.0,,,,
2025-03-14,,21.78,22.97,23.05,21.68,7686917,173524976.0,,,,
2025-03-17,,24.0,22.65,24.0,22.45,6478750,148014928.0,,,,
2025-03-18,,22.65,22.4,22.76,22.21,3467600,77574240.0,,,,
2025-03-19,,22.31,22.77,23.26,22.05,4968100,113473056.0,,,,
2025-03-20,,22.55,22.37,23.22,22.2,3378168,76781952.0,,,,
2025-03-21,,22.13,22.31,22.57,22.02,2520840,56152488.0,,,,
2025-03-24,,22.3,22.63,23.2,22.22,5924556,134939408.0,,,,
2025-03-25,,22.3,21.65,22.41,21.58,5461946,119668832.0,,,,
2025-03-26,,21.52,21.65,21.82,21.24,2710195,58461704.0,,,,
2025-03-27,,21.54,21.29,22.33,21.2,3682010,79343944.0,,,,
2025-03-28,,21.1,20.67,21.26,20.61,2923314,61044020.0,,,,
2025-03-31,,20.59,20.28,20.7,19.93,2706883,54826116.0,,,,
2025-04-01,,20.28,20.4,20.6,20.19,2145350,43762536.0,,,,
2025-04-02,,20.4,20.24,20.5,20.2,2330883,47393192.0,,,,
2025-04-03,,20.01,20.93,21.32,20.01,4495949,93867424.0,,,,
2025-04-07,,20.01,18.84,20.48,18.84,5340629,104181072.0,,,,
2025-04-08,,18.84,20.43,20.55,18.84,5568550,111419296.0,,,,
2025-04-09,,20.33,21.27,21.6,19.88,6097124,126575344.0,,,,
2025-04-10,,21.1,21.58,21.72,20.64,5951079,127227376.0,,,,
2025-04-11,,21.21,21.15,21.65,21.07,3025220,64352508.0,,,,
2025-04-14,,21.17,21.32,21.79,21.15,3027300,65021168.0,,,,
2025-04-15,,21.4,21.17,21.87,20.87,3238940,69036512.0,,,,
2025-04-16,,20.99,22.15,22.88,20.89,9011550,198406992.0,,,,
2025-04-17,,21.9,23.31,24.37,21.8,13516559,313743520.0,,,,
2025-04-18,,22.89,21.76,23.3,21.56,9248989,205324112.0,,,,
2025-04-21,,21.71,21.92,21.99,21.11,5934239,127754152.0,,,,
2025-04-22,,21.5,21.5,21.91,21.28,5349659,115728968.0,,,,
2025-04-23,,21.5,20.88,21.61,20.8,4704823,99350672.0,,,,
2025-04-24,,20.8,20.85,21.06,20.68,2654798,55373380.0,,,,
2025-04-25,,20.88,20.99,21.17,20.73,2911470,61157984.0,,,,
2025-04-28,,21.19,20.33,21.19,19.96,3680191,75214328.0,,,,
2025-04-29,,20.26,21.32,21.95,20.0,6873057,146617296.0,,,,
2025-04-30,,21.02,21.37,21.76,21.02,3009333,64395352.0,,,,
2025-05-06,,21.37,21.35,21.4,20.7,3005060,63424660.0,,,,
2025-05-07,,21.5,21.75,22.27,21.4,4783300,104218376.0,,,,
2025-05-08,,21.53,21.67,21.81,21.45,1882052,40817656.0,,,,
2025-05-09,,21.7,21.34,21.85,21.3,1527993,32806452.0,,,,
2025-05-12,,21.4,21.53,21.72,21.19,2283200,48979360.0,,,,
2025-05-13,,21.8,22.45,22.68,21.48,4984185,110505440.0,,,,
2025-05-14,,22.38,22.26,22.45,22.08,2566232,57076056.0,,,,
2025-05-15,,22.23,22.02,22.24,21.66,2486849,54571408.0,,,,
2025-05-16,,21.93,21.83,22.08,21.76,1491599,32621180.0,,,,
2025-05-19,,21.79,22.96,23.0,21.75,4751094,107569136.0,,,,
2025-05-20,,22.8,22.62,23.18,22.57,2367690,53956400.0,,,,
2025-05-21,,22.52,22.23,22.7,22.09,2200478,49116492.0,,,,
2025-05-22,,22.23,22.19,22.77,22.09,2940574,65767644.0,,,,
2025-05-23,,22.14,22.08,22.72,22.0,3321964,74374624.0,,,,
2025-05-26,,22.0,22.14,22.25,21.5,3922129,85731936.0,,,,
2025-05-27,,22.11,21.47,22.4,21.31,3877900,83902552.0,,,,
2025-05-28,,21.41,21.06,21.57,21.04,2532383,53701964.0,,,,
2025-05-29,,21.04,21.33,21.47,20.87,2344258,49871684.0,,,,
2025-05-30,,21.32,20.89,21.4,20.82,1914947,40325552.0,,,,
2025-06-03,,20.81,21.12,21.27,20.81,1785793,37556024.0,,,,
2025-06-04,,20.97,21.41,21.54,20.97,1850939,39509812.0,,,,
2025-06-05,,21.32,21.6,22.13,21.32,3319860,72331320.0,,,,
2025-06-06,,21.53,20.94,21.56,20.7,4741587,99482440.0,,,,
2025-06-09,,20.86,20.96,21.11,20.71,2129100,44477704.0,,,,
2025-06-10,,20.96,20.83,21.2,20.55,2304341,48061604.0,,,,
2025-06-11,,20.73,20.83,21.15,20.73,2276600,47623048.0,,,,
2025-06-12,,20.81,20.54,20.84,20.38,2380320,48954816.0,,,,
2025-06-13,,20.43,19.6,20.44,19.11,7117577,139631456.0,,,,
2025-06-16,,19.3,19.38,19.4,19.1,2819515,54354264.0,,,,
2025-06-17,,19.39,19.3,19.45,19.23,2039281,39382428.0,,,,
2025-06-18,,19.4,19.57,19.95,19.31,2657219,51929128.0,,,,
2025-06-19,,19.45,19.2,19.68,19.12,2640980,51314640.0,,,,
2025-06-20,,19.28,18.89,19.28,18.8,2385238,45248336.0,,,,
2025-06-23,,18.73,18.83,18.93,18.6,1723825,32356902.0,,,,
2025-06-24,,18.9,19.03,19.06,18.9,2202829,41845664.0,,,,
2025-06-25,,19.2,19.24,19.27,18.96,2540536,48569240.0,,,,
2025-06-26,,19.24,19.41,19.51,19.11,3734819,72124752.0,,,,
2025-06-27,,19.26,19.35,19.43,19.18,2180151,42096568.0,,,,
2025-06-30,,19.35,19.3,19.36,19.23,1897159,36595304.0,,,,
2025-07-01,,19.36,19.35,19.53,19.3,2164429,42002704.0,,,,
2025-07-02,,19.31,19.13,19.34,19.05,2444610,46957008.0,,,,
2025-07-03,,19.15,19.17,19.33,19.12,1904249,36560500.0,,,,
2025-07-04,,19.17,19.01,19.19,19.01,1822765,34746200.0,,,,
2025-07-07,,19.11,19.07,19.25,18.96,1363200,26050458.0,,,,
2025-07-08,,19.01,19.02,19.05,18.88,1575322,29910544.0,,,,
2025-07-09,,19.02,19.05,19.15,18.97,2030991,38697616.0,,,,
2025-07-10,,18.99,19.07,19.07,18.95,1768064,33623704.0,,,,
2025-07-11,,19.08,19.21,19.22,19.03,2826110,54079024.0,,,,
2025-07-14,,19.3,19.16,19.35,19.14,1709100,32802770.0,,,,
2025-07-15,,19.12,18.9,19.17,18.78,2191398,41468544.0,,,,
2025-07-16,,18.88,19.1,19.14,18.82,2049228,39065324.0,,,,
2025-07-17,,19.1,19.11,19.25,19.05,2073030,39673572.0,,,,
2025-07-18,,19.13,19.19,19.2,19.08,1792687,34318808.0,,,,
2025-07-21,,19.18,19.32,19.37,19.11,2527299,48752856.0,,,,
2025-07-22,,19.37,19.39,19.39,19.2,2129665,41107112.0,,,,
2025-07-23,,19.4,19.25,19.48,19.18,3216877,62243232.0,,,,
2025-07-24,,19.28,19.58,19.59,19.25,3253860,63327564.0,,,,
2025-07-25,,19.65,19.5,19.72,19.45,2682152,52369796.0,,,,
2025-07-28,,19.53,19.53,19.55,19.36,2571874,50026432.0,,,,
2025-07-29,,19.53,19.43,19.62,19.31,2113791,40999056.0,,,,
2025-07-30,,19.41,19.5,19.55,19.32,2523495,49141216.0,,,,
2025-07-31,,19.39,19.13,19.5,19.06,2681789,51556376.0,,,,
2025-08-01,,19.15,19.06,19.26,18.99,2196962,41978248.0,,,,
2025-08-04,,18.95,19.01,19.03,18.87,1933614,36632072.0,,,,
2025-08-05,,19.01,19.2,19.2,18.92,1348800,25763238.0,,,,
2025-08-06,,19.28,19.49,19.85,19.1,5687187,110624352.0,,,,
2025-08-07,,19.56,19.32,19.56,19.2,3049364,58960204.0,,,,
2025-08-08,,19.32,19.37,19.49,19.23,2781510,53962836.0,,,,
2025-08-11,,19.4,19.53,19.65,19.26,2833368,55132408.0,,,,
2025-08-12,,19.49,19.38,19.62,19.35,2728344,52996576.0,,,,
2025-08-13,,19.74,19.65,19.95,19.37,6300352,123628392.0,,,,
2025-08-14,,19.55,19.48,19.95,19.44,4987414,98013832.0,,,,
2025-08-15,,19.42,19.69,19.75,19.34,4475254,87632080.0,,,,
2025-08-18,,19.7,19.78,19.88,19.67,4436322,87816360.0,,,,
2025-08-19,,19.84,20.09,20.14,19.7,5497118,109641504.0,,,,
2025-08-20,,20.01,20.73,21.2,19.85,10006094,206468672.0,,,,
2025-08-21,,20.45,20.44,20.77,20.34,5923261,121363432.0,,,,
2025-08-22,,20.44,20.49,20.61,20.31,3857667,78895200.0,,,,
2025-08-25,,20.57,20.86,20.98,20.41,6631077,137258256.0,,,,
2025-08-26,,20.7,20.79,21.18,20.64,5385861,112545264.0,,,,
2025-08-27,,20.67,20.22,20.79,20.19,5487092,112510608.0,,,,
2025-08-28,,20.19,20.49,20.72,20.0,5390088,110103104.0,,,,
2025-08-29,,20.42,21.1,21.21,20.42,8982544,188730288.0,,,,
2025-09-01,,21.22,21.61,21.62,21.03,7434013,159240272.0,,,,
2025-09-02,,21.55,21.37,21.72,21.18,6358414,136572976.0,,,,
2025-09-03,,22.5,20.6,22.99,20.35,10035665,215667264.0,,,,
2025-09-04,,20.8,21.24,21.3,20.34,9588455,200326848.0,,,,
2025-09-05,,21.0,21.5,21.75,20.45,10534262,222316944.0,,,,
2025-09-08,,21.4,21.41,21.99,21.38,7631300,164989072.0,,,,
2025-09-09,,21.39,21.22,21.49,21.14,3850301,81900384.0,,,,
2025-09-10,,21.05,21.45,21.64,21.05,4697485,100676576.0,,,,
2025-09-11,,21.37,21.29,21.44,20.9,4169555,88069504.0,,,,
2025-09-12,,21.27,20.79,21.38,20.72,4750200,99554192.0,,,,
2025-09-15,,20.75,20.91,21.18,20.71,4998661,104789576.0,,,,
2025-09-16,,20.89,20.85,21.22,20.62,5047580,105337544.0,,,,
2025-09-17,,20.91,20.35,20.93,20.25,5190589,106240464.0,,,,
2025-09-18,,20.37,20.49,20.78,20.2,5786766,118564872.0,,,,
2025-09-19,,20.35,21.22,21.68,20.26,9480554,198803680.0,,,,
2025-09-22,,21.22,20.68,21.22,20.31,6160490,126961664.0,,,,
2025-09-23,,20.63,20.02,20.66,19.75,4343916,87082800.0,,,,
2025-09-24,,19.9,19.98,20.12,19.75,2438600,48637816.0,,,,
2025-09-25,,19.88,20.06,20.13,19.76,2271697,45317592.0,,,,
2025-09-26,,19.96,19.61,19.96,19.51,3183432,62627260.0,,,,
2025-09-29,,19.66,19.9,19.95,19.28,2934122,57807224.0,,,,
2025-09-30,,19.9,19.94,20.3,19.76,2600060,52034192.0,,,,
2025-10-09,,19.98,19.3,20.0,19.12,4492464,86676688.0,,,,
2025-10-10,,19.21,19.42,19.55,19.21,2055404,39888856.0,,,,
2025-10-13,,19.06,19.18,19.24,18.92,2104495,40124916.0,,,,
2025-10-14,,19.18,19.31,19.44,19.18,2087800,40364616.0,,,,
2025-10-15,,19.31,19.42,19.5,19.26,1187810,23040044.0,,,,
2025-10-16,,19.42,19.28,19.54,19.23,1079300,20887696.0,,,,
2025-10-17,,19.3,19.05,19.47,19.03,1911240,36790992.0,,,,
2025-10-20,,19.05,19.13,19.24,19.05,1129564,21604412.0,,,,
2025-10-21,,19.15,19.18,19.2,19.06,1133926,21702366.0,,,,
2025-10-22,,19.17,19.14,19.31,19.1,971045,18661368.0,,,,
2025-10-23,,19.11,19.31,19.32,19.04,1270610,24374458.0,,,,
2025-10-24,,19.29,19.18,19.49,19.14,1723968,33181268.0,,,,
2025-10-27,,19.03,19.18,19.28,19.03,1368100,26260430.0,,,,
2025-10-28,,19.18,19.39,19.75,19.12,2069862,40172016.0,,,,
2025-10-29,,19.47,19.3,19.47,19.1,1940938,37268632.0,,,,
2025-10-30,,18.77,18.82,18.96,18.7,2370600,44650108.0,,,,
2025-10-31,,18.8,18.91,18.99,18.78,1724359,32628158.0,,,,
2025-11-03,,18.93,18.78,18.99,18.66,1884529,35345400.0,,,,
2025-11-04,,18.81,18.86,18.99,18.75,1654380,31195788.0,,,,
2025-11-05,,18.81,19.07,19.28,18.76,2523479,48235448.0,,,,
2025-11-06,,19.04,19.02,19.1,18.83,1409799,26747822.0,,,,
2025-11-07,,19.0,19.2,19.39,18.95,2543240,48888832.0,,,,
2025-11-10,,19.19,19.85,20.06,19.11,6261860,123633896.0,,,,
2025-11-11,,19.86,20.03,20.1,19.58,4476990,89288976.0,,,,
2025-11-12,,19.83,20.03,20.53,19.83,4027126,81527352.0,,,,
2025-11-13,,19.95,20.24,20.35,19.83,2953800,59322840.0,,,,
2025-11-14,,20.16,20.02,20.51,19.96,3034834,61255404.0,,,,
2025-11-17,,20.0,20.28,20.48,19.87,3098264,62530344.0,,,,
2025-11-18,,20.17,19.97,20.48,19.83,2066909,41349752.0,,,,
2025-11-19,,19.98,19.78,20.21,19.72,2374780,47120900.0,,,,
2025-11-20,,19.66,19.4,19.84,19.25,2102814,40852748.0,,,,
2025-11-21,,19.21,18.68,19.47,18.63,2750014,52067128.0,,,,
2025-11-24,,18.75,19.01,19.18,18.74,1828516,34723940.0,,,,
2025-11-25,,19.11,19.0,19.23,18.9,1388900,26535988.0,,,,
2025-11-26,,19.0,18.91,19.29,18.82,1485130,28197968.0,,,,
2025-11-27,,18.96,18.84,19.16,18.74,2445100,46317680.0,,,,
2025-11-28,,18.88,18.95,19.05,18.7,1644213,30970732.0,,,,
2025-12-01,,19.31,19.89,20.85,19.09,9977590,201168880.0,,,,
2025-12-02,,20.05,21.88,21.88,19.7,21184470,454119840.0,,,,
2025-12-03,,22.42,24.07,24.07,20.72,35782796,800101376.0,,,,
2025-12-04,,24.5,21.66,25.0,21.66,28187696,636549248.0,,,,
2025-12-05,,20.5,20.71,21.1,20.27,21342570,439391296.0,,,,
2025-12-08,,20.5,20.92,20.94,20.24,15839819,325848032.0,,,,
2025-12-09,,20.54,20.13,20.78,20.11,12066630,246282896.0,,,,
2025-12-10,,19.93,20.2,20.48,19.83,9776340,196829168.0,,,,
2025-12-11,,20.19,19.24,20.19,19.22,10559520,206506656.0,,,,
2025-12-12,,19.05,19.41,19.54,19.05,6485930,125346568.0,,,,
2025-12-15,,19.41,19.73,19.98,19.3,7079500,139255792.0,,,,
2025-12-16,,19.76,20.23,20.3,19.64,11827681,237498624.0,,,,
2025-12-17,,20.23,20.31,20.6,19.71,10699503,217094096.0,,,,
2025-12-18,,20.1,20.18,20.53,19.87,7140130,144430064.0,,,,
2025-12-19,,20.18,20.62,20.66,19.98,8556920,174940368.0,,,,
2025-12-22,,20.62,20.4,20.69,20.2,7172928,146138064.0,,,,
2025-12-23,,20.27,19.82,20.29,19.76,7306430,145828352.0,,,,
2025-12-24,,19.71,19.62,19.81,19.4,5324300,104333184.0,,,,
2025-12-25,,19.6,19.9,19.91,19.46,5881548,115942568.0,,,,
2025-12-26,,19.8,19.48,19.85,19.41,6478400,126990312.0,,,,
2025-12-29,,19.45,19.32,19.54,19.3,3271780,63422364.0,,,,
2025-12-30,,19.3,19.03,19.3,18.95,6711789,127848600.0,,,,
2025-12-31,,18.99,19.22,19.27,18.96,4231100,81018504.0,,,,
2026-01-05,,19.16,19.25,19.25,19.02,3803219,72836144.0,,,,
2026-01-06,,19.36,19.33,19.36,19.18,4686330,90298304.0,,,,
2026-01-07,,19.31,19.68,19.87,19.25,8260220,162016368.0,,,,
2026-01-08,,19.61,19.57,19.61,19.4,4197400,81827000.0,,,,
2026-01-09,,19.55,19.57,19.63,19.45,4158700,81225280.0,,,,
2026-01-12,,19.51,19.94,19.94,19.51,7624739,150870112.0,,,,
2026-01-13,,19.95,19.64,20.08,19.59,5390830,106796408.0,,,,
2026-01-14,,19.59,19.93,20.03,19.43,6864089,135504816.0,,,,
2026-01-15,,20.02,20.39,20.4,19.86,10289473,207438016.0,,,,
2026-01-16,,20.13,19.93,20.15,19.74,6399100,127525448.0,,,,
2026-01-19,,19.88,20.29,20.5,19.76,8078606,163418752.0,,,,
2026-01-20,,20.29,20.16,20.38,20.09,4226930,85430128.0,,,,
2026-01-21,,20.1,19.89,20.1,19.8,4577330,91063008.0,,,,
2026-01-22,,19.94,19.93,20.09,19.78,3627819,72276128.0,,,,
